year,class,rank,bib,team,time,time_seconds,source_url
2026,kvinner elite,1,,SK Vidar K Elite 1 (),0:55:42,3342.0,https://www.sportsidioten.no/resultater/kvinner-elite-holmenkollstafetten-2026/
2026,kvinner elite,2,,IK Tjalve (),0:56:26,3386.0,https://www.sportsidioten.no/resultater/kvinner-elite-holmenkollstafetten-2026/
2026,kvinner elite,3,,Hälle IF (),0:59:02,3542.0,https://www.sportsidioten.no/resultater/kvinner-elite-holmenkollstafetten-2026/
2026,kvinner elite,4,,Idrottslaget Gular 2 (),0:59:45,3585.0,https://www.sportsidioten.no/resultater/kvinner-elite-holmenkollstafetten-2026/
2026,kvinner elite,5,,Varegg Fleridrett 2 (),1:00:03,3603.0,https://www.sportsidioten.no/resultater/kvinner-elite-holmenkollstafetten-2026/
2026,kvinner elite,6,,Bratsberg IL 3 (),1:00:31,3631.0,https://www.sportsidioten.no/resultater/kvinner-elite-holmenkollstafetten-2026/
2026,kvinner elite,7,,Mölndals AIK (),1:00:56,3656.0,https://www.sportsidioten.no/resultater/kvinner-elite-holmenkollstafetten-2026/
2026,kvinner elite,8,,SK Vidar K Elite 2 (),1:00:59,3659.0,https://www.sportsidioten.no/resultater/kvinner-elite-holmenkollstafetten-2026/
2026,kvinner elite,9,,Ullensaker/Kisa IL Friidrett 7 (),1:01:16,3676.0,https://www.sportsidioten.no/resultater/kvinner-elite-holmenkollstafetten-2026/
2026,kvinner elite,10,,Raumnes & Årnes IL (),1:02:10,3730.0,https://www.sportsidioten.no/resultater/kvinner-elite-holmenkollstafetten-2026/
2026,kvinner elite,11,,Strindheim IL 2 (),1:02:53,3773.0,https://www.sportsidioten.no/resultater/kvinner-elite-holmenkollstafetten-2026/
2026,kvinner elite,12,,Sandefjord TIF (),1:03:03,3783.0,https://www.sportsidioten.no/resultater/kvinner-elite-holmenkollstafetten-2026/
2026,kvinner elite,13,,Spirit friidrett 7 (),1:03:13,3793.0,https://www.sportsidioten.no/resultater/kvinner-elite-holmenkollstafetten-2026/
2026,kvinner elite,14,,SK Vidar K Elite 3 (),1:03:29,3809.0,https://www.sportsidioten.no/resultater/kvinner-elite-holmenkollstafetten-2026/
2026,kvinner elite,15,,Kjelsås Langrenn (),1:04:04,3844.0,https://www.sportsidioten.no/resultater/kvinner-elite-holmenkollstafetten-2026/
2026,kvinner elite,16,,Tyrving IL (),1:04:15,3855.0,https://www.sportsidioten.no/resultater/kvinner-elite-holmenkollstafetten-2026/
2026,kvinner elite,17,,Sørild Friidrettsklubb 2 (),1:04:53,3893.0,https://www.sportsidioten.no/resultater/kvinner-elite-holmenkollstafetten-2026/
2026,kvinner elite,18,,IK Tjalve 4 (),1:05:09,3909.0,https://www.sportsidioten.no/resultater/kvinner-elite-holmenkollstafetten-2026/
2026,kvinner elite,19,,Steinkjer Friidrettsklubb 2 (),1:05:19,3919.0,https://www.sportsidioten.no/resultater/kvinner-elite-holmenkollstafetten-2026/
2026,kvinner elite,20,,Moelven IL Friidrett (),1:05:34,3934.0,https://www.sportsidioten.no/resultater/kvinner-elite-holmenkollstafetten-2026/
2026,kvinner elite,21,,FIK Ren-Eng (),1:05:50,3950.0,https://www.sportsidioten.no/resultater/kvinner-elite-holmenkollstafetten-2026/
2026,kvinner elite,22,,IL i BUL 3 (),1:05:51,3951.0,https://www.sportsidioten.no/resultater/kvinner-elite-holmenkollstafetten-2026/
2026,kvinner elite,23,,Nittedal IL 2 (),1:05:55,3955.0,https://www.sportsidioten.no/resultater/kvinner-elite-holmenkollstafetten-2026/
2026,kvinner elite,24,,Namdal løpeklubb elite damer (),1:06:25,3985.0,https://www.sportsidioten.no/resultater/kvinner-elite-holmenkollstafetten-2026/
2026,kvinner elite,25,,OSI Friidrett K Student (),1:06:58,4018.0,https://www.sportsidioten.no/resultater/kvinner-elite-holmenkollstafetten-2026/
2026,menn elite,1,,Ullensaker/Kisa IL Friidrett 1 (),0:48:45,2925.0,https://www.sportsidioten.no/resultater/menn-elite-holmenkollstafetten-2026/
2026,menn elite,2,,SK Vidar M Elite 1 (),0:49:28,2968.0,https://www.sportsidioten.no/resultater/menn-elite-holmenkollstafetten-2026/
2026,menn elite,3,,IK Tjalve 1 (),0:49:39,2979.0,https://www.sportsidioten.no/resultater/menn-elite-holmenkollstafetten-2026/
2026,menn elite,4,,IL i BUL 1 (),0:49:41,2981.0,https://www.sportsidioten.no/resultater/menn-elite-holmenkollstafetten-2026/
2026,menn elite,5,,Hälle IF (),0:50:22,3022.0,https://www.sportsidioten.no/resultater/menn-elite-holmenkollstafetten-2026/
2026,menn elite,6,,IL Gneist (),0:51:01,3061.0,https://www.sportsidioten.no/resultater/menn-elite-holmenkollstafetten-2026/
2026,menn elite,7,,Jølster Idrettslag – Friidrett 2 (),0:51:10,3070.0,https://www.sportsidioten.no/resultater/menn-elite-holmenkollstafetten-2026/
2026,menn elite,8,,Kjelsås Langrenn (),0:51:37,3097.0,https://www.sportsidioten.no/resultater/menn-elite-holmenkollstafetten-2026/
2026,menn elite,9,,Heming Elite (),0:51:47,3107.0,https://www.sportsidioten.no/resultater/menn-elite-holmenkollstafetten-2026/
2026,menn elite,10,,Idrottslaget Gular 1 (),0:51:59,3119.0,https://www.sportsidioten.no/resultater/menn-elite-holmenkollstafetten-2026/
2026,menn elite,11,,Svorkmo/NOI 1 (),0:52:21,3141.0,https://www.sportsidioten.no/resultater/menn-elite-holmenkollstafetten-2026/
2026,menn elite,12,,Haugesund IL Friidrett (),0:52:23,3143.0,https://www.sportsidioten.no/resultater/menn-elite-holmenkollstafetten-2026/
2026,menn elite,13,,IF Kamp/Vestheim (),0:52:54,3174.0,https://www.sportsidioten.no/resultater/menn-elite-holmenkollstafetten-2026/
2026,menn elite,14,,Lillehammer IF (),0:53:12,3192.0,https://www.sportsidioten.no/resultater/menn-elite-holmenkollstafetten-2026/
2026,menn elite,15,,Varegg Fleridrett 1 (),0:53:16,3196.0,https://www.sportsidioten.no/resultater/menn-elite-holmenkollstafetten-2026/
2026,menn elite,16,,SK Vidar M Elite 2 (),0:53:17,3197.0,https://www.sportsidioten.no/resultater/menn-elite-holmenkollstafetten-2026/
2026,menn elite,17,,Namdal løpeklubb elite Herrer (),0:53:40,3220.0,https://www.sportsidioten.no/resultater/menn-elite-holmenkollstafetten-2026/
2026,menn elite,18,,Mosvik IL Friidrett (),0:53:45,3225.0,https://www.sportsidioten.no/resultater/menn-elite-holmenkollstafetten-2026/
2026,menn elite,19,,Tyrving IL (),0:54:01,3241.0,https://www.sportsidioten.no/resultater/menn-elite-holmenkollstafetten-2026/
2025,bedrift og mosjonslag mix flest kvinner,1,8207,Colosseum Tannlege 4 (Colosseum Tannlege),0:55:53,3353.0,https://www.sportsidioten.no/resultater/bedrift-og-mosjonslag-mix-flest-kvinner-holmenkollstafetten-2025/
2025,bedrift og mosjonslag mix flest kvinner,2,12228,Fiskebeinern SK,0:57:24,3444.0,https://www.sportsidioten.no/resultater/bedrift-og-mosjonslag-mix-flest-kvinner-holmenkollstafetten-2025/
2025,bedrift og mosjonslag mix flest kvinner,3,4021,Team Dæhlie Runners (Dæhlie Sportswear),0:58:52,3532.0,https://www.sportsidioten.no/resultater/bedrift-og-mosjonslag-mix-flest-kvinner-holmenkollstafetten-2025/
2025,bedrift og mosjonslag mix flest kvinner,4,4029,Advokatfirmaet Arntzen 1 (Advokatfirmaet Arntzen AS),1:02:40,3760.0,https://www.sportsidioten.no/resultater/bedrift-og-mosjonslag-mix-flest-kvinner-holmenkollstafetten-2025/
2025,bedrift og mosjonslag mix flest kvinner,5,7096,Visma SW Int. Fireball (Visma Software International),1:04:18,3858.0,https://www.sportsidioten.no/resultater/bedrift-og-mosjonslag-mix-flest-kvinner-holmenkollstafetten-2025/
2025,bedrift og mosjonslag mix flest kvinner,6,5431,NTG Bærum 1 (NTG Bærum),1:04:19,3859.0,https://www.sportsidioten.no/resultater/bedrift-og-mosjonslag-mix-flest-kvinner-holmenkollstafetten-2025/
2025,bedrift og mosjonslag mix flest kvinner,7,11096,reMarkable 5 (reMarkable AS),1:04:20,3860.0,https://www.sportsidioten.no/resultater/bedrift-og-mosjonslag-mix-flest-kvinner-holmenkollstafetten-2025/
2025,bedrift og mosjonslag mix flest kvinner,8,4074,Ullevål og Tåsen Fysioterapi og Trening,1:04:44,3884.0,https://www.sportsidioten.no/resultater/bedrift-og-mosjonslag-mix-flest-kvinner-holmenkollstafetten-2025/
2025,bedrift og mosjonslag mix flest kvinner,9,5437,CMS Kluge Advokatfirma 1 (CMS Kluge Advokatfirma AS),1:05:33,3933.0,https://www.sportsidioten.no/resultater/bedrift-og-mosjonslag-mix-flest-kvinner-holmenkollstafetten-2025/
2025,bedrift og mosjonslag mix flest kvinner,10,5271,Diakonhjemmet Sykehus Elite Mix (Diakonhjemmet Sykehus),1:05:38,3938.0,https://www.sportsidioten.no/resultater/bedrift-og-mosjonslag-mix-flest-kvinner-holmenkollstafetten-2025/
2025,bedrift og mosjonslag mix flest kvinner,11,7201,Maritime Advisory 1 (DNV),1:06:34,3994.0,https://www.sportsidioten.no/resultater/bedrift-og-mosjonslag-mix-flest-kvinner-holmenkollstafetten-2025/
2025,bedrift og mosjonslag mix flest kvinner,12,5203,Advokatfirmaet BAHR AS 2 (Advokatfirmaet BAHR AS),1:07:21,4041.0,https://www.sportsidioten.no/resultater/bedrift-og-mosjonslag-mix-flest-kvinner-holmenkollstafetten-2025/
2025,bedrift og mosjonslag mix flest kvinner,13,5260,Dønski idrettsfag (Dønski videregående skole),1:07:25,4045.0,https://www.sportsidioten.no/resultater/bedrift-og-mosjonslag-mix-flest-kvinner-holmenkollstafetten-2025/
2025,bedrift og mosjonslag mix flest kvinner,14,4220,Lovstafetten Bergen,1:07:28,4048.0,https://www.sportsidioten.no/resultater/bedrift-og-mosjonslag-mix-flest-kvinner-holmenkollstafetten-2025/
2025,bedrift og mosjonslag mix flest kvinner,15,7673,Ruter – Satsebussen (Ruter As),1:08:04,4084.0,https://www.sportsidioten.no/resultater/bedrift-og-mosjonslag-mix-flest-kvinner-holmenkollstafetten-2025/
2025,bedrift og mosjonslag mix flest kvinner,16,11858,Brækhus Advokatfirma 1,1:08:40,4120.0,https://www.sportsidioten.no/resultater/bedrift-og-mosjonslag-mix-flest-kvinner-holmenkollstafetten-2025/
2025,bedrift og mosjonslag mix flest kvinner,17,8893,Norvestor Sport (Norvestor),1:08:40,4120.0,https://www.sportsidioten.no/resultater/bedrift-og-mosjonslag-mix-flest-kvinner-holmenkollstafetten-2025/
2025,bedrift og mosjonslag mix flest kvinner,18,10048,Kickstart Bedrift (Kickstart Bedrift AS),1:08:40,4120.0,https://www.sportsidioten.no/resultater/bedrift-og-mosjonslag-mix-flest-kvinner-holmenkollstafetten-2025/
2025,bedrift og mosjonslag mix flest kvinner,19,4054,Folkehelseinstituttet BIL 1 (Folkehelseinstituttet BIL),1:08:50,4130.0,https://www.sportsidioten.no/resultater/bedrift-og-mosjonslag-mix-flest-kvinner-holmenkollstafetten-2025/
2025,bedrift og mosjonslag mix flest kvinner,20,5262,Lillestrøm muskel- og leddklinikk,1:08:53,4133.0,https://www.sportsidioten.no/resultater/bedrift-og-mosjonslag-mix-flest-kvinner-holmenkollstafetten-2025/
2025,bedrift og mosjonslag mix flest kvinner,21,10480,Idrettens Helsesenter,1:09:06,4146.0,https://www.sportsidioten.no/resultater/bedrift-og-mosjonslag-mix-flest-kvinner-holmenkollstafetten-2025/
2025,bedrift og mosjonslag mix flest kvinner,22,11834,Powered by GroupM (EssenceMediacom),1:09:06,4146.0,https://www.sportsidioten.no/resultater/bedrift-og-mosjonslag-mix-flest-kvinner-holmenkollstafetten-2025/
2025,bedrift og mosjonslag mix flest kvinner,23,6805,Hjertemedisin Ullevål (Oslo Universitetssykehus),1:09:26,4166.0,https://www.sportsidioten.no/resultater/bedrift-og-mosjonslag-mix-flest-kvinner-holmenkollstafetten-2025/
2025,bedrift og mosjonslag mix flest kvinner,24,10478,OBF Lag 1 (Oslobygg KF),1:09:31,4171.0,https://www.sportsidioten.no/resultater/bedrift-og-mosjonslag-mix-flest-kvinner-holmenkollstafetten-2025/
2025,bedrift og mosjonslag mix flest kvinner,25,10481,BEST Helse,1:09:33,4173.0,https://www.sportsidioten.no/resultater/bedrift-og-mosjonslag-mix-flest-kvinner-holmenkollstafetten-2025/
2025,bedrift og mosjonslag mix flest kvinner,26,5441,Sinsen skole,1:09:40,4180.0,https://www.sportsidioten.no/resultater/bedrift-og-mosjonslag-mix-flest-kvinner-holmenkollstafetten-2025/
2025,bedrift og mosjonslag mix flest kvinner,27,7288,Politihøgskolen Oslo 2 (Politihøgskolen Oslo),1:09:52,4192.0,https://www.sportsidioten.no/resultater/bedrift-og-mosjonslag-mix-flest-kvinner-holmenkollstafetten-2025/
2025,bedrift og mosjonslag mix flest kvinner,28,5449,Active Brands 1 (Active Brands AS),1:10:13,4213.0,https://www.sportsidioten.no/resultater/bedrift-og-mosjonslag-mix-flest-kvinner-holmenkollstafetten-2025/
2025,bedrift og mosjonslag mix flest kvinner,29,5806,Grønt Punkt Norge,1:10:24,4224.0,https://www.sportsidioten.no/resultater/bedrift-og-mosjonslag-mix-flest-kvinner-holmenkollstafetten-2025/
2025,bedrift og mosjonslag mix flest kvinner,30,10852,Gnist Trening og Helse (Gnist Trening og Helse/MOVA),1:10:30,4230.0,https://www.sportsidioten.no/resultater/bedrift-og-mosjonslag-mix-flest-kvinner-holmenkollstafetten-2025/
2025,bedrift og mosjonslag mix flest kvinner,31,4228,Team Thommessen 1 (Advokatfirmaet Thommessen),1:10:43,4243.0,https://www.sportsidioten.no/resultater/bedrift-og-mosjonslag-mix-flest-kvinner-holmenkollstafetten-2025/
2025,bedrift og mosjonslag mix flest kvinner,32,7707,Bymiljøetaten 1 (Bymiljøetaten),1:10:45,4245.0,https://www.sportsidioten.no/resultater/bedrift-og-mosjonslag-mix-flest-kvinner-holmenkollstafetten-2025/
2025,bedrift og mosjonslag mix flest kvinner,33,6120,SpareBank 1 Sør-Norge Lag 1,1:10:55,4255.0,https://www.sportsidioten.no/resultater/bedrift-og-mosjonslag-mix-flest-kvinner-holmenkollstafetten-2025/
2025,bedrift og mosjonslag mix flest kvinner,34,8425,Nydalen DPS (OUS Nydalen DPS),1:10:59,4259.0,https://www.sportsidioten.no/resultater/bedrift-og-mosjonslag-mix-flest-kvinner-holmenkollstafetten-2025/
2025,bedrift og mosjonslag mix flest kvinner,35,11624,Berg AKS (Berg skole),1:11:21,4281.0,https://www.sportsidioten.no/resultater/bedrift-og-mosjonslag-mix-flest-kvinner-holmenkollstafetten-2025/
2025,bedrift og mosjonslag mix flest kvinner,36,9801,DNB BMN Hverdagsbank Deltid (DNB Bank ASA),1:11:21,4281.0,https://www.sportsidioten.no/resultater/bedrift-og-mosjonslag-mix-flest-kvinner-holmenkollstafetten-2025/
2025,bedrift og mosjonslag mix flest kvinner,37,7290,ABEL Helse (ABEL Health),1:11:22,4282.0,https://www.sportsidioten.no/resultater/bedrift-og-mosjonslag-mix-flest-kvinner-holmenkollstafetten-2025/
2025,bedrift og mosjonslag mix flest kvinner,38,10619,Advokatfirmaet Selmer 1 2 (Advokatfirmaet Selmer AS),1:11:27,4287.0,https://www.sportsidioten.no/resultater/bedrift-og-mosjonslag-mix-flest-kvinner-holmenkollstafetten-2025/
2025,bedrift og mosjonslag mix flest kvinner,39,8229,twoday 4 (twoday),1:11:51,4311.0,https://www.sportsidioten.no/resultater/bedrift-og-mosjonslag-mix-flest-kvinner-holmenkollstafetten-2025/
2025,bedrift og mosjonslag mix flest kvinner,40,5455,Team Flyge,1:12:02,4322.0,https://www.sportsidioten.no/resultater/bedrift-og-mosjonslag-mix-flest-kvinner-holmenkollstafetten-2025/
2025,bedrift og mosjonslag mix flest kvinner,41,5238,"Medisin Bærum, VVHF (Medisinsk avdeling, Bærum sykehus, VVHF)",1:12:06,4326.0,https://www.sportsidioten.no/resultater/bedrift-og-mosjonslag-mix-flest-kvinner-holmenkollstafetten-2025/
2025,bedrift og mosjonslag mix flest kvinner,42,7705,LPO arkitekter,1:12:11,4331.0,https://www.sportsidioten.no/resultater/bedrift-og-mosjonslag-mix-flest-kvinner-holmenkollstafetten-2025/
2025,bedrift og mosjonslag mix flest kvinner,43,8479,OUS Blodsykdommer 1 (Oslo universitetssykehus),1:12:17,4337.0,https://www.sportsidioten.no/resultater/bedrift-og-mosjonslag-mix-flest-kvinner-holmenkollstafetten-2025/
2025,bedrift og mosjonslag mix flest kvinner,44,5249,Advokatfirmaet Grette 1 (Advokatfirmaet Grette),1:12:18,4338.0,https://www.sportsidioten.no/resultater/bedrift-og-mosjonslag-mix-flest-kvinner-holmenkollstafetten-2025/
2025,bedrift og mosjonslag mix flest kvinner,45,4252,Lund & Co (Advokatfirmaet Lund & Co DA),1:12:19,4339.0,https://www.sportsidioten.no/resultater/bedrift-og-mosjonslag-mix-flest-kvinner-holmenkollstafetten-2025/
2025,bedrift og mosjonslag mix flest kvinner,46,5218,reMarkable 4 (reMarkable AS),1:12:21,4341.0,https://www.sportsidioten.no/resultater/bedrift-og-mosjonslag-mix-flest-kvinner-holmenkollstafetten-2025/
2025,bedrift og mosjonslag mix flest kvinner,47,4040,IL i BUL,1:12:23,4343.0,https://www.sportsidioten.no/resultater/bedrift-og-mosjonslag-mix-flest-kvinner-holmenkollstafetten-2025/
2025,bedrift og mosjonslag mix flest kvinner,48,5822,Huseby skole,1:12:25,4345.0,https://www.sportsidioten.no/resultater/bedrift-og-mosjonslag-mix-flest-kvinner-holmenkollstafetten-2025/
2025,bedrift og mosjonslag mix flest kvinner,49,10903,Hvilepuls,1:12:25,4345.0,https://www.sportsidioten.no/resultater/bedrift-og-mosjonslag-mix-flest-kvinner-holmenkollstafetten-2025/
2025,bedrift og mosjonslag mix flest kvinner,50,6640,Team Samba (–),1:12:27,4347.0,https://www.sportsidioten.no/resultater/bedrift-og-mosjonslag-mix-flest-kvinner-holmenkollstafetten-2025/
2025,bedrift og mosjonslag mix flest kvinner,51,10075,Orkla 7 (Orkla),1:12:37,4357.0,https://www.sportsidioten.no/resultater/bedrift-og-mosjonslag-mix-flest-kvinner-holmenkollstafetten-2025/
2025,bedrift og mosjonslag mix flest kvinner,52,11505,Oslo Kommunale Legevakt,1:12:44,4364.0,https://www.sportsidioten.no/resultater/bedrift-og-mosjonslag-mix-flest-kvinner-holmenkollstafetten-2025/
2025,bedrift og mosjonslag mix flest kvinner,53,7614,Manglerud skole,1:12:44,4364.0,https://www.sportsidioten.no/resultater/bedrift-og-mosjonslag-mix-flest-kvinner-holmenkollstafetten-2025/
2025,bedrift og mosjonslag mix flest kvinner,54,6410,EY BIL Energy 1 1 (Boston consulting group),1:12:45,4365.0,https://www.sportsidioten.no/resultater/bedrift-og-mosjonslag-mix-flest-kvinner-holmenkollstafetten-2025/
2025,bedrift og mosjonslag mix flest kvinner,55,5845,Reisekontoret,1:12:51,4371.0,https://www.sportsidioten.no/resultater/bedrift-og-mosjonslag-mix-flest-kvinner-holmenkollstafetten-2025/
2025,bedrift og mosjonslag mix flest kvinner,56,5473,Volvat NIMI (Volvat Medisinske Senter AS),1:12:59,4379.0,https://www.sportsidioten.no/resultater/bedrift-og-mosjonslag-mix-flest-kvinner-holmenkollstafetten-2025/
2025,bedrift og mosjonslag mix flest kvinner,57,11801,Tonsenhagen Superstars (Tonsenhagen skole),1:13:00,4380.0,https://www.sportsidioten.no/resultater/bedrift-og-mosjonslag-mix-flest-kvinner-holmenkollstafetten-2025/
2025,bedrift og mosjonslag mix flest kvinner,58,7821,Martina Hansens Hospital,1:13:02,4382.0,https://www.sportsidioten.no/resultater/bedrift-og-mosjonslag-mix-flest-kvinner-holmenkollstafetten-2025/
2025,bedrift og mosjonslag mix flest kvinner,59,6839,Hurtigruten – Havets Helteløpere (Hurtigruten AS),1:13:04,4384.0,https://www.sportsidioten.no/resultater/bedrift-og-mosjonslag-mix-flest-kvinner-holmenkollstafetten-2025/
2025,bedrift og mosjonslag mix flest kvinner,60,6292,PwC Bergen 1 2 (PricewaterhouseCoopers AS),1:13:04,4384.0,https://www.sportsidioten.no/resultater/bedrift-og-mosjonslag-mix-flest-kvinner-holmenkollstafetten-2025/
2025,bedrift og mosjonslag mix flest kvinner,61,6425,EY BIL SCO (EY),1:13:06,4386.0,https://www.sportsidioten.no/resultater/bedrift-og-mosjonslag-mix-flest-kvinner-holmenkollstafetten-2025/
2025,bedrift og mosjonslag mix flest kvinner,62,8416,Puls & Pes (Kardiologisk sengepost Rikshospitalet),1:13:12,4392.0,https://www.sportsidioten.no/resultater/bedrift-og-mosjonslag-mix-flest-kvinner-holmenkollstafetten-2025/
2025,bedrift og mosjonslag mix flest kvinner,63,10078,Orkla Snacks Norge,1:13:13,4393.0,https://www.sportsidioten.no/resultater/bedrift-og-mosjonslag-mix-flest-kvinner-holmenkollstafetten-2025/
2025,bedrift og mosjonslag mix flest kvinner,64,5833,Arbeids- og inkluderingsdepartementet,1:13:24,4404.0,https://www.sportsidioten.no/resultater/bedrift-og-mosjonslag-mix-flest-kvinner-holmenkollstafetten-2025/
2025,bedrift og mosjonslag mix flest kvinner,65,10827,Team Zalaris (Zalaris),1:13:25,4405.0,https://www.sportsidioten.no/resultater/bedrift-og-mosjonslag-mix-flest-kvinner-holmenkollstafetten-2025/
2025,bedrift og mosjonslag mix flest kvinner,66,8054,Moniker Sport x On (Moniker Sport AS),1:13:25,4405.0,https://www.sportsidioten.no/resultater/bedrift-og-mosjonslag-mix-flest-kvinner-holmenkollstafetten-2025/
2025,bedrift og mosjonslag mix flest kvinner,67,10280,TORSHOV SPORT RUNNERS 2 (TORSHOV SPORT AS),1:13:26,4406.0,https://www.sportsidioten.no/resultater/bedrift-og-mosjonslag-mix-flest-kvinner-holmenkollstafetten-2025/
2025,bedrift og mosjonslag mix flest kvinner,68,6814,Norad rød (Norad),1:13:28,4408.0,https://www.sportsidioten.no/resultater/bedrift-og-mosjonslag-mix-flest-kvinner-holmenkollstafetten-2025/
2025,bedrift og mosjonslag mix flest kvinner,69,10881,"Anestesilegene på Rikshospitalet (Akuttklinikken, Rikshospitalet)",1:13:35,4415.0,https://www.sportsidioten.no/resultater/bedrift-og-mosjonslag-mix-flest-kvinner-holmenkollstafetten-2025/
2025,bedrift og mosjonslag mix flest kvinner,70,4211,Unilabs,1:13:36,4416.0,https://www.sportsidioten.no/resultater/bedrift-og-mosjonslag-mix-flest-kvinner-holmenkollstafetten-2025/
2025,bedrift og mosjonslag mix flest kvinner,71,5479,Advokatfirmaet Arntzen 3 (Advokatfirmaet Arntzen AS),1:13:40,4420.0,https://www.sportsidioten.no/resultater/bedrift-og-mosjonslag-mix-flest-kvinner-holmenkollstafetten-2025/
2025,bedrift og mosjonslag mix flest kvinner,72,7701,Høyenhall skole,1:13:44,4424.0,https://www.sportsidioten.no/resultater/bedrift-og-mosjonslag-mix-flest-kvinner-holmenkollstafetten-2025/
2025,bedrift og mosjonslag mix flest kvinner,73,11912,Run for rep (Crossfit Sagene),1:13:47,4427.0,https://www.sportsidioten.no/resultater/bedrift-og-mosjonslag-mix-flest-kvinner-holmenkollstafetten-2025/
2025,bedrift og mosjonslag mix flest kvinner,74,7042,Miljødirektoratet BIL (Miljødirektoratet),1:13:48,4428.0,https://www.sportsidioten.no/resultater/bedrift-og-mosjonslag-mix-flest-kvinner-holmenkollstafetten-2025/
2025,bedrift og mosjonslag mix flest kvinner,75,7253,Team Johaug (Active Brands AS),1:13:49,4429.0,https://www.sportsidioten.no/resultater/bedrift-og-mosjonslag-mix-flest-kvinner-holmenkollstafetten-2025/
2025,bedrift og mosjonslag mix flest kvinner,76,7008,Visma Flyt Happy Racers (Visma Flyt AS),1:13:51,4431.0,https://www.sportsidioten.no/resultater/bedrift-og-mosjonslag-mix-flest-kvinner-holmenkollstafetten-2025/
2025,bedrift og mosjonslag mix flest kvinner,77,6010,Braathens SAFE (DNB),1:13:56,4436.0,https://www.sportsidioten.no/resultater/bedrift-og-mosjonslag-mix-flest-kvinner-holmenkollstafetten-2025/
2025,bedrift og mosjonslag mix flest kvinner,78,6415,Aker Solutions FunRun 1 (Aker Solutions AS),1:13:57,4437.0,https://www.sportsidioten.no/resultater/bedrift-og-mosjonslag-mix-flest-kvinner-holmenkollstafetten-2025/
2025,bedrift og mosjonslag mix flest kvinner,79,5427,Moloklinikken,1:14:02,4442.0,https://www.sportsidioten.no/resultater/bedrift-og-mosjonslag-mix-flest-kvinner-holmenkollstafetten-2025/
2025,bedrift og mosjonslag mix flest kvinner,80,6443,Vulvakameratene (Kvinneklinikken Ahus),1:14:09,4449.0,https://www.sportsidioten.no/resultater/bedrift-og-mosjonslag-mix-flest-kvinner-holmenkollstafetten-2025/
2025,bedrift og mosjonslag mix flest kvinner,81,11065,Trege Leger (Oslo Universitetssykehus),1:14:09,4449.0,https://www.sportsidioten.no/resultater/bedrift-og-mosjonslag-mix-flest-kvinner-holmenkollstafetten-2025/
2025,bedrift og mosjonslag mix flest kvinner,82,5442,Hovseter Skole,1:14:24,4464.0,https://www.sportsidioten.no/resultater/bedrift-og-mosjonslag-mix-flest-kvinner-holmenkollstafetten-2025/
2025,bedrift og mosjonslag mix flest kvinner,83,5421,EY BIL Business Transformation (976389387),1:14:25,4465.0,https://www.sportsidioten.no/resultater/bedrift-og-mosjonslag-mix-flest-kvinner-holmenkollstafetten-2025/
2025,bedrift og mosjonslag mix flest kvinner,84,6711,Fingerspitzgefühlen (Fysioterapeut Nederland),1:14:28,4468.0,https://www.sportsidioten.no/resultater/bedrift-og-mosjonslag-mix-flest-kvinner-holmenkollstafetten-2025/
2025,bedrift og mosjonslag mix flest kvinner,85,8482,Tåsen skole,1:14:28,4468.0,https://www.sportsidioten.no/resultater/bedrift-og-mosjonslag-mix-flest-kvinner-holmenkollstafetten-2025/
2025,bedrift og mosjonslag mix flest kvinner,86,10077,Orkla 6 (Orkla),1:14:31,4471.0,https://www.sportsidioten.no/resultater/bedrift-og-mosjonslag-mix-flest-kvinner-holmenkollstafetten-2025/
2025,bedrift og mosjonslag mix flest kvinner,87,10308,Maxpuls (Universitetssykehuset Nord-Norge),1:14:38,4478.0,https://www.sportsidioten.no/resultater/bedrift-og-mosjonslag-mix-flest-kvinner-holmenkollstafetten-2025/
2025,bedrift og mosjonslag mix flest kvinner,88,5282,Sats Colosseum PT (Sats Colosseum),1:14:40,4480.0,https://www.sportsidioten.no/resultater/bedrift-og-mosjonslag-mix-flest-kvinner-holmenkollstafetten-2025/
2025,bedrift og mosjonslag mix flest kvinner,89,11678,Kastellet skole,1:14:42,4482.0,https://www.sportsidioten.no/resultater/bedrift-og-mosjonslag-mix-flest-kvinner-holmenkollstafetten-2025/
2025,bedrift og mosjonslag mix flest kvinner,90,7425,Påtale Innlandet politidistrikt (Påtale i politiet),1:14:45,4485.0,https://www.sportsidioten.no/resultater/bedrift-og-mosjonslag-mix-flest-kvinner-holmenkollstafetten-2025/
2025,bedrift og mosjonslag mix flest kvinner,91,7606,Lovlig gode løpere (Øst Politidistrikt – Lillestrøm påtale),1:14:49,4489.0,https://www.sportsidioten.no/resultater/bedrift-og-mosjonslag-mix-flest-kvinner-holmenkollstafetten-2025/
2025,bedrift og mosjonslag mix flest kvinner,92,7237,A-lab,1:14:50,4490.0,https://www.sportsidioten.no/resultater/bedrift-og-mosjonslag-mix-flest-kvinner-holmenkollstafetten-2025/
2025,bedrift og mosjonslag mix flest kvinner,93,10674,TROG (Romerike og Glåmdal tingrett),1:15:01,4501.0,https://www.sportsidioten.no/resultater/bedrift-og-mosjonslag-mix-flest-kvinner-holmenkollstafetten-2025/
2025,bedrift og mosjonslag mix flest kvinner,94,8487,Tonsillathon (ØNH sengepost Rikshospitalet),1:15:08,4508.0,https://www.sportsidioten.no/resultater/bedrift-og-mosjonslag-mix-flest-kvinner-holmenkollstafetten-2025/
2025,bedrift og mosjonslag mix flest kvinner,95,6011,DNB Consulting (DNB),1:15:09,4509.0,https://www.sportsidioten.no/resultater/bedrift-og-mosjonslag-mix-flest-kvinner-holmenkollstafetten-2025/
2025,bedrift og mosjonslag mix flest kvinner,96,7054,TV 2 Marked (TV 2),1:15:12,4512.0,https://www.sportsidioten.no/resultater/bedrift-og-mosjonslag-mix-flest-kvinner-holmenkollstafetten-2025/
2025,bedrift og mosjonslag mix flest kvinner,97,8219,Korsvoll skole,1:15:12,4512.0,https://www.sportsidioten.no/resultater/bedrift-og-mosjonslag-mix-flest-kvinner-holmenkollstafetten-2025/
2025,bedrift og mosjonslag mix flest kvinner,98,5287,Landbruksdirektoratet 1 (Landbruksdirektoratet),1:15:13,4513.0,https://www.sportsidioten.no/resultater/bedrift-og-mosjonslag-mix-flest-kvinner-holmenkollstafetten-2025/
2025,bedrift og mosjonslag mix flest kvinner,99,5254,Gullaget (GODT BRØD NORGE AS),1:15:15,4515.0,https://www.sportsidioten.no/resultater/bedrift-og-mosjonslag-mix-flest-kvinner-holmenkollstafetten-2025/
2025,bedrift og mosjonslag mix flest kvinner,100,8449,Unicare Jeløy,1:15:16,4516.0,https://www.sportsidioten.no/resultater/bedrift-og-mosjonslag-mix-flest-kvinner-holmenkollstafetten-2025/
2025,bedrift og mosjonslag mix flest kvinner,101,6849,FSI (Oslo politidistrikt),1:15:20,4520.0,https://www.sportsidioten.no/resultater/bedrift-og-mosjonslag-mix-flest-kvinner-holmenkollstafetten-2025/
2025,bedrift og mosjonslag mix flest kvinner,102,5289,IEMR,1:15:29,4529.0,https://www.sportsidioten.no/resultater/bedrift-og-mosjonslag-mix-flest-kvinner-holmenkollstafetten-2025/
2025,bedrift og mosjonslag mix flest kvinner,103,8722,Teleplan Globe 2 (Teleplan Globe),1:15:30,4530.0,https://www.sportsidioten.no/resultater/bedrift-og-mosjonslag-mix-flest-kvinner-holmenkollstafetten-2025/
2025,bedrift og mosjonslag mix flest kvinner,104,7265,Maritime Advisory 3 (DNV),1:15:32,4532.0,https://www.sportsidioten.no/resultater/bedrift-og-mosjonslag-mix-flest-kvinner-holmenkollstafetten-2025/
2025,bedrift og mosjonslag mix flest kvinner,105,7258,Studentsamskipnaden SiO 1 (Studentsamskipnaden SiO),1:15:34,4534.0,https://www.sportsidioten.no/resultater/bedrift-og-mosjonslag-mix-flest-kvinner-holmenkollstafetten-2025/
2025,bedrift og mosjonslag mix flest kvinner,106,7245,Oslo politidistrikt – drapsseksjonen (Oslo politidistrikt),1:15:35,4535.0,https://www.sportsidioten.no/resultater/bedrift-og-mosjonslag-mix-flest-kvinner-holmenkollstafetten-2025/
2025,bedrift og mosjonslag mix flest kvinner,107,6862,Bouvet 5 Hvitkinnpingvin (Bouvet),1:15:37,4537.0,https://www.sportsidioten.no/resultater/bedrift-og-mosjonslag-mix-flest-kvinner-holmenkollstafetten-2025/
2025,bedrift og mosjonslag mix flest kvinner,108,5805,Advokatfirmaet Haavind – Morolaget (Advokatfirmaet Haavind AS),1:15:39,4539.0,https://www.sportsidioten.no/resultater/bedrift-og-mosjonslag-mix-flest-kvinner-holmenkollstafetten-2025/
2025,bedrift og mosjonslag mix flest kvinner,109,7882,Ræder Bing Advokatfirma 2 (Ræder Bing Advokatfirma AS),1:15:42,4542.0,https://www.sportsidioten.no/resultater/bedrift-og-mosjonslag-mix-flest-kvinner-holmenkollstafetten-2025/
2025,bedrift og mosjonslag mix flest kvinner,110,8201,Statens vegvesen BIL O & A 1 (Statens vegvesen),1:15:44,4544.0,https://www.sportsidioten.no/resultater/bedrift-og-mosjonslag-mix-flest-kvinner-holmenkollstafetten-2025/
2025,bedrift og mosjonslag mix flest kvinner,111,8631,NVE 4 (Norges vassdrags og energidirektorat),1:15:44,4544.0,https://www.sportsidioten.no/resultater/bedrift-og-mosjonslag-mix-flest-kvinner-holmenkollstafetten-2025/
2025,bedrift og mosjonslag mix flest kvinner,112,7809,Pir2,1:15:45,4545.0,https://www.sportsidioten.no/resultater/bedrift-og-mosjonslag-mix-flest-kvinner-holmenkollstafetten-2025/
2025,bedrift og mosjonslag mix flest kvinner,113,10635,Odontologen UiB (Odontologforeningen i Bergen),1:15:47,4547.0,https://www.sportsidioten.no/resultater/bedrift-og-mosjonslag-mix-flest-kvinner-holmenkollstafetten-2025/
2025,bedrift og mosjonslag mix flest kvinner,114,9834,"Barnelegene Drammen (Barne- og ungdomsavdelingen Drammen Sykehus, VVHF)",1:15:49,4549.0,https://www.sportsidioten.no/resultater/bedrift-og-mosjonslag-mix-flest-kvinner-holmenkollstafetten-2025/
2025,bedrift og mosjonslag mix flest kvinner,115,8632,ForMotion Ortopedi,1:15:51,4551.0,https://www.sportsidioten.no/resultater/bedrift-og-mosjonslag-mix-flest-kvinner-holmenkollstafetten-2025/
2025,bedrift og mosjonslag mix flest kvinner,116,8700,Nukleærmedisin OUS (Oslo Universitetssykehus),1:15:55,4555.0,https://www.sportsidioten.no/resultater/bedrift-og-mosjonslag-mix-flest-kvinner-holmenkollstafetten-2025/
2025,bedrift og mosjonslag mix flest kvinner,117,7272,Nordea SB&E (Nordea),1:16:03,4563.0,https://www.sportsidioten.no/resultater/bedrift-og-mosjonslag-mix-flest-kvinner-holmenkollstafetten-2025/
2025,bedrift og mosjonslag mix flest kvinner,118,6858,CEMAsys,1:16:05,4565.0,https://www.sportsidioten.no/resultater/bedrift-og-mosjonslag-mix-flest-kvinner-holmenkollstafetten-2025/
2025,bedrift og mosjonslag mix flest kvinner,119,11606,Vestre Viken redd Steves Gym (Vestre Viken),1:16:13,4573.0,https://www.sportsidioten.no/resultater/bedrift-og-mosjonslag-mix-flest-kvinner-holmenkollstafetten-2025/
2025,bedrift og mosjonslag mix flest kvinner,120,5843,Team Norrøna (Norrøna Sport AS),1:16:17,4577.0,https://www.sportsidioten.no/resultater/bedrift-og-mosjonslag-mix-flest-kvinner-holmenkollstafetten-2025/
2025,bedrift og mosjonslag mix flest kvinner,121,7310,PHS Oslo 3 (Politihøgskolen Oslo),1:16:19,4579.0,https://www.sportsidioten.no/resultater/bedrift-og-mosjonslag-mix-flest-kvinner-holmenkollstafetten-2025/
2025,bedrift og mosjonslag mix flest kvinner,122,11060,Løren skole 2 (Løren skole),1:16:19,4579.0,https://www.sportsidioten.no/resultater/bedrift-og-mosjonslag-mix-flest-kvinner-holmenkollstafetten-2025/
2025,bedrift og mosjonslag mix flest kvinner,123,5418,Wikborg Rein BIL 3 (Wikborg Rein Advokatfirma AS),1:16:20,4580.0,https://www.sportsidioten.no/resultater/bedrift-og-mosjonslag-mix-flest-kvinner-holmenkollstafetten-2025/
2025,bedrift og mosjonslag mix flest kvinner,124,4013,ABG Sundal Collier 1 (ABG Sundal Collier),1:16:21,4581.0,https://www.sportsidioten.no/resultater/bedrift-og-mosjonslag-mix-flest-kvinner-holmenkollstafetten-2025/
2025,bedrift og mosjonslag mix flest kvinner,125,7219,Sykehuset Telemark – Kirurgisk avdeling (Sykehuset Telemark HF),1:16:22,4582.0,https://www.sportsidioten.no/resultater/bedrift-og-mosjonslag-mix-flest-kvinner-holmenkollstafetten-2025/
2025,bedrift og mosjonslag mix flest kvinner,126,12005,Team bettongbein (Studenter),1:16:23,4583.0,https://www.sportsidioten.no/resultater/bedrift-og-mosjonslag-mix-flest-kvinner-holmenkollstafetten-2025/
2025,bedrift og mosjonslag mix flest kvinner,127,6875,Handelsbanken 4,1:16:23,4583.0,https://www.sportsidioten.no/resultater/bedrift-og-mosjonslag-mix-flest-kvinner-holmenkollstafetten-2025/
2025,bedrift og mosjonslag mix flest kvinner,128,6822,Advokatfirmaet Molteberg Nilsen (Molteberg Nilsen AS),1:16:24,4584.0,https://www.sportsidioten.no/resultater/bedrift-og-mosjonslag-mix-flest-kvinner-holmenkollstafetten-2025/
2025,bedrift og mosjonslag mix flest kvinner,129,7093,Diplom-Is 1 2 (Diplom-Is),1:16:26,4586.0,https://www.sportsidioten.no/resultater/bedrift-og-mosjonslag-mix-flest-kvinner-holmenkollstafetten-2025/
2025,bedrift og mosjonslag mix flest kvinner,130,8887,"Arbeidsforskningsinstituttet (Arbeidsforskningsinstituttet, OsloMet)",1:16:29,4589.0,https://www.sportsidioten.no/resultater/bedrift-og-mosjonslag-mix-flest-kvinner-holmenkollstafetten-2025/
2025,bedrift og mosjonslag mix flest kvinner,131,7203,Nordea Liv,1:16:31,4591.0,https://www.sportsidioten.no/resultater/bedrift-og-mosjonslag-mix-flest-kvinner-holmenkollstafetten-2025/
2025,bedrift og mosjonslag mix flest kvinner,132,7682,Oslo Tannlegeforening 1 (Oslo Tannlegeforening),1:16:34,4594.0,https://www.sportsidioten.no/resultater/bedrift-og-mosjonslag-mix-flest-kvinner-holmenkollstafetten-2025/
2025,bedrift og mosjonslag mix flest kvinner,133,7894,Smestadlærerne (Smestad skole),1:16:35,4595.0,https://www.sportsidioten.no/resultater/bedrift-og-mosjonslag-mix-flest-kvinner-holmenkollstafetten-2025/
2025,bedrift og mosjonslag mix flest kvinner,134,7010,TINE Industri (TINE SA),1:16:36,4596.0,https://www.sportsidioten.no/resultater/bedrift-og-mosjonslag-mix-flest-kvinner-holmenkollstafetten-2025/
2025,bedrift og mosjonslag mix flest kvinner,135,11067,Bane NOR Juridiske Joggere (Bane NOR SF),1:16:37,4597.0,https://www.sportsidioten.no/resultater/bedrift-og-mosjonslag-mix-flest-kvinner-holmenkollstafetten-2025/
2025,bedrift og mosjonslag mix flest kvinner,136,8474,Rådtassene 2 (Norges forskningsråd),1:16:39,4599.0,https://www.sportsidioten.no/resultater/bedrift-og-mosjonslag-mix-flest-kvinner-holmenkollstafetten-2025/
2025,bedrift og mosjonslag mix flest kvinner,137,7838,Jordal Skole,1:16:40,4600.0,https://www.sportsidioten.no/resultater/bedrift-og-mosjonslag-mix-flest-kvinner-holmenkollstafetten-2025/
2025,bedrift og mosjonslag mix flest kvinner,138,7231,Institutt for samfunnsforskning,1:16:41,4601.0,https://www.sportsidioten.no/resultater/bedrift-og-mosjonslag-mix-flest-kvinner-holmenkollstafetten-2025/
2025,bedrift og mosjonslag mix flest kvinner,139,8050,Spinal Cord Runners (Sunnaas sykehus HF),1:16:41,4601.0,https://www.sportsidioten.no/resultater/bedrift-og-mosjonslag-mix-flest-kvinner-holmenkollstafetten-2025/
2025,bedrift og mosjonslag mix flest kvinner,140,6886,Handelsbanken 5 (Handelsbanken),1:16:46,4606.0,https://www.sportsidioten.no/resultater/bedrift-og-mosjonslag-mix-flest-kvinner-holmenkollstafetten-2025/
2025,bedrift og mosjonslag mix flest kvinner,141,6844,reMarkable 3 (reMarkable AS),1:16:46,4606.0,https://www.sportsidioten.no/resultater/bedrift-og-mosjonslag-mix-flest-kvinner-holmenkollstafetten-2025/
2025,bedrift og mosjonslag mix flest kvinner,142,8492,Team Jordanes 2 (Jordanes AS),1:16:56,4616.0,https://www.sportsidioten.no/resultater/bedrift-og-mosjonslag-mix-flest-kvinner-holmenkollstafetten-2025/
2025,bedrift og mosjonslag mix flest kvinner,143,9877,Bjølsen skole,1:16:59,4619.0,https://www.sportsidioten.no/resultater/bedrift-og-mosjonslag-mix-flest-kvinner-holmenkollstafetten-2025/
2025,bedrift og mosjonslag mix flest kvinner,144,7681,Abelia,1:16:59,4619.0,https://www.sportsidioten.no/resultater/bedrift-og-mosjonslag-mix-flest-kvinner-holmenkollstafetten-2025/
2025,bedrift og mosjonslag mix flest kvinner,145,6426,Aker Solutions Legal & Friends (Aker Solutions),1:17:00,4620.0,https://www.sportsidioten.no/resultater/bedrift-og-mosjonslag-mix-flest-kvinner-holmenkollstafetten-2025/
2025,bedrift og mosjonslag mix flest kvinner,146,9019,Katastrofealarm (Nordlandssykehuset),1:17:00,4620.0,https://www.sportsidioten.no/resultater/bedrift-og-mosjonslag-mix-flest-kvinner-holmenkollstafetten-2025/
2025,bedrift og mosjonslag mix flest kvinner,147,10440,Advokatfirmaet CLP 2 (Advokatfirmaet CLP DA),1:17:01,4621.0,https://www.sportsidioten.no/resultater/bedrift-og-mosjonslag-mix-flest-kvinner-holmenkollstafetten-2025/
2025,bedrift og mosjonslag mix flest kvinner,148,11645,Sats Lillestrøm,1:17:02,4622.0,https://www.sportsidioten.no/resultater/bedrift-og-mosjonslag-mix-flest-kvinner-holmenkollstafetten-2025/
2025,bedrift og mosjonslag mix flest kvinner,149,12030,Lambertseter Kritt & Kondis (Lambertseter skole),1:17:10,4630.0,https://www.sportsidioten.no/resultater/bedrift-og-mosjonslag-mix-flest-kvinner-holmenkollstafetten-2025/
2025,bedrift og mosjonslag mix flest kvinner,150,7844,Ro Sommernes Advokatfirma DA,1:17:12,4632.0,https://www.sportsidioten.no/resultater/bedrift-og-mosjonslag-mix-flest-kvinner-holmenkollstafetten-2025/
2025,bedrift og mosjonslag mix flest kvinner,151,8097,Ambulanse vest (Oslo universitetssykehus),1:17:13,4633.0,https://www.sportsidioten.no/resultater/bedrift-og-mosjonslag-mix-flest-kvinner-holmenkollstafetten-2025/
2025,bedrift og mosjonslag mix flest kvinner,152,8441,Voldsløkka skole,1:17:16,4636.0,https://www.sportsidioten.no/resultater/bedrift-og-mosjonslag-mix-flest-kvinner-holmenkollstafetten-2025/
2025,bedrift og mosjonslag mix flest kvinner,153,7264,Fornybar Fart (Statkraft),1:17:27,4647.0,https://www.sportsidioten.no/resultater/bedrift-og-mosjonslag-mix-flest-kvinner-holmenkollstafetten-2025/
2025,bedrift og mosjonslag mix flest kvinner,154,5495,Econa,1:17:28,4648.0,https://www.sportsidioten.no/resultater/bedrift-og-mosjonslag-mix-flest-kvinner-holmenkollstafetten-2025/
2025,bedrift og mosjonslag mix flest kvinner,155,6850,Norfund,1:17:32,4652.0,https://www.sportsidioten.no/resultater/bedrift-og-mosjonslag-mix-flest-kvinner-holmenkollstafetten-2025/
2025,bedrift og mosjonslag mix flest kvinner,156,7232,Lokalsjappa,1:17:34,4654.0,https://www.sportsidioten.no/resultater/bedrift-og-mosjonslag-mix-flest-kvinner-holmenkollstafetten-2025/
2025,bedrift og mosjonslag mix flest kvinner,157,6511,Barneleger Ahus (Ahus),1:17:36,4656.0,https://www.sportsidioten.no/resultater/bedrift-og-mosjonslag-mix-flest-kvinner-holmenkollstafetten-2025/
2025,bedrift og mosjonslag mix flest kvinner,158,7683,TeamHelly (Helly Hansen AS),1:17:36,4656.0,https://www.sportsidioten.no/resultater/bedrift-og-mosjonslag-mix-flest-kvinner-holmenkollstafetten-2025/
2025,bedrift og mosjonslag mix flest kvinner,159,11703,Østerås Flyers (Østerås skole),1:17:36,4656.0,https://www.sportsidioten.no/resultater/bedrift-og-mosjonslag-mix-flest-kvinner-holmenkollstafetten-2025/
2025,bedrift og mosjonslag mix flest kvinner,160,6629,Påtale Oslo politidistrikt Enhet Sentrum,1:17:38,4658.0,https://www.sportsidioten.no/resultater/bedrift-og-mosjonslag-mix-flest-kvinner-holmenkollstafetten-2025/
2025,bedrift og mosjonslag mix flest kvinner,161,8094,Solheim skole,1:17:39,4659.0,https://www.sportsidioten.no/resultater/bedrift-og-mosjonslag-mix-flest-kvinner-holmenkollstafetten-2025/
2025,bedrift og mosjonslag mix flest kvinner,162,10617,Team Gunhildstad,1:17:40,4660.0,https://www.sportsidioten.no/resultater/bedrift-og-mosjonslag-mix-flest-kvinner-holmenkollstafetten-2025/
2025,bedrift og mosjonslag mix flest kvinner,163,10890,Grefsen 1 1 (Grefsen skole),1:17:43,4663.0,https://www.sportsidioten.no/resultater/bedrift-og-mosjonslag-mix-flest-kvinner-holmenkollstafetten-2025/
2025,bedrift og mosjonslag mix flest kvinner,164,6503,Bekk 2 (Bekk Consulting AS),1:17:43,4663.0,https://www.sportsidioten.no/resultater/bedrift-og-mosjonslag-mix-flest-kvinner-holmenkollstafetten-2025/
2025,bedrift og mosjonslag mix flest kvinner,165,11466,Friskvern Running Club (Unicare Friskvern),1:17:44,4664.0,https://www.sportsidioten.no/resultater/bedrift-og-mosjonslag-mix-flest-kvinner-holmenkollstafetten-2025/
2025,bedrift og mosjonslag mix flest kvinner,166,6826,Vestre Viken- Røntgenstrålene (Vestre Viken Helseforetak),1:17:46,4666.0,https://www.sportsidioten.no/resultater/bedrift-og-mosjonslag-mix-flest-kvinner-holmenkollstafetten-2025/
2025,bedrift og mosjonslag mix flest kvinner,167,6431,EY BIL Oslo Law & Tax (EY),1:17:54,4674.0,https://www.sportsidioten.no/resultater/bedrift-og-mosjonslag-mix-flest-kvinner-holmenkollstafetten-2025/
2025,bedrift og mosjonslag mix flest kvinner,168,5878,PRIMA UiO (Universitetet i Oslo),1:17:55,4675.0,https://www.sportsidioten.no/resultater/bedrift-og-mosjonslag-mix-flest-kvinner-holmenkollstafetten-2025/
2025,bedrift og mosjonslag mix flest kvinner,169,8100,Oslo katedralskole,1:17:56,4676.0,https://www.sportsidioten.no/resultater/bedrift-og-mosjonslag-mix-flest-kvinner-holmenkollstafetten-2025/
2025,bedrift og mosjonslag mix flest kvinner,170,7818,Schjødt 2 (Advokatfirmaet Schjødt AS),1:17:57,4677.0,https://www.sportsidioten.no/resultater/bedrift-og-mosjonslag-mix-flest-kvinner-holmenkollstafetten-2025/
2025,bedrift og mosjonslag mix flest kvinner,171,9646,OUS Avd. for plastikk- og rekonstruktiv kirurgi (OUS),1:17:57,4677.0,https://www.sportsidioten.no/resultater/bedrift-og-mosjonslag-mix-flest-kvinner-holmenkollstafetten-2025/
2025,bedrift og mosjonslag mix flest kvinner,172,8717,TOPPEN (Stendi AS),1:17:58,4678.0,https://www.sportsidioten.no/resultater/bedrift-og-mosjonslag-mix-flest-kvinner-holmenkollstafetten-2025/
2025,bedrift og mosjonslag mix flest kvinner,173,11818,"Sporto Sprintz (Oslo Universitetssykehus, Rikshospitalet)",1:18:00,4680.0,https://www.sportsidioten.no/resultater/bedrift-og-mosjonslag-mix-flest-kvinner-holmenkollstafetten-2025/
2025,bedrift og mosjonslag mix flest kvinner,174,11059,Refstad skole,1:18:01,4681.0,https://www.sportsidioten.no/resultater/bedrift-og-mosjonslag-mix-flest-kvinner-holmenkollstafetten-2025/
2025,bedrift og mosjonslag mix flest kvinner,175,5842,Bufdir 1 (Bufdir),1:18:02,4682.0,https://www.sportsidioten.no/resultater/bedrift-og-mosjonslag-mix-flest-kvinner-holmenkollstafetten-2025/
2025,bedrift og mosjonslag mix flest kvinner,176,8408,Akademiet VGS Oslo,1:18:03,4683.0,https://www.sportsidioten.no/resultater/bedrift-og-mosjonslag-mix-flest-kvinner-holmenkollstafetten-2025/
2025,bedrift og mosjonslag mix flest kvinner,177,7271,Nordea DOSS (Nordea),1:18:04,4684.0,https://www.sportsidioten.no/resultater/bedrift-og-mosjonslag-mix-flest-kvinner-holmenkollstafetten-2025/
2025,bedrift og mosjonslag mix flest kvinner,178,6512,Ahus onko (Ahus),1:18:04,4684.0,https://www.sportsidioten.no/resultater/bedrift-og-mosjonslag-mix-flest-kvinner-holmenkollstafetten-2025/
2025,bedrift og mosjonslag mix flest kvinner,179,5858,LCBC/PROMENTA (Universitetet i Oslo),1:18:05,4685.0,https://www.sportsidioten.no/resultater/bedrift-og-mosjonslag-mix-flest-kvinner-holmenkollstafetten-2025/
2025,bedrift og mosjonslag mix flest kvinner,180,7447,kkullevaal (A2),1:18:15,4695.0,https://www.sportsidioten.no/resultater/bedrift-og-mosjonslag-mix-flest-kvinner-holmenkollstafetten-2025/
2025,bedrift og mosjonslag mix flest kvinner,181,8409,Team AC (The Assessment Company),1:18:17,4697.0,https://www.sportsidioten.no/resultater/bedrift-og-mosjonslag-mix-flest-kvinner-holmenkollstafetten-2025/
2025,bedrift og mosjonslag mix flest kvinner,182,7206,Nordea Private Banking (Nordea),1:18:18,4698.0,https://www.sportsidioten.no/resultater/bedrift-og-mosjonslag-mix-flest-kvinner-holmenkollstafetten-2025/
2025,bedrift og mosjonslag mix flest kvinner,183,7260,Rehabiliteringssenteret AiR,1:18:18,4698.0,https://www.sportsidioten.no/resultater/bedrift-og-mosjonslag-mix-flest-kvinner-holmenkollstafetten-2025/
2025,bedrift og mosjonslag mix flest kvinner,184,8659,Handelshøyskolen BI 4 (View Group),1:18:19,4699.0,https://www.sportsidioten.no/resultater/bedrift-og-mosjonslag-mix-flest-kvinner-holmenkollstafetten-2025/
2025,bedrift og mosjonslag mix flest kvinner,185,6910,Anestesiavdelingen Ullevål II (OUS),1:18:19,4699.0,https://www.sportsidioten.no/resultater/bedrift-og-mosjonslag-mix-flest-kvinner-holmenkollstafetten-2025/
2025,bedrift og mosjonslag mix flest kvinner,186,10501,Blaker IL (Blaker Idrettslag),1:18:20,4700.0,https://www.sportsidioten.no/resultater/bedrift-og-mosjonslag-mix-flest-kvinner-holmenkollstafetten-2025/
2025,bedrift og mosjonslag mix flest kvinner,187,7012,"TINE Salg, Marked og Kategori (TINE)",1:18:20,4700.0,https://www.sportsidioten.no/resultater/bedrift-og-mosjonslag-mix-flest-kvinner-holmenkollstafetten-2025/
2025,bedrift og mosjonslag mix flest kvinner,188,7604,Baker Hansen – Brød gir styrke! (Baker Hansen),1:18:20,4700.0,https://www.sportsidioten.no/resultater/bedrift-og-mosjonslag-mix-flest-kvinner-holmenkollstafetten-2025/
2025,bedrift og mosjonslag mix flest kvinner,189,8034,Center for Precision Psychiatry (Oslo Universitetssykehus),1:18:21,4701.0,https://www.sportsidioten.no/resultater/bedrift-og-mosjonslag-mix-flest-kvinner-holmenkollstafetten-2025/
2025,bedrift og mosjonslag mix flest kvinner,190,12265,Sør-Vekkom Lauparlag 2 (Sør-Vekkom Lauparlag),1:18:21,4701.0,https://www.sportsidioten.no/resultater/bedrift-og-mosjonslag-mix-flest-kvinner-holmenkollstafetten-2025/
2025,bedrift og mosjonslag mix flest kvinner,191,11621,Eat Pasta Run Fasta (ESN Oslo),1:18:25,4705.0,https://www.sportsidioten.no/resultater/bedrift-og-mosjonslag-mix-flest-kvinner-holmenkollstafetten-2025/
2025,bedrift og mosjonslag mix flest kvinner,192,9057,Røyslimoen skole,1:18:28,4708.0,https://www.sportsidioten.no/resultater/bedrift-og-mosjonslag-mix-flest-kvinner-holmenkollstafetten-2025/
2025,bedrift og mosjonslag mix flest kvinner,193,11286,CIM-RHT (OsloMet – Storbyuniversitetet),1:18:30,4710.0,https://www.sportsidioten.no/resultater/bedrift-og-mosjonslag-mix-flest-kvinner-holmenkollstafetten-2025/
2025,bedrift og mosjonslag mix flest kvinner,194,7250,VT-løp Ullevål,1:18:36,4716.0,https://www.sportsidioten.no/resultater/bedrift-og-mosjonslag-mix-flest-kvinner-holmenkollstafetten-2025/
2025,bedrift og mosjonslag mix flest kvinner,195,9459,Skøyenåsen skole 1 (Skøyenåsen skole),1:18:36,4716.0,https://www.sportsidioten.no/resultater/bedrift-og-mosjonslag-mix-flest-kvinner-holmenkollstafetten-2025/
2025,bedrift og mosjonslag mix flest kvinner,196,9055,"Princess rød , Princess hvit 1 (PRINCESSGRUPPEN AS)",1:18:41,4721.0,https://www.sportsidioten.no/resultater/bedrift-og-mosjonslag-mix-flest-kvinner-holmenkollstafetten-2025/
2025,bedrift og mosjonslag mix flest kvinner,197,11618,Blindern Tott (Blindern VGS),1:18:42,4722.0,https://www.sportsidioten.no/resultater/bedrift-og-mosjonslag-mix-flest-kvinner-holmenkollstafetten-2025/
2025,bedrift og mosjonslag mix flest kvinner,198,5913,"UiO SUM (SUM, Universitetet i Oslo)",1:18:44,4724.0,https://www.sportsidioten.no/resultater/bedrift-og-mosjonslag-mix-flest-kvinner-holmenkollstafetten-2025/
2025,bedrift og mosjonslag mix flest kvinner,199,7278,Nordea DDS&E (Nordea Bank),1:18:46,4726.0,https://www.sportsidioten.no/resultater/bedrift-og-mosjonslag-mix-flest-kvinner-holmenkollstafetten-2025/
2025,bedrift og mosjonslag mix flest kvinner,200,7806,Fernanda Nissen skole,1:18:47,4727.0,https://www.sportsidioten.no/resultater/bedrift-og-mosjonslag-mix-flest-kvinner-holmenkollstafetten-2025/
2025,bedrift og mosjonslag mix flest kvinner,201,11656,Ronken Gjøvik (SIHF Bildediagnostikk avd Gjøvik),1:18:49,4729.0,https://www.sportsidioten.no/resultater/bedrift-og-mosjonslag-mix-flest-kvinner-holmenkollstafetten-2025/
2025,bedrift og mosjonslag mix flest kvinner,202,8313,The Winning Team (Ålesund sjukehus),1:18:50,4730.0,https://www.sportsidioten.no/resultater/bedrift-og-mosjonslag-mix-flest-kvinner-holmenkollstafetten-2025/
2025,bedrift og mosjonslag mix flest kvinner,203,8021,Dalan (Dalan advokatfirma),1:18:51,4731.0,https://www.sportsidioten.no/resultater/bedrift-og-mosjonslag-mix-flest-kvinner-holmenkollstafetten-2025/
2025,bedrift og mosjonslag mix flest kvinner,204,8900,Troms Kraft BIL,1:18:57,4737.0,https://www.sportsidioten.no/resultater/bedrift-og-mosjonslag-mix-flest-kvinner-holmenkollstafetten-2025/
2025,bedrift og mosjonslag mix flest kvinner,205,7095,"Kreftavdelinga Ålesund (Kreftavdelinga Ålesund, Helse Møre og Romsdal)",1:19:01,4741.0,https://www.sportsidioten.no/resultater/bedrift-og-mosjonslag-mix-flest-kvinner-holmenkollstafetten-2025/
2025,bedrift og mosjonslag mix flest kvinner,206,7708,Bymiljøetaten 2 (Bymiljøetaten),1:19:02,4742.0,https://www.sportsidioten.no/resultater/bedrift-og-mosjonslag-mix-flest-kvinner-holmenkollstafetten-2025/
2025,bedrift og mosjonslag mix flest kvinner,207,6444,Lederlaget Ahus (Akershus Universitetssykehus),1:19:05,4745.0,https://www.sportsidioten.no/resultater/bedrift-og-mosjonslag-mix-flest-kvinner-holmenkollstafetten-2025/
2025,bedrift og mosjonslag mix flest kvinner,208,7864,Team Thommessen 3 (Advokatfirmaet Thommessen),1:19:05,4745.0,https://www.sportsidioten.no/resultater/bedrift-og-mosjonslag-mix-flest-kvinner-holmenkollstafetten-2025/
2025,bedrift og mosjonslag mix flest kvinner,209,8691,Den Franske Skolen I OSLO,1:19:07,4747.0,https://www.sportsidioten.no/resultater/bedrift-og-mosjonslag-mix-flest-kvinner-holmenkollstafetten-2025/
2025,bedrift og mosjonslag mix flest kvinner,210,10406,Langeland skole,1:19:08,4748.0,https://www.sportsidioten.no/resultater/bedrift-og-mosjonslag-mix-flest-kvinner-holmenkollstafetten-2025/
2025,bedrift og mosjonslag mix flest kvinner,211,10297,Akuttmottaket 2 (Sørlandet sykehus Kristiansand),1:19:08,4748.0,https://www.sportsidioten.no/resultater/bedrift-og-mosjonslag-mix-flest-kvinner-holmenkollstafetten-2025/
2025,bedrift og mosjonslag mix flest kvinner,212,10080,Orkla 5 (Orkla),1:19:11,4751.0,https://www.sportsidioten.no/resultater/bedrift-og-mosjonslag-mix-flest-kvinner-holmenkollstafetten-2025/
2025,bedrift og mosjonslag mix flest kvinner,213,7902,Øyeavdelingen Arendal (Sørlandet sykehus HF),1:19:11,4751.0,https://www.sportsidioten.no/resultater/bedrift-og-mosjonslag-mix-flest-kvinner-holmenkollstafetten-2025/
2025,bedrift og mosjonslag mix flest kvinner,214,9089,Advokatfirmaet Berngaard,1:19:15,4755.0,https://www.sportsidioten.no/resultater/bedrift-og-mosjonslag-mix-flest-kvinner-holmenkollstafetten-2025/
2025,bedrift og mosjonslag mix flest kvinner,215,7299,The Staff Sprinters (Statkraft),1:19:15,4755.0,https://www.sportsidioten.no/resultater/bedrift-og-mosjonslag-mix-flest-kvinner-holmenkollstafetten-2025/
2025,bedrift og mosjonslag mix flest kvinner,216,7834,Ullevål skole (Ullevål skole (Oslo kommune)),1:19:18,4758.0,https://www.sportsidioten.no/resultater/bedrift-og-mosjonslag-mix-flest-kvinner-holmenkollstafetten-2025/
2025,bedrift og mosjonslag mix flest kvinner,217,5256,Advokatfirmaet Arntzen 2 (Advokatfirmaet Arntzen AS),1:19:19,4759.0,https://www.sportsidioten.no/resultater/bedrift-og-mosjonslag-mix-flest-kvinner-holmenkollstafetten-2025/
2025,bedrift og mosjonslag mix flest kvinner,218,9064,OUS Nyre (Nyremedisinsk avdeling Oslo universitetssykehus),1:19:22,4762.0,https://www.sportsidioten.no/resultater/bedrift-og-mosjonslag-mix-flest-kvinner-holmenkollstafetten-2025/
2025,bedrift og mosjonslag mix flest kvinner,219,8500,Slemdal Skole,1:19:24,4764.0,https://www.sportsidioten.no/resultater/bedrift-og-mosjonslag-mix-flest-kvinner-holmenkollstafetten-2025/
2025,bedrift og mosjonslag mix flest kvinner,220,9433,"Anestesiavdelingen, Drammen sykehus, Vestre Viken",1:19:25,4765.0,https://www.sportsidioten.no/resultater/bedrift-og-mosjonslag-mix-flest-kvinner-holmenkollstafetten-2025/
2025,bedrift og mosjonslag mix flest kvinner,221,9220,SAV Lovisenberg (Lovisenberg Diakonale sykehus),1:19:26,4766.0,https://www.sportsidioten.no/resultater/bedrift-og-mosjonslag-mix-flest-kvinner-holmenkollstafetten-2025/
2025,bedrift og mosjonslag mix flest kvinner,222,7831,Unicare Hokksund,1:19:29,4769.0,https://www.sportsidioten.no/resultater/bedrift-og-mosjonslag-mix-flest-kvinner-holmenkollstafetten-2025/
2025,bedrift og mosjonslag mix flest kvinner,223,10255,"Solsvingen (Frelsesarmeens barne- og familievern, Solsvingen)",1:19:30,4770.0,https://www.sportsidioten.no/resultater/bedrift-og-mosjonslag-mix-flest-kvinner-holmenkollstafetten-2025/
2025,bedrift og mosjonslag mix flest kvinner,224,6437,EY BIL – People Consulting (EY),1:19:32,4772.0,https://www.sportsidioten.no/resultater/bedrift-og-mosjonslag-mix-flest-kvinner-holmenkollstafetten-2025/
2025,bedrift og mosjonslag mix flest kvinner,225,9219,LUIsvett 1 (OsloMet – LUI),1:19:34,4774.0,https://www.sportsidioten.no/resultater/bedrift-og-mosjonslag-mix-flest-kvinner-holmenkollstafetten-2025/
2025,bedrift og mosjonslag mix flest kvinner,226,8919,Servicekontoret 1 (GODT BRØD NORGE AS),1:19:34,4774.0,https://www.sportsidioten.no/resultater/bedrift-og-mosjonslag-mix-flest-kvinner-holmenkollstafetten-2025/
2025,bedrift og mosjonslag mix flest kvinner,227,10713,Team Feel24 (Feel24 AS),1:19:36,4776.0,https://www.sportsidioten.no/resultater/bedrift-og-mosjonslag-mix-flest-kvinner-holmenkollstafetten-2025/
2025,bedrift og mosjonslag mix flest kvinner,228,7610,Ekeberg Runners Club (Ekeberg Skole),1:19:36,4776.0,https://www.sportsidioten.no/resultater/bedrift-og-mosjonslag-mix-flest-kvinner-holmenkollstafetten-2025/
2025,bedrift og mosjonslag mix flest kvinner,229,10467,Orkla Foods Norge 4 (Orkla Foods Norge),1:19:38,4778.0,https://www.sportsidioten.no/resultater/bedrift-og-mosjonslag-mix-flest-kvinner-holmenkollstafetten-2025/
2025,bedrift og mosjonslag mix flest kvinner,230,10404,Jølstad (Jølstad Begravelsesbyrå),1:19:42,4782.0,https://www.sportsidioten.no/resultater/bedrift-og-mosjonslag-mix-flest-kvinner-holmenkollstafetten-2025/
2025,bedrift og mosjonslag mix flest kvinner,231,7850,Folkehelseinstituttet BIL 3 (Folkehelseinstituttet BIL),1:19:42,4782.0,https://www.sportsidioten.no/resultater/bedrift-og-mosjonslag-mix-flest-kvinner-holmenkollstafetten-2025/
2025,bedrift og mosjonslag mix flest kvinner,232,9093,"Vann og vannmiljø (Vann og vannmiljø, Asker kommune)",1:19:44,4784.0,https://www.sportsidioten.no/resultater/bedrift-og-mosjonslag-mix-flest-kvinner-holmenkollstafetten-2025/
2025,bedrift og mosjonslag mix flest kvinner,233,6817,Nordberglaget (Nordberg skole),1:19:44,4784.0,https://www.sportsidioten.no/resultater/bedrift-og-mosjonslag-mix-flest-kvinner-holmenkollstafetten-2025/
2025,bedrift og mosjonslag mix flest kvinner,234,6515,Svetteklinikken (Lungeavdelingen Ahus),1:19:45,4785.0,https://www.sportsidioten.no/resultater/bedrift-og-mosjonslag-mix-flest-kvinner-holmenkollstafetten-2025/
2025,bedrift og mosjonslag mix flest kvinner,235,8871,Advokatfirmaet Sulland,1:19:47,4787.0,https://www.sportsidioten.no/resultater/bedrift-og-mosjonslag-mix-flest-kvinner-holmenkollstafetten-2025/
2025,bedrift og mosjonslag mix flest kvinner,236,7223,Myrens Treningssenter,1:19:48,4788.0,https://www.sportsidioten.no/resultater/bedrift-og-mosjonslag-mix-flest-kvinner-holmenkollstafetten-2025/
2025,bedrift og mosjonslag mix flest kvinner,237,11860,The People Company,1:19:48,4788.0,https://www.sportsidioten.no/resultater/bedrift-og-mosjonslag-mix-flest-kvinner-holmenkollstafetten-2025/
2025,bedrift og mosjonslag mix flest kvinner,238,7706,Bymiljøetaten 3 (Bymiljøetaten),1:19:49,4789.0,https://www.sportsidioten.no/resultater/bedrift-og-mosjonslag-mix-flest-kvinner-holmenkollstafetten-2025/
2025,bedrift og mosjonslag mix flest kvinner,239,10863,Postoperativ Ullevål sykehus,1:19:49,4789.0,https://www.sportsidioten.no/resultater/bedrift-og-mosjonslag-mix-flest-kvinner-holmenkollstafetten-2025/
2025,bedrift og mosjonslag mix flest kvinner,240,12025,Trøste og bære (Lillestrøm kommune psykisk helse og avhengighet),1:19:50,4790.0,https://www.sportsidioten.no/resultater/bedrift-og-mosjonslag-mix-flest-kvinner-holmenkollstafetten-2025/
2025,bedrift og mosjonslag mix flest kvinner,241,7668,Kristianslyst skole,1:19:51,4791.0,https://www.sportsidioten.no/resultater/bedrift-og-mosjonslag-mix-flest-kvinner-holmenkollstafetten-2025/
2025,bedrift og mosjonslag mix flest kvinner,242,9628,Siggerud skole,1:19:51,4791.0,https://www.sportsidioten.no/resultater/bedrift-og-mosjonslag-mix-flest-kvinner-holmenkollstafetten-2025/
2025,bedrift og mosjonslag mix flest kvinner,243,10278,Virkelig i Toppform (VIT) 2 (TheVIT),1:19:53,4793.0,https://www.sportsidioten.no/resultater/bedrift-og-mosjonslag-mix-flest-kvinner-holmenkollstafetten-2025/
2025,bedrift og mosjonslag mix flest kvinner,244,8501,Try Opt,1:19:54,4794.0,https://www.sportsidioten.no/resultater/bedrift-og-mosjonslag-mix-flest-kvinner-holmenkollstafetten-2025/
2025,bedrift og mosjonslag mix flest kvinner,245,8922,Gastrokirurgisk sengepost 3 Ullevål (OUS Gastrokirurgisk sengepost 3),1:19:54,4794.0,https://www.sportsidioten.no/resultater/bedrift-og-mosjonslag-mix-flest-kvinner-holmenkollstafetten-2025/
2025,bedrift og mosjonslag mix flest kvinner,246,7892,Team Thommessen 2 (Advokatfirmaet Thommessen),1:19:56,4796.0,https://www.sportsidioten.no/resultater/bedrift-og-mosjonslag-mix-flest-kvinner-holmenkollstafetten-2025/
2025,bedrift og mosjonslag mix flest kvinner,247,9255,Thoraxintensiv (Thoraxintensiv OUS),1:19:57,4797.0,https://www.sportsidioten.no/resultater/bedrift-og-mosjonslag-mix-flest-kvinner-holmenkollstafetten-2025/
2025,bedrift og mosjonslag mix flest kvinner,248,12201,"Vestre Viken, Bærum Sykehus – Rullatorbanden (SEF) (Vestre Viken HF, Bærum Sykehus)",1:19:58,4798.0,https://www.sportsidioten.no/resultater/bedrift-og-mosjonslag-mix-flest-kvinner-holmenkollstafetten-2025/
2025,bedrift og mosjonslag mix flest kvinner,249,11068,Kredittbanken (Kredittbanken ASA),1:19:58,4798.0,https://www.sportsidioten.no/resultater/bedrift-og-mosjonslag-mix-flest-kvinner-holmenkollstafetten-2025/
2025,bedrift og mosjonslag mix flest kvinner,250,8060,Kid,1:19:59,4799.0,https://www.sportsidioten.no/resultater/bedrift-og-mosjonslag-mix-flest-kvinner-holmenkollstafetten-2025/
2025,bedrift og mosjonslag mix flest kvinner,251,11879,MartheFondet,1:19:59,4799.0,https://www.sportsidioten.no/resultater/bedrift-og-mosjonslag-mix-flest-kvinner-holmenkollstafetten-2025/
2025,bedrift og mosjonslag mix flest kvinner,252,12251,Studentsamskipnaden SiO 2 (Studentsamskipnaden SiO),1:20:01,4801.0,https://www.sportsidioten.no/resultater/bedrift-og-mosjonslag-mix-flest-kvinner-holmenkollstafetten-2025/
2025,bedrift og mosjonslag mix flest kvinner,253,7685,SATS Bislett (SATS),1:20:01,4801.0,https://www.sportsidioten.no/resultater/bedrift-og-mosjonslag-mix-flest-kvinner-holmenkollstafetten-2025/
2025,bedrift og mosjonslag mix flest kvinner,254,8113,Borgen Ungdomsskole,1:20:01,4801.0,https://www.sportsidioten.no/resultater/bedrift-og-mosjonslag-mix-flest-kvinner-holmenkollstafetten-2025/
2025,bedrift og mosjonslag mix flest kvinner,255,10457,Accenture 4 (Accenture),1:20:02,4802.0,https://www.sportsidioten.no/resultater/bedrift-og-mosjonslag-mix-flest-kvinner-holmenkollstafetten-2025/
2025,bedrift og mosjonslag mix flest kvinner,256,8067,Hersleb VGS,1:20:04,4804.0,https://www.sportsidioten.no/resultater/bedrift-og-mosjonslag-mix-flest-kvinner-holmenkollstafetten-2025/
2025,bedrift og mosjonslag mix flest kvinner,257,8477,Active Brands 2 (Active Brands AS),1:20:04,4804.0,https://www.sportsidioten.no/resultater/bedrift-og-mosjonslag-mix-flest-kvinner-holmenkollstafetten-2025/
2025,bedrift og mosjonslag mix flest kvinner,258,8277,Oslo Economics 2 (Oslo Economics),1:20:05,4805.0,https://www.sportsidioten.no/resultater/bedrift-og-mosjonslag-mix-flest-kvinner-holmenkollstafetten-2025/
2025,bedrift og mosjonslag mix flest kvinner,259,11638,LIS1 Drammen,1:20:08,4808.0,https://www.sportsidioten.no/resultater/bedrift-og-mosjonslag-mix-flest-kvinner-holmenkollstafetten-2025/
2025,bedrift og mosjonslag mix flest kvinner,260,12264,Sats Schous Plass (SATS – Schous Plass),1:20:12,4812.0,https://www.sportsidioten.no/resultater/bedrift-og-mosjonslag-mix-flest-kvinner-holmenkollstafetten-2025/
2025,bedrift og mosjonslag mix flest kvinner,261,11033,MiK/CRESCO_2 (MiK/CRESCO),1:20:13,4813.0,https://www.sportsidioten.no/resultater/bedrift-og-mosjonslag-mix-flest-kvinner-holmenkollstafetten-2025/
2025,bedrift og mosjonslag mix flest kvinner,262,8668,Aurskog Sparebank,1:20:14,4814.0,https://www.sportsidioten.no/resultater/bedrift-og-mosjonslag-mix-flest-kvinner-holmenkollstafetten-2025/
2025,bedrift og mosjonslag mix flest kvinner,263,10051,Bakers running club 2 (bake me up),1:20:15,4815.0,https://www.sportsidioten.no/resultater/bedrift-og-mosjonslag-mix-flest-kvinner-holmenkollstafetten-2025/
2025,bedrift og mosjonslag mix flest kvinner,264,9026,UDIR BIL 1 (Utdanningsdirektoratet),1:20:15,4815.0,https://www.sportsidioten.no/resultater/bedrift-og-mosjonslag-mix-flest-kvinner-holmenkollstafetten-2025/
2025,bedrift og mosjonslag mix flest kvinner,265,7863,Hoppensprek (Hoppensprett Akademiet VGS Jessheim AS),1:20:18,4818.0,https://www.sportsidioten.no/resultater/bedrift-og-mosjonslag-mix-flest-kvinner-holmenkollstafetten-2025/
2025,bedrift og mosjonslag mix flest kvinner,266,10053,Team NSF Oslo (Barnekirurgen Ullevål),1:20:18,4818.0,https://www.sportsidioten.no/resultater/bedrift-og-mosjonslag-mix-flest-kvinner-holmenkollstafetten-2025/
2025,bedrift og mosjonslag mix flest kvinner,267,11715,Bufdir 2 (Bufdir),1:20:19,4819.0,https://www.sportsidioten.no/resultater/bedrift-og-mosjonslag-mix-flest-kvinner-holmenkollstafetten-2025/
2025,bedrift og mosjonslag mix flest kvinner,268,5827,FUF mixed,1:20:19,4819.0,https://www.sportsidioten.no/resultater/bedrift-og-mosjonslag-mix-flest-kvinner-holmenkollstafetten-2025/
2025,bedrift og mosjonslag mix flest kvinner,269,6442,DPS Øvre Romerike (Akershus universitetssykehus),1:20:20,4820.0,https://www.sportsidioten.no/resultater/bedrift-og-mosjonslag-mix-flest-kvinner-holmenkollstafetten-2025/
2025,bedrift og mosjonslag mix flest kvinner,270,8307,Ås vgs. Lag 2 (Ås videregående skole),1:20:20,4820.0,https://www.sportsidioten.no/resultater/bedrift-og-mosjonslag-mix-flest-kvinner-holmenkollstafetten-2025/
2025,bedrift og mosjonslag mix flest kvinner,271,8495,Rikshospitalet- Gastro/Uro kirurgisk avd.,1:20:20,4820.0,https://www.sportsidioten.no/resultater/bedrift-og-mosjonslag-mix-flest-kvinner-holmenkollstafetten-2025/
2025,bedrift og mosjonslag mix flest kvinner,272,11457,FysioElverum (Linjeforening),1:20:22,4822.0,https://www.sportsidioten.no/resultater/bedrift-og-mosjonslag-mix-flest-kvinner-holmenkollstafetten-2025/
2025,bedrift og mosjonslag mix flest kvinner,273,11830,Røntgen Legevakta (KRN Aker Legevakt),1:20:22,4822.0,https://www.sportsidioten.no/resultater/bedrift-og-mosjonslag-mix-flest-kvinner-holmenkollstafetten-2025/
2025,bedrift og mosjonslag mix flest kvinner,274,7697,Bjørkelangen skole,1:20:24,4824.0,https://www.sportsidioten.no/resultater/bedrift-og-mosjonslag-mix-flest-kvinner-holmenkollstafetten-2025/
2025,bedrift og mosjonslag mix flest kvinner,275,10202,Oslo Tannlegeforening 2 (Oslo Tannlegeforening),1:20:25,4825.0,https://www.sportsidioten.no/resultater/bedrift-og-mosjonslag-mix-flest-kvinner-holmenkollstafetten-2025/
2025,bedrift og mosjonslag mix flest kvinner,276,10904,Oslo Maraton (Oslo Maraton AS),1:20:26,4826.0,https://www.sportsidioten.no/resultater/bedrift-og-mosjonslag-mix-flest-kvinner-holmenkollstafetten-2025/
2025,bedrift og mosjonslag mix flest kvinner,277,10864,Tenden Elite (Tenden Advokatfirma ANS),1:20:28,4828.0,https://www.sportsidioten.no/resultater/bedrift-og-mosjonslag-mix-flest-kvinner-holmenkollstafetten-2025/
2025,bedrift og mosjonslag mix flest kvinner,278,8262,Nordisk senter,1:20:29,4829.0,https://www.sportsidioten.no/resultater/bedrift-og-mosjonslag-mix-flest-kvinner-holmenkollstafetten-2025/
2025,bedrift og mosjonslag mix flest kvinner,279,8846,Notodden Sykehus (Sykehuset Telemark),1:20:33,4833.0,https://www.sportsidioten.no/resultater/bedrift-og-mosjonslag-mix-flest-kvinner-holmenkollstafetten-2025/
2025,bedrift og mosjonslag mix flest kvinner,280,8614,Nesodden VGS,1:20:33,4833.0,https://www.sportsidioten.no/resultater/bedrift-og-mosjonslag-mix-flest-kvinner-holmenkollstafetten-2025/
2025,bedrift og mosjonslag mix flest kvinner,281,9678,Manpower BIL 2 (Manpower Group),1:20:34,4834.0,https://www.sportsidioten.no/resultater/bedrift-og-mosjonslag-mix-flest-kvinner-holmenkollstafetten-2025/
2025,bedrift og mosjonslag mix flest kvinner,282,7062,Visma Software 2 (Visma Software AS),1:20:34,4834.0,https://www.sportsidioten.no/resultater/bedrift-og-mosjonslag-mix-flest-kvinner-holmenkollstafetten-2025/
2025,bedrift og mosjonslag mix flest kvinner,283,7628,Edvard Munch vgs.,1:20:34,4834.0,https://www.sportsidioten.no/resultater/bedrift-og-mosjonslag-mix-flest-kvinner-holmenkollstafetten-2025/
2025,bedrift og mosjonslag mix flest kvinner,284,7691,NPE 1 (Norsk pasientskadeerstatning),1:20:35,4835.0,https://www.sportsidioten.no/resultater/bedrift-og-mosjonslag-mix-flest-kvinner-holmenkollstafetten-2025/
2025,bedrift og mosjonslag mix flest kvinner,285,9692,Advisense 1 (Advisense),1:20:35,4835.0,https://www.sportsidioten.no/resultater/bedrift-og-mosjonslag-mix-flest-kvinner-holmenkollstafetten-2025/
2025,bedrift og mosjonslag mix flest kvinner,286,8602,Teleplan Globe 1 (Teleplan Globe),1:20:37,4837.0,https://www.sportsidioten.no/resultater/bedrift-og-mosjonslag-mix-flest-kvinner-holmenkollstafetten-2025/
2025,bedrift og mosjonslag mix flest kvinner,287,9669,Vestby kommune,1:20:39,4839.0,https://www.sportsidioten.no/resultater/bedrift-og-mosjonslag-mix-flest-kvinner-holmenkollstafetten-2025/
2025,bedrift og mosjonslag mix flest kvinner,288,7680,ETT – bydel Sagene (Oslo kommune),1:20:39,4839.0,https://www.sportsidioten.no/resultater/bedrift-og-mosjonslag-mix-flest-kvinner-holmenkollstafetten-2025/
2025,bedrift og mosjonslag mix flest kvinner,289,7055,Krimvakta,1:20:40,4840.0,https://www.sportsidioten.no/resultater/bedrift-og-mosjonslag-mix-flest-kvinner-holmenkollstafetten-2025/
2025,bedrift og mosjonslag mix flest kvinner,290,8869,Ellingsrudåsen skole,1:20:42,4842.0,https://www.sportsidioten.no/resultater/bedrift-og-mosjonslag-mix-flest-kvinner-holmenkollstafetten-2025/
2025,bedrift og mosjonslag mix flest kvinner,291,11867,HTS BeSafe AS,1:20:44,4844.0,https://www.sportsidioten.no/resultater/bedrift-og-mosjonslag-mix-flest-kvinner-holmenkollstafetten-2025/
2025,bedrift og mosjonslag mix flest kvinner,292,9080,Team klonal ekspress – IMM (Oslo universitetssykehus HF),1:20:45,4845.0,https://www.sportsidioten.no/resultater/bedrift-og-mosjonslag-mix-flest-kvinner-holmenkollstafetten-2025/
2025,bedrift og mosjonslag mix flest kvinner,293,8220,Wikborg Rein BIL (Wikborg Rein Advokatfirma AS),1:20:45,4845.0,https://www.sportsidioten.no/resultater/bedrift-og-mosjonslag-mix-flest-kvinner-holmenkollstafetten-2025/
2025,bedrift og mosjonslag mix flest kvinner,294,6644,JCP RUN (Just Cruzin’ Production AS),1:20:46,4846.0,https://www.sportsidioten.no/resultater/bedrift-og-mosjonslag-mix-flest-kvinner-holmenkollstafetten-2025/
2025,bedrift og mosjonslag mix flest kvinner,295,7100,Oda Social Team 7 (Oda Group Services),1:20:49,4849.0,https://www.sportsidioten.no/resultater/bedrift-og-mosjonslag-mix-flest-kvinner-holmenkollstafetten-2025/
2025,bedrift og mosjonslag mix flest kvinner,296,11311,Biggens brus og bensin klubben (PHS Stavern),1:20:49,4849.0,https://www.sportsidioten.no/resultater/bedrift-og-mosjonslag-mix-flest-kvinner-holmenkollstafetten-2025/
2025,bedrift og mosjonslag mix flest kvinner,297,11085,Akuttmottaket Ullevål 1 (OUS – Akuttmottaket Ullevål),1:20:51,4851.0,https://www.sportsidioten.no/resultater/bedrift-og-mosjonslag-mix-flest-kvinner-holmenkollstafetten-2025/
2025,bedrift og mosjonslag mix flest kvinner,298,8227,Kripos IOT (Kripos IL),1:20:53,4853.0,https://www.sportsidioten.no/resultater/bedrift-og-mosjonslag-mix-flest-kvinner-holmenkollstafetten-2025/
2025,bedrift og mosjonslag mix flest kvinner,299,8112,Elden (Elden Advokatfirma AS),1:20:55,4855.0,https://www.sportsidioten.no/resultater/bedrift-og-mosjonslag-mix-flest-kvinner-holmenkollstafetten-2025/
2025,bedrift og mosjonslag mix flest kvinner,300,11278,Hellerud VGS,1:20:55,4855.0,https://www.sportsidioten.no/resultater/bedrift-og-mosjonslag-mix-flest-kvinner-holmenkollstafetten-2025/
2025,bedrift og mosjonslag mix flest kvinner,301,6843,F21 (Fyrstikkalleen skole),1:20:55,4855.0,https://www.sportsidioten.no/resultater/bedrift-og-mosjonslag-mix-flest-kvinner-holmenkollstafetten-2025/
2025,bedrift og mosjonslag mix flest kvinner,302,12010,Sopra Steria Etlitelag (Sopra Steria),1:20:56,4856.0,https://www.sportsidioten.no/resultater/bedrift-og-mosjonslag-mix-flest-kvinner-holmenkollstafetten-2025/
2025,bedrift og mosjonslag mix flest kvinner,303,9032,Econpartner 1 (Econpartner AS),1:20:58,4858.0,https://www.sportsidioten.no/resultater/bedrift-og-mosjonslag-mix-flest-kvinner-holmenkollstafetten-2025/
2025,bedrift og mosjonslag mix flest kvinner,304,11644,Senter for profesjonsforskning,1:21:04,4864.0,https://www.sportsidioten.no/resultater/bedrift-og-mosjonslag-mix-flest-kvinner-holmenkollstafetten-2025/
2025,bedrift og mosjonslag mix flest kvinner,305,8284,Grindaker landskapsarkitekter as,1:21:10,4870.0,https://www.sportsidioten.no/resultater/bedrift-og-mosjonslag-mix-flest-kvinner-holmenkollstafetten-2025/
2025,bedrift og mosjonslag mix flest kvinner,306,7626,Folkehelseinstituttet BIL 2 (Folkehelseinstituttet BIL),1:21:10,4870.0,https://www.sportsidioten.no/resultater/bedrift-og-mosjonslag-mix-flest-kvinner-holmenkollstafetten-2025/
2025,bedrift og mosjonslag mix flest kvinner,307,6672,Sagbråten,1:21:13,4873.0,https://www.sportsidioten.no/resultater/bedrift-og-mosjonslag-mix-flest-kvinner-holmenkollstafetten-2025/
2025,bedrift og mosjonslag mix flest kvinner,308,7635,DeepOcean,1:21:14,4874.0,https://www.sportsidioten.no/resultater/bedrift-og-mosjonslag-mix-flest-kvinner-holmenkollstafetten-2025/
2025,bedrift og mosjonslag mix flest kvinner,309,8072,Microbe Runners (UNN Tromsø),1:21:15,4875.0,https://www.sportsidioten.no/resultater/bedrift-og-mosjonslag-mix-flest-kvinner-holmenkollstafetten-2025/
2025,bedrift og mosjonslag mix flest kvinner,310,5825,Team Skaanes,1:21:17,4877.0,https://www.sportsidioten.no/resultater/bedrift-og-mosjonslag-mix-flest-kvinner-holmenkollstafetten-2025/
2025,bedrift og mosjonslag mix flest kvinner,311,9402,Bjørnsletta (Bjørnsletta skole),1:21:23,4883.0,https://www.sportsidioten.no/resultater/bedrift-og-mosjonslag-mix-flest-kvinner-holmenkollstafetten-2025/
2025,bedrift og mosjonslag mix flest kvinner,312,11084,Akuttmottaket Ullevål 2 (OUS – Akuttmottaket Ullevål),1:21:24,4884.0,https://www.sportsidioten.no/resultater/bedrift-og-mosjonslag-mix-flest-kvinner-holmenkollstafetten-2025/
2025,bedrift og mosjonslag mix flest kvinner,313,8826,Nordseter BIL 1 (Nordseter skole),1:21:27,4887.0,https://www.sportsidioten.no/resultater/bedrift-og-mosjonslag-mix-flest-kvinner-holmenkollstafetten-2025/
2025,bedrift og mosjonslag mix flest kvinner,314,9491,Nav Gamle Oslo,1:21:29,4889.0,https://www.sportsidioten.no/resultater/bedrift-og-mosjonslag-mix-flest-kvinner-holmenkollstafetten-2025/
2025,bedrift og mosjonslag mix flest kvinner,315,10463,Skjetten skole,1:21:31,4891.0,https://www.sportsidioten.no/resultater/bedrift-og-mosjonslag-mix-flest-kvinner-holmenkollstafetten-2025/
2025,bedrift og mosjonslag mix flest kvinner,316,12044,ARTBIO,1:21:32,4892.0,https://www.sportsidioten.no/resultater/bedrift-og-mosjonslag-mix-flest-kvinner-holmenkollstafetten-2025/
2025,bedrift og mosjonslag mix flest kvinner,317,7856,Metier 2 (Metier),1:21:33,4893.0,https://www.sportsidioten.no/resultater/bedrift-og-mosjonslag-mix-flest-kvinner-holmenkollstafetten-2025/
2025,bedrift og mosjonslag mix flest kvinner,318,9091,Folkehelseinstituttet BIL 5 (Folkehelseinstituttet BIL),1:21:36,4896.0,https://www.sportsidioten.no/resultater/bedrift-og-mosjonslag-mix-flest-kvinner-holmenkollstafetten-2025/
2025,bedrift og mosjonslag mix flest kvinner,319,5001,Garmo IL,1:21:36,4896.0,https://www.sportsidioten.no/resultater/bedrift-og-mosjonslag-mix-flest-kvinner-holmenkollstafetten-2025/
2025,bedrift og mosjonslag mix flest kvinner,320,9305,Vestre Viken Asker BUP (Vestre Viken HF),1:21:37,4897.0,https://www.sportsidioten.no/resultater/bedrift-og-mosjonslag-mix-flest-kvinner-holmenkollstafetten-2025/
2025,bedrift og mosjonslag mix flest kvinner,321,6014,DNB – AML Runners (DNB),1:21:38,4898.0,https://www.sportsidioten.no/resultater/bedrift-og-mosjonslag-mix-flest-kvinner-holmenkollstafetten-2025/
2025,bedrift og mosjonslag mix flest kvinner,322,8876,Berg skole,1:21:40,4900.0,https://www.sportsidioten.no/resultater/bedrift-og-mosjonslag-mix-flest-kvinner-holmenkollstafetten-2025/
2025,bedrift og mosjonslag mix flest kvinner,323,7602,Fursetgruppen Elite (Fursetgruppen AS),1:21:42,4902.0,https://www.sportsidioten.no/resultater/bedrift-og-mosjonslag-mix-flest-kvinner-holmenkollstafetten-2025/
2025,bedrift og mosjonslag mix flest kvinner,324,8459,Renovasjons- og gjenvinningsetaten,1:21:43,4903.0,https://www.sportsidioten.no/resultater/bedrift-og-mosjonslag-mix-flest-kvinner-holmenkollstafetten-2025/
2025,bedrift og mosjonslag mix flest kvinner,325,8912,SANDS Advokatfirma DA,1:21:43,4903.0,https://www.sportsidioten.no/resultater/bedrift-og-mosjonslag-mix-flest-kvinner-holmenkollstafetten-2025/
2025,bedrift og mosjonslag mix flest kvinner,326,8493,OUS Rettsgenetikk (Oslo Universitetssykehus),1:21:44,4904.0,https://www.sportsidioten.no/resultater/bedrift-og-mosjonslag-mix-flest-kvinner-holmenkollstafetten-2025/
2025,bedrift og mosjonslag mix flest kvinner,327,8031,BUP Vest,1:21:44,4904.0,https://www.sportsidioten.no/resultater/bedrift-og-mosjonslag-mix-flest-kvinner-holmenkollstafetten-2025/
2025,bedrift og mosjonslag mix flest kvinner,328,10208,Østmarka,1:21:46,4906.0,https://www.sportsidioten.no/resultater/bedrift-og-mosjonslag-mix-flest-kvinner-holmenkollstafetten-2025/
2025,bedrift og mosjonslag mix flest kvinner,329,6831,Nydalen vgs- lærerlaget (Nydalen vgs),1:21:48,4908.0,https://www.sportsidioten.no/resultater/bedrift-og-mosjonslag-mix-flest-kvinner-holmenkollstafetten-2025/
2025,bedrift og mosjonslag mix flest kvinner,330,8815,Manpower BIL 3 (Manpower Group AS),1:21:49,4909.0,https://www.sportsidioten.no/resultater/bedrift-og-mosjonslag-mix-flest-kvinner-holmenkollstafetten-2025/
2025,bedrift og mosjonslag mix flest kvinner,331,8283,Team NSF Oslo – Thoraxkirurgisk Avdeling Ullevål (Team NSF Oslo),1:21:52,4912.0,https://www.sportsidioten.no/resultater/bedrift-og-mosjonslag-mix-flest-kvinner-holmenkollstafetten-2025/
2025,bedrift og mosjonslag mix flest kvinner,332,7909,Godthaab,1:21:53,4913.0,https://www.sportsidioten.no/resultater/bedrift-og-mosjonslag-mix-flest-kvinner-holmenkollstafetten-2025/
2025,bedrift og mosjonslag mix flest kvinner,333,5488,Schibsted Life (Schibsted Media),1:21:54,4914.0,https://www.sportsidioten.no/resultater/bedrift-og-mosjonslag-mix-flest-kvinner-holmenkollstafetten-2025/
2025,bedrift og mosjonslag mix flest kvinner,334,11653,Norsk Regnesentral 2 (Norsk Regnesentral),1:21:54,4914.0,https://www.sportsidioten.no/resultater/bedrift-og-mosjonslag-mix-flest-kvinner-holmenkollstafetten-2025/
2025,bedrift og mosjonslag mix flest kvinner,335,6846,Ullevål ambulansestasjon,1:21:54,4914.0,https://www.sportsidioten.no/resultater/bedrift-og-mosjonslag-mix-flest-kvinner-holmenkollstafetten-2025/
2025,bedrift og mosjonslag mix flest kvinner,336,8278,Ås vgs. Lag 1 (Ås videregående skole),1:21:55,4915.0,https://www.sportsidioten.no/resultater/bedrift-og-mosjonslag-mix-flest-kvinner-holmenkollstafetten-2025/
2025,bedrift og mosjonslag mix flest kvinner,337,8275,VUSK (Vilberg ungdomsskole),1:21:56,4916.0,https://www.sportsidioten.no/resultater/bedrift-og-mosjonslag-mix-flest-kvinner-holmenkollstafetten-2025/
2025,bedrift og mosjonslag mix flest kvinner,338,11450,DEKSA (Direktoratet for eksportkontroll og sanksjoner),1:21:57,4917.0,https://www.sportsidioten.no/resultater/bedrift-og-mosjonslag-mix-flest-kvinner-holmenkollstafetten-2025/
2025,bedrift og mosjonslag mix flest kvinner,339,12071,Markedssjefene,1:21:57,4917.0,https://www.sportsidioten.no/resultater/bedrift-og-mosjonslag-mix-flest-kvinner-holmenkollstafetten-2025/
2025,bedrift og mosjonslag mix flest kvinner,340,11473,Team Holzweiler (Holzweiler Items As),1:21:57,4917.0,https://www.sportsidioten.no/resultater/bedrift-og-mosjonslag-mix-flest-kvinner-holmenkollstafetten-2025/
2025,bedrift og mosjonslag mix flest kvinner,341,8223,Eikeli videregående skole,1:21:59,4919.0,https://www.sportsidioten.no/resultater/bedrift-og-mosjonslag-mix-flest-kvinner-holmenkollstafetten-2025/
2025,bedrift og mosjonslag mix flest kvinner,342,10225,Arctic 1 3 (Arctic Securities AS),1:22:00,4920.0,https://www.sportsidioten.no/resultater/bedrift-og-mosjonslag-mix-flest-kvinner-holmenkollstafetten-2025/
2025,bedrift og mosjonslag mix flest kvinner,343,9240,Kjeller Tannhelse – Tannkrémen (Kjeller Tannhelse),1:22:01,4921.0,https://www.sportsidioten.no/resultater/bedrift-og-mosjonslag-mix-flest-kvinner-holmenkollstafetten-2025/
2025,bedrift og mosjonslag mix flest kvinner,344,8091,Ila skole,1:22:02,4922.0,https://www.sportsidioten.no/resultater/bedrift-og-mosjonslag-mix-flest-kvinner-holmenkollstafetten-2025/
2025,bedrift og mosjonslag mix flest kvinner,345,8232,Nordstrand helsestasjon og forebyggende tjenester (Nordstrand bydel),1:22:02,4922.0,https://www.sportsidioten.no/resultater/bedrift-og-mosjonslag-mix-flest-kvinner-holmenkollstafetten-2025/
2025,bedrift og mosjonslag mix flest kvinner,346,9422,PO/INTENSIV (Diakonhjemmet sykehus),1:22:02,4922.0,https://www.sportsidioten.no/resultater/bedrift-og-mosjonslag-mix-flest-kvinner-holmenkollstafetten-2025/
2025,bedrift og mosjonslag mix flest kvinner,347,11034,MiK/CRESCO_1 (MiK/CRESCO),1:22:03,4923.0,https://www.sportsidioten.no/resultater/bedrift-og-mosjonslag-mix-flest-kvinner-holmenkollstafetten-2025/
2025,bedrift og mosjonslag mix flest kvinner,348,11048,Thermo Fisher Scientific – Lag 1 (Thermo Fisher Scientific),1:22:05,4925.0,https://www.sportsidioten.no/resultater/bedrift-og-mosjonslag-mix-flest-kvinner-holmenkollstafetten-2025/
2025,bedrift og mosjonslag mix flest kvinner,349,7879,STAMI (Statens arbeidsmiljøinstitutt),1:22:07,4927.0,https://www.sportsidioten.no/resultater/bedrift-og-mosjonslag-mix-flest-kvinner-holmenkollstafetten-2025/
2025,bedrift og mosjonslag mix flest kvinner,350,12232,Purkene (Politi),1:22:07,4927.0,https://www.sportsidioten.no/resultater/bedrift-og-mosjonslag-mix-flest-kvinner-holmenkollstafetten-2025/
2025,bedrift og mosjonslag mix flest kvinner,351,11907,RVTS Øst,1:22:08,4928.0,https://www.sportsidioten.no/resultater/bedrift-og-mosjonslag-mix-flest-kvinner-holmenkollstafetten-2025/
2025,bedrift og mosjonslag mix flest kvinner,352,7656,TRY Råd,1:22:08,4928.0,https://www.sportsidioten.no/resultater/bedrift-og-mosjonslag-mix-flest-kvinner-holmenkollstafetten-2025/
2025,bedrift og mosjonslag mix flest kvinner,353,9234,Team Hartvig Nissens skole (Hartvig Nissens skole),1:22:08,4928.0,https://www.sportsidioten.no/resultater/bedrift-og-mosjonslag-mix-flest-kvinner-holmenkollstafetten-2025/
2025,bedrift og mosjonslag mix flest kvinner,354,7446,Team Thommessen 4 (Advokatfirmaet Thommessen),1:22:10,4930.0,https://www.sportsidioten.no/resultater/bedrift-og-mosjonslag-mix-flest-kvinner-holmenkollstafetten-2025/
2025,bedrift og mosjonslag mix flest kvinner,355,7845,The Running Means (University of Oslo),1:22:12,4932.0,https://www.sportsidioten.no/resultater/bedrift-og-mosjonslag-mix-flest-kvinner-holmenkollstafetten-2025/
2025,bedrift og mosjonslag mix flest kvinner,356,8858,Rustadlaget (Rustad skole),1:22:13,4933.0,https://www.sportsidioten.no/resultater/bedrift-og-mosjonslag-mix-flest-kvinner-holmenkollstafetten-2025/
2025,bedrift og mosjonslag mix flest kvinner,357,8674,Klimaetaten,1:22:13,4933.0,https://www.sportsidioten.no/resultater/bedrift-og-mosjonslag-mix-flest-kvinner-holmenkollstafetten-2025/
2025,bedrift og mosjonslag mix flest kvinner,358,5863,"UiO HFs Dream Team (Det humanistiske fakultet, Universitetet i Oslo)",1:22:14,4934.0,https://www.sportsidioten.no/resultater/bedrift-og-mosjonslag-mix-flest-kvinner-holmenkollstafetten-2025/
2025,bedrift og mosjonslag mix flest kvinner,359,9450,ARKERNE (ARK Bokhandel),1:22:16,4936.0,https://www.sportsidioten.no/resultater/bedrift-og-mosjonslag-mix-flest-kvinner-holmenkollstafetten-2025/
2025,bedrift og mosjonslag mix flest kvinner,360,8714,RBUP Øst og Sør (PILAR RBUP),1:22:17,4937.0,https://www.sportsidioten.no/resultater/bedrift-og-mosjonslag-mix-flest-kvinner-holmenkollstafetten-2025/
2025,bedrift og mosjonslag mix flest kvinner,361,7859,Marienlyst skole Oslo (Marienlyst skole),1:22:17,4937.0,https://www.sportsidioten.no/resultater/bedrift-og-mosjonslag-mix-flest-kvinner-holmenkollstafetten-2025/
2025,bedrift og mosjonslag mix flest kvinner,362,11245,Paulsen & Nilsen (Paulsen & Nilsen AS),1:22:17,4937.0,https://www.sportsidioten.no/resultater/bedrift-og-mosjonslag-mix-flest-kvinner-holmenkollstafetten-2025/
2025,bedrift og mosjonslag mix flest kvinner,363,12111,Lymfom og Sarkom (4sør Radiumhospitalet),1:22:18,4938.0,https://www.sportsidioten.no/resultater/bedrift-og-mosjonslag-mix-flest-kvinner-holmenkollstafetten-2025/
2025,bedrift og mosjonslag mix flest kvinner,364,7652,Løren skole 1 (Løren skole),1:22:18,4938.0,https://www.sportsidioten.no/resultater/bedrift-og-mosjonslag-mix-flest-kvinner-holmenkollstafetten-2025/
2025,bedrift og mosjonslag mix flest kvinner,365,9041,"Nevro/kjeve Opr, Ullevål (OUS)",1:22:19,4939.0,https://www.sportsidioten.no/resultater/bedrift-og-mosjonslag-mix-flest-kvinner-holmenkollstafetten-2025/
2025,bedrift og mosjonslag mix flest kvinner,366,11285,"PAMS 2 (Paramedisinernes studentforening, PAMS)",1:22:21,4941.0,https://www.sportsidioten.no/resultater/bedrift-og-mosjonslag-mix-flest-kvinner-holmenkollstafetten-2025/
2025,bedrift og mosjonslag mix flest kvinner,367,7218,AVCO (Aurlien Vordahl & Co),1:22:24,4944.0,https://www.sportsidioten.no/resultater/bedrift-og-mosjonslag-mix-flest-kvinner-holmenkollstafetten-2025/
2025,bedrift og mosjonslag mix flest kvinner,368,7899,Familielaget Weigård,1:22:24,4944.0,https://www.sportsidioten.no/resultater/bedrift-og-mosjonslag-mix-flest-kvinner-holmenkollstafetten-2025/
2025,bedrift og mosjonslag mix flest kvinner,369,12054,Sats Colosseum Resepsjon (Sats Colosseum),1:22:25,4945.0,https://www.sportsidioten.no/resultater/bedrift-og-mosjonslag-mix-flest-kvinner-holmenkollstafetten-2025/
2025,bedrift og mosjonslag mix flest kvinner,370,8269,Diakonhjemmet Medisin C (Diakonhjemmet Sykehus),1:22:26,4946.0,https://www.sportsidioten.no/resultater/bedrift-og-mosjonslag-mix-flest-kvinner-holmenkollstafetten-2025/
2025,bedrift og mosjonslag mix flest kvinner,371,8862,Radiumhospitalet – Genetikk (Oslo Universitetssykehus),1:22:27,4947.0,https://www.sportsidioten.no/resultater/bedrift-og-mosjonslag-mix-flest-kvinner-holmenkollstafetten-2025/
2025,bedrift og mosjonslag mix flest kvinner,372,8218,INEVO,1:22:30,4950.0,https://www.sportsidioten.no/resultater/bedrift-og-mosjonslag-mix-flest-kvinner-holmenkollstafetten-2025/
2025,bedrift og mosjonslag mix flest kvinner,373,7641,Sem & Johnsen,1:22:30,4950.0,https://www.sportsidioten.no/resultater/bedrift-og-mosjonslag-mix-flest-kvinner-holmenkollstafetten-2025/
2025,bedrift og mosjonslag mix flest kvinner,374,7033,Bekkestua barneskole,1:22:31,4951.0,https://www.sportsidioten.no/resultater/bedrift-og-mosjonslag-mix-flest-kvinner-holmenkollstafetten-2025/
2025,bedrift og mosjonslag mix flest kvinner,375,11483,Nordvik DreamTeam (Nordvik Torshov og Bjørvika),1:22:31,4951.0,https://www.sportsidioten.no/resultater/bedrift-og-mosjonslag-mix-flest-kvinner-holmenkollstafetten-2025/
2025,bedrift og mosjonslag mix flest kvinner,376,9033,Felleskjøpet 2 (Felleskjøpet Agri SA),1:22:33,4953.0,https://www.sportsidioten.no/resultater/bedrift-og-mosjonslag-mix-flest-kvinner-holmenkollstafetten-2025/
2025,bedrift og mosjonslag mix flest kvinner,377,8061,Unicare Landaasen AS,1:22:36,4956.0,https://www.sportsidioten.no/resultater/bedrift-og-mosjonslag-mix-flest-kvinner-holmenkollstafetten-2025/
2025,bedrift og mosjonslag mix flest kvinner,378,10243,Team Rebbestad,1:22:37,4957.0,https://www.sportsidioten.no/resultater/bedrift-og-mosjonslag-mix-flest-kvinner-holmenkollstafetten-2025/
2025,bedrift og mosjonslag mix flest kvinner,379,9206,Lovisenberg Operasjon (Lovisenberg Diakonale Sykehus),1:22:38,4958.0,https://www.sportsidioten.no/resultater/bedrift-og-mosjonslag-mix-flest-kvinner-holmenkollstafetten-2025/
2025,bedrift og mosjonslag mix flest kvinner,380,11115,Meteorologen BIL bris (Meteorologisk institutt),1:22:39,4959.0,https://www.sportsidioten.no/resultater/bedrift-og-mosjonslag-mix-flest-kvinner-holmenkollstafetten-2025/
2025,bedrift og mosjonslag mix flest kvinner,381,10039,Asker kommune – OSU (Asker kommune),1:22:41,4961.0,https://www.sportsidioten.no/resultater/bedrift-og-mosjonslag-mix-flest-kvinner-holmenkollstafetten-2025/
2025,bedrift og mosjonslag mix flest kvinner,382,6447,EY BIL FSO 3 (EY),1:22:41,4961.0,https://www.sportsidioten.no/resultater/bedrift-og-mosjonslag-mix-flest-kvinner-holmenkollstafetten-2025/
2025,bedrift og mosjonslag mix flest kvinner,383,11302,Dr. Brandts barnehage (Pioner barnehager),1:22:44,4964.0,https://www.sportsidioten.no/resultater/bedrift-og-mosjonslag-mix-flest-kvinner-holmenkollstafetten-2025/
2025,bedrift og mosjonslag mix flest kvinner,384,10473,Bydel Nordre Aker hjemmetjenesten 2 (Bydel Nordre Aker – hjemmetjenesten),1:22:44,4964.0,https://www.sportsidioten.no/resultater/bedrift-og-mosjonslag-mix-flest-kvinner-holmenkollstafetten-2025/
2025,bedrift og mosjonslag mix flest kvinner,385,6650,Wavemaker (Wavemaker AS),1:22:45,4965.0,https://www.sportsidioten.no/resultater/bedrift-og-mosjonslag-mix-flest-kvinner-holmenkollstafetten-2025/
2025,bedrift og mosjonslag mix flest kvinner,386,6074,DNB BMN Bedriftssenter 1 (DNB bank ASA),1:22:46,4966.0,https://www.sportsidioten.no/resultater/bedrift-og-mosjonslag-mix-flest-kvinner-holmenkollstafetten-2025/
2025,bedrift og mosjonslag mix flest kvinner,387,11283,Propofools (MASAN 24H),1:22:47,4967.0,https://www.sportsidioten.no/resultater/bedrift-og-mosjonslag-mix-flest-kvinner-holmenkollstafetten-2025/
2025,bedrift og mosjonslag mix flest kvinner,388,8092,Painkillers (Postoperativ Rikshospitalet),1:22:48,4968.0,https://www.sportsidioten.no/resultater/bedrift-og-mosjonslag-mix-flest-kvinner-holmenkollstafetten-2025/
2025,bedrift og mosjonslag mix flest kvinner,389,6044,DNB GC (DNB Bank ASA),1:22:50,4970.0,https://www.sportsidioten.no/resultater/bedrift-og-mosjonslag-mix-flest-kvinner-holmenkollstafetten-2025/
2025,bedrift og mosjonslag mix flest kvinner,390,9609,Norsk filminsttutt ? Løpende forvaltning (Norsk filminstitutt),1:22:52,4972.0,https://www.sportsidioten.no/resultater/bedrift-og-mosjonslag-mix-flest-kvinner-holmenkollstafetten-2025/
2025,bedrift og mosjonslag mix flest kvinner,391,6694,BAMS2 (Oslo universitetssykehus),1:22:55,4975.0,https://www.sportsidioten.no/resultater/bedrift-og-mosjonslag-mix-flest-kvinner-holmenkollstafetten-2025/
2025,bedrift og mosjonslag mix flest kvinner,392,12095,Øyeavdelingen Betanien Hospital,1:22:55,4975.0,https://www.sportsidioten.no/resultater/bedrift-og-mosjonslag-mix-flest-kvinner-holmenkollstafetten-2025/
2025,bedrift og mosjonslag mix flest kvinner,393,7842,NFD Team FI (Nærings- og fiskeridepartementet),1:22:55,4975.0,https://www.sportsidioten.no/resultater/bedrift-og-mosjonslag-mix-flest-kvinner-holmenkollstafetten-2025/
2025,bedrift og mosjonslag mix flest kvinner,394,9879,Landøya ungdomsskole,1:22:56,4976.0,https://www.sportsidioten.no/resultater/bedrift-og-mosjonslag-mix-flest-kvinner-holmenkollstafetten-2025/
2025,bedrift og mosjonslag mix flest kvinner,395,10427,Nevro ninjas (Sykehuset Innlandet),1:23:01,4981.0,https://www.sportsidioten.no/resultater/bedrift-og-mosjonslag-mix-flest-kvinner-holmenkollstafetten-2025/
2025,bedrift og mosjonslag mix flest kvinner,396,8410,Nordpolen skole (Oslo kommune),1:23:02,4982.0,https://www.sportsidioten.no/resultater/bedrift-og-mosjonslag-mix-flest-kvinner-holmenkollstafetten-2025/
2025,bedrift og mosjonslag mix flest kvinner,397,11244,Advokatfirma DLA Piper 2 (Advokatfirma DLA Piper Norway),1:23:02,4982.0,https://www.sportsidioten.no/resultater/bedrift-og-mosjonslag-mix-flest-kvinner-holmenkollstafetten-2025/
2025,bedrift og mosjonslag mix flest kvinner,398,7678,Gjensidige Young Professionals 2 (Gjensidige Forsikring ASA),1:23:04,4984.0,https://www.sportsidioten.no/resultater/bedrift-og-mosjonslag-mix-flest-kvinner-holmenkollstafetten-2025/
2025,bedrift og mosjonslag mix flest kvinner,399,7695,Felleskjøpet 1 (Felleskjøpet Agri SA),1:23:05,4985.0,https://www.sportsidioten.no/resultater/bedrift-og-mosjonslag-mix-flest-kvinner-holmenkollstafetten-2025/
2025,bedrift og mosjonslag mix flest kvinner,400,8663,PHARMAQ BIL 1 (PHARMAQ Bedriftsidrettslag),1:23:09,4989.0,https://www.sportsidioten.no/resultater/bedrift-og-mosjonslag-mix-flest-kvinner-holmenkollstafetten-2025/
2025,bedrift og mosjonslag mix flest kvinner,401,8469,Folkehelseinstituttet BIL 4 (Folkehelseinstituttet BIL),1:23:09,4989.0,https://www.sportsidioten.no/resultater/bedrift-og-mosjonslag-mix-flest-kvinner-holmenkollstafetten-2025/
2025,bedrift og mosjonslag mix flest kvinner,402,9713,Lalm idrettslag,1:23:10,4990.0,https://www.sportsidioten.no/resultater/bedrift-og-mosjonslag-mix-flest-kvinner-holmenkollstafetten-2025/
2025,bedrift og mosjonslag mix flest kvinner,403,8497,NICU warriors (OUS),1:23:10,4990.0,https://www.sportsidioten.no/resultater/bedrift-og-mosjonslag-mix-flest-kvinner-holmenkollstafetten-2025/
2025,bedrift og mosjonslag mix flest kvinner,404,7704,Thermo Fisher Scientific – Lag 2 (Thermo Fisher Scientific),1:23:11,4991.0,https://www.sportsidioten.no/resultater/bedrift-og-mosjonslag-mix-flest-kvinner-holmenkollstafetten-2025/
2025,bedrift og mosjonslag mix flest kvinner,405,10813,URRA 2 (Uranienborg skole),1:23:11,4991.0,https://www.sportsidioten.no/resultater/bedrift-og-mosjonslag-mix-flest-kvinner-holmenkollstafetten-2025/
2025,bedrift og mosjonslag mix flest kvinner,406,8904,Advokatforeningen,1:23:12,4992.0,https://www.sportsidioten.no/resultater/bedrift-og-mosjonslag-mix-flest-kvinner-holmenkollstafetten-2025/
2025,bedrift og mosjonslag mix flest kvinner,407,6704,Indremedisinsk sengepost (Oslo Universitetssykehus HF),1:23:13,4993.0,https://www.sportsidioten.no/resultater/bedrift-og-mosjonslag-mix-flest-kvinner-holmenkollstafetten-2025/
2025,bedrift og mosjonslag mix flest kvinner,408,8609,Seland | Rödl & Partner AS (advokatfirmaet Seland | Rödl & Partner AS),1:23:13,4993.0,https://www.sportsidioten.no/resultater/bedrift-og-mosjonslag-mix-flest-kvinner-holmenkollstafetten-2025/
2025,bedrift og mosjonslag mix flest kvinner,409,9605,Blommenholm skole,1:23:14,4994.0,https://www.sportsidioten.no/resultater/bedrift-og-mosjonslag-mix-flest-kvinner-holmenkollstafetten-2025/
2025,bedrift og mosjonslag mix flest kvinner,410,10882,Bestum hummerforening med kavalerer (Bestum hummerforening),1:23:15,4995.0,https://www.sportsidioten.no/resultater/bedrift-og-mosjonslag-mix-flest-kvinner-holmenkollstafetten-2025/
2025,bedrift og mosjonslag mix flest kvinner,411,6475,EY BIL FSO 4 (EY),1:23:17,4997.0,https://www.sportsidioten.no/resultater/bedrift-og-mosjonslag-mix-flest-kvinner-holmenkollstafetten-2025/
2025,bedrift og mosjonslag mix flest kvinner,412,8023,Lovdata BIL (Lovdata),1:23:18,4998.0,https://www.sportsidioten.no/resultater/bedrift-og-mosjonslag-mix-flest-kvinner-holmenkollstafetten-2025/
2025,bedrift og mosjonslag mix flest kvinner,413,5870,UiO – Institutt for sosiologi og samfunnsgeografi (Universitetet i Oslo),1:23:18,4998.0,https://www.sportsidioten.no/resultater/bedrift-og-mosjonslag-mix-flest-kvinner-holmenkollstafetten-2025/
2025,bedrift og mosjonslag mix flest kvinner,414,8055,AbbVie Aktiv (AbbVie),1:23:20,5000.0,https://www.sportsidioten.no/resultater/bedrift-og-mosjonslag-mix-flest-kvinner-holmenkollstafetten-2025/
2025,bedrift og mosjonslag mix flest kvinner,415,11846,Team Coop F&G 12 (Coop Norge SA),1:23:20,5000.0,https://www.sportsidioten.no/resultater/bedrift-og-mosjonslag-mix-flest-kvinner-holmenkollstafetten-2025/
2025,bedrift og mosjonslag mix flest kvinner,416,7092,TINE KSF og venner (TINE SA),1:23:20,5000.0,https://www.sportsidioten.no/resultater/bedrift-og-mosjonslag-mix-flest-kvinner-holmenkollstafetten-2025/
2025,bedrift og mosjonslag mix flest kvinner,417,11256,LIS Sykehuset Østfold (Sykehuset Østfold),1:23:21,5001.0,https://www.sportsidioten.no/resultater/bedrift-og-mosjonslag-mix-flest-kvinner-holmenkollstafetten-2025/
2025,bedrift og mosjonslag mix flest kvinner,418,6496,Akutt 24 (Akershus universitetssykehus),1:23:22,5002.0,https://www.sportsidioten.no/resultater/bedrift-og-mosjonslag-mix-flest-kvinner-holmenkollstafetten-2025/
2025,bedrift og mosjonslag mix flest kvinner,419,10665,Diakonhjemmet Sykehus Mix 2 (Diakonhjemmet Sykehus),1:23:22,5002.0,https://www.sportsidioten.no/resultater/bedrift-og-mosjonslag-mix-flest-kvinner-holmenkollstafetten-2025/
2025,bedrift og mosjonslag mix flest kvinner,420,11093,Fafo,1:23:22,5002.0,https://www.sportsidioten.no/resultater/bedrift-og-mosjonslag-mix-flest-kvinner-holmenkollstafetten-2025/
2025,bedrift og mosjonslag mix flest kvinner,421,7047,Senter for psykofarmakologi (Diakonhjemmet sykehus),1:23:22,5002.0,https://www.sportsidioten.no/resultater/bedrift-og-mosjonslag-mix-flest-kvinner-holmenkollstafetten-2025/
2025,bedrift og mosjonslag mix flest kvinner,422,6889,Nav Arbeidslivssenter/tiltak Innlandet (Nav I Innlandet BIL),1:23:25,5005.0,https://www.sportsidioten.no/resultater/bedrift-og-mosjonslag-mix-flest-kvinner-holmenkollstafetten-2025/
2025,bedrift og mosjonslag mix flest kvinner,423,11281,Ullersmo 1 (Romerike fengsel bedriftsidrettslag),1:23:26,5006.0,https://www.sportsidioten.no/resultater/bedrift-og-mosjonslag-mix-flest-kvinner-holmenkollstafetten-2025/
2025,bedrift og mosjonslag mix flest kvinner,424,8715,Trygderetten,1:23:26,5006.0,https://www.sportsidioten.no/resultater/bedrift-og-mosjonslag-mix-flest-kvinner-holmenkollstafetten-2025/
2025,bedrift og mosjonslag mix flest kvinner,425,11837,Team Lea Bank 2 (Lea Bank AB),1:23:28,5008.0,https://www.sportsidioten.no/resultater/bedrift-og-mosjonslag-mix-flest-kvinner-holmenkollstafetten-2025/
2025,bedrift og mosjonslag mix flest kvinner,426,7088,TINE Forskning & Fag (TINE SA),1:23:29,5009.0,https://www.sportsidioten.no/resultater/bedrift-og-mosjonslag-mix-flest-kvinner-holmenkollstafetten-2025/
2025,bedrift og mosjonslag mix flest kvinner,427,11663,Warner Bros. Discovery,1:23:29,5009.0,https://www.sportsidioten.no/resultater/bedrift-og-mosjonslag-mix-flest-kvinner-holmenkollstafetten-2025/
2025,bedrift og mosjonslag mix flest kvinner,428,8051,People People People (Spoon Agency),1:23:30,5010.0,https://www.sportsidioten.no/resultater/bedrift-og-mosjonslag-mix-flest-kvinner-holmenkollstafetten-2025/
2025,bedrift og mosjonslag mix flest kvinner,429,9655,Buskerud fylkeskommune – Samferdsel (Buskerud fylkeskommune – Samferdselsavdelingen),1:23:30,5010.0,https://www.sportsidioten.no/resultater/bedrift-og-mosjonslag-mix-flest-kvinner-holmenkollstafetten-2025/
2025,bedrift og mosjonslag mix flest kvinner,430,11825,Haug skole (Haug skole og ressurssenter Bærum kommune),1:23:31,5011.0,https://www.sportsidioten.no/resultater/bedrift-og-mosjonslag-mix-flest-kvinner-holmenkollstafetten-2025/
2025,bedrift og mosjonslag mix flest kvinner,431,8025,Gjensidige Forretningsstyring Commercial (Gjensidige Forsikring ASA),1:23:31,5011.0,https://www.sportsidioten.no/resultater/bedrift-og-mosjonslag-mix-flest-kvinner-holmenkollstafetten-2025/
2025,bedrift og mosjonslag mix flest kvinner,432,10217,Kvale Advokatfirma 2 (Kvale Advokatfirma),1:23:32,5012.0,https://www.sportsidioten.no/resultater/bedrift-og-mosjonslag-mix-flest-kvinner-holmenkollstafetten-2025/
2025,bedrift og mosjonslag mix flest kvinner,433,8108,Utlendingsnemnda,1:23:34,5014.0,https://www.sportsidioten.no/resultater/bedrift-og-mosjonslag-mix-flest-kvinner-holmenkollstafetten-2025/
2025,bedrift og mosjonslag mix flest kvinner,434,6885,"Fysio, Kreftklinikken OUS (Oslo Universitetssykehus)",1:23:34,5014.0,https://www.sportsidioten.no/resultater/bedrift-og-mosjonslag-mix-flest-kvinner-holmenkollstafetten-2025/
2025,bedrift og mosjonslag mix flest kvinner,435,7234,Lifesavers – Generell Intensiv 2 RH (Oslo Universitetsykehus),1:23:36,5016.0,https://www.sportsidioten.no/resultater/bedrift-og-mosjonslag-mix-flest-kvinner-holmenkollstafetten-2025/
2025,bedrift og mosjonslag mix flest kvinner,436,8635,Veitvet skole,1:23:38,5018.0,https://www.sportsidioten.no/resultater/bedrift-og-mosjonslag-mix-flest-kvinner-holmenkollstafetten-2025/
2025,bedrift og mosjonslag mix flest kvinner,437,7869,"DPS Groruddalen (Akershus Universitetssykehus, DPS Groruddalen)",1:23:39,5019.0,https://www.sportsidioten.no/resultater/bedrift-og-mosjonslag-mix-flest-kvinner-holmenkollstafetten-2025/
2025,bedrift og mosjonslag mix flest kvinner,438,5494,Advokatfirmaet Nicolaisen,1:23:39,5019.0,https://www.sportsidioten.no/resultater/bedrift-og-mosjonslag-mix-flest-kvinner-holmenkollstafetten-2025/
2025,bedrift og mosjonslag mix flest kvinner,439,7608,Tumor Biology (OUS),1:23:40,5020.0,https://www.sportsidioten.no/resultater/bedrift-og-mosjonslag-mix-flest-kvinner-holmenkollstafetten-2025/
2025,bedrift og mosjonslag mix flest kvinner,440,8698,OUS Fysioterapi Medisinsk klinikk (Oslo universitetssykehus HF),1:23:40,5020.0,https://www.sportsidioten.no/resultater/bedrift-og-mosjonslag-mix-flest-kvinner-holmenkollstafetten-2025/
2025,bedrift og mosjonslag mix flest kvinner,441,8653,Ruter – Beredskapsbussen (Ruter As),1:23:41,5021.0,https://www.sportsidioten.no/resultater/bedrift-og-mosjonslag-mix-flest-kvinner-holmenkollstafetten-2025/
2025,bedrift og mosjonslag mix flest kvinner,442,11647,EU-HEM,1:23:41,5021.0,https://www.sportsidioten.no/resultater/bedrift-og-mosjonslag-mix-flest-kvinner-holmenkollstafetten-2025/
2025,bedrift og mosjonslag mix flest kvinner,443,8669,Grant Thornton,1:23:41,5021.0,https://www.sportsidioten.no/resultater/bedrift-og-mosjonslag-mix-flest-kvinner-holmenkollstafetten-2025/
2025,bedrift og mosjonslag mix flest kvinner,444,11873,Asplan Viak 3 (Asplan Viak AS),1:23:43,5023.0,https://www.sportsidioten.no/resultater/bedrift-og-mosjonslag-mix-flest-kvinner-holmenkollstafetten-2025/
2025,bedrift og mosjonslag mix flest kvinner,445,6681,Telenor 10 (Telenor Shared Services),1:23:46,5026.0,https://www.sportsidioten.no/resultater/bedrift-og-mosjonslag-mix-flest-kvinner-holmenkollstafetten-2025/
2025,bedrift og mosjonslag mix flest kvinner,446,6042,DNB Markets Bergen 2 (DNB Bank ASA),1:23:47,5027.0,https://www.sportsidioten.no/resultater/bedrift-og-mosjonslag-mix-flest-kvinner-holmenkollstafetten-2025/
2025,bedrift og mosjonslag mix flest kvinner,447,9430,GYN PO/DAGKIRURGI (OUS),1:23:48,5028.0,https://www.sportsidioten.no/resultater/bedrift-og-mosjonslag-mix-flest-kvinner-holmenkollstafetten-2025/
2025,bedrift og mosjonslag mix flest kvinner,448,11854,NHO Byggenæringen,1:23:49,5029.0,https://www.sportsidioten.no/resultater/bedrift-og-mosjonslag-mix-flest-kvinner-holmenkollstafetten-2025/
2025,bedrift og mosjonslag mix flest kvinner,449,11506,ØVIP 2 (Økokrim),1:23:49,5029.0,https://www.sportsidioten.no/resultater/bedrift-og-mosjonslag-mix-flest-kvinner-holmenkollstafetten-2025/
2025,bedrift og mosjonslag mix flest kvinner,450,10646,Bydel Grünerløkka Nav 2 (Bydel Grünerløkka),1:23:50,5030.0,https://www.sportsidioten.no/resultater/bedrift-og-mosjonslag-mix-flest-kvinner-holmenkollstafetten-2025/
2025,bedrift og mosjonslag mix flest kvinner,451,8429,Utdanningsforbundets sekretariat 1 (Utdanningsforbundet),1:23:51,5031.0,https://www.sportsidioten.no/resultater/bedrift-og-mosjonslag-mix-flest-kvinner-holmenkollstafetten-2025/
2025,bedrift og mosjonslag mix flest kvinner,452,8821,Dagen@IFI (IFI-DAGEN),1:23:52,5032.0,https://www.sportsidioten.no/resultater/bedrift-og-mosjonslag-mix-flest-kvinner-holmenkollstafetten-2025/
2025,bedrift og mosjonslag mix flest kvinner,453,9110,Søndre Nordstrand barneverntjeneste (OSLO KOMMUNE BYDEL 15 SØNDRE NORDSTRAND),1:23:53,5033.0,https://www.sportsidioten.no/resultater/bedrift-og-mosjonslag-mix-flest-kvinner-holmenkollstafetten-2025/
2025,bedrift og mosjonslag mix flest kvinner,454,8208,Colosseum Tannlege 5 (Colosseum Tannlege),1:23:54,5034.0,https://www.sportsidioten.no/resultater/bedrift-og-mosjonslag-mix-flest-kvinner-holmenkollstafetten-2025/
2025,bedrift og mosjonslag mix flest kvinner,455,8481,Kjelsås skole,1:23:56,5036.0,https://www.sportsidioten.no/resultater/bedrift-og-mosjonslag-mix-flest-kvinner-holmenkollstafetten-2025/
2025,bedrift og mosjonslag mix flest kvinner,456,11241,"PPT Oslo (PPT, utdanningsetaten)",1:23:57,5037.0,https://www.sportsidioten.no/resultater/bedrift-og-mosjonslag-mix-flest-kvinner-holmenkollstafetten-2025/
2025,bedrift og mosjonslag mix flest kvinner,457,8485,Justis- og beredskapsdepartementet 2 (Justis- og beredskapsdepartementet),1:23:58,5038.0,https://www.sportsidioten.no/resultater/bedrift-og-mosjonslag-mix-flest-kvinner-holmenkollstafetten-2025/
2025,bedrift og mosjonslag mix flest kvinner,458,7915,Run ElBits (ElBits),1:23:58,5038.0,https://www.sportsidioten.no/resultater/bedrift-og-mosjonslag-mix-flest-kvinner-holmenkollstafetten-2025/
2025,bedrift og mosjonslag mix flest kvinner,459,9050,Nyfødt Intensiv Rikshospitalet (Nyfødt intensiv Rikshospitalet),1:23:59,5039.0,https://www.sportsidioten.no/resultater/bedrift-og-mosjonslag-mix-flest-kvinner-holmenkollstafetten-2025/
2025,bedrift og mosjonslag mix flest kvinner,460,8037,Advokatfirmaet Føyen 2,1:24:03,5043.0,https://www.sportsidioten.no/resultater/bedrift-og-mosjonslag-mix-flest-kvinner-holmenkollstafetten-2025/
2025,bedrift og mosjonslag mix flest kvinner,461,12079,Knif (Knif AS),1:24:03,5043.0,https://www.sportsidioten.no/resultater/bedrift-og-mosjonslag-mix-flest-kvinner-holmenkollstafetten-2025/
2025,bedrift og mosjonslag mix flest kvinner,462,8877,Team NSF seksjon 3 RH,1:24:03,5043.0,https://www.sportsidioten.no/resultater/bedrift-og-mosjonslag-mix-flest-kvinner-holmenkollstafetten-2025/
2025,bedrift og mosjonslag mix flest kvinner,463,9601,Vestre Viken Anestesi Bærum (Vestre Viken Anestesi Bærum Sykehus),1:24:03,5043.0,https://www.sportsidioten.no/resultater/bedrift-og-mosjonslag-mix-flest-kvinner-holmenkollstafetten-2025/
2025,bedrift og mosjonslag mix flest kvinner,464,10507,Avonova 2 (Avonova),1:24:03,5043.0,https://www.sportsidioten.no/resultater/bedrift-og-mosjonslag-mix-flest-kvinner-holmenkollstafetten-2025/
2025,bedrift og mosjonslag mix flest kvinner,465,7083,McKinsey & Company 3 (McKinsey & Company),1:24:05,5045.0,https://www.sportsidioten.no/resultater/bedrift-og-mosjonslag-mix-flest-kvinner-holmenkollstafetten-2025/
2025,bedrift og mosjonslag mix flest kvinner,466,10019,DNB Sparing Service (DNB),1:24:05,5045.0,https://www.sportsidioten.no/resultater/bedrift-og-mosjonslag-mix-flest-kvinner-holmenkollstafetten-2025/
2025,bedrift og mosjonslag mix flest kvinner,467,9087,Aktivitetsgruppa GNE (Oslo Universitetssykehus),1:24:05,5045.0,https://www.sportsidioten.no/resultater/bedrift-og-mosjonslag-mix-flest-kvinner-holmenkollstafetten-2025/
2025,bedrift og mosjonslag mix flest kvinner,468,9299,Amerikalinjen (Amerikalinjen Hotel),1:24:06,5046.0,https://www.sportsidioten.no/resultater/bedrift-og-mosjonslag-mix-flest-kvinner-holmenkollstafetten-2025/
2025,bedrift og mosjonslag mix flest kvinner,469,8844,Cirkus Willisi (Oslo universitetssykehus),1:24:06,5046.0,https://www.sportsidioten.no/resultater/bedrift-og-mosjonslag-mix-flest-kvinner-holmenkollstafetten-2025/
2025,bedrift og mosjonslag mix flest kvinner,470,6455,EY BIL Skye (EY),1:24:08,5048.0,https://www.sportsidioten.no/resultater/bedrift-og-mosjonslag-mix-flest-kvinner-holmenkollstafetten-2025/
2025,bedrift og mosjonslag mix flest kvinner,471,11687,Dronninga landskap,1:24:09,5049.0,https://www.sportsidioten.no/resultater/bedrift-og-mosjonslag-mix-flest-kvinner-holmenkollstafetten-2025/
2025,bedrift og mosjonslag mix flest kvinner,472,8013,Bydel Ullern 1 (Bydel Ullern),1:24:09,5049.0,https://www.sportsidioten.no/resultater/bedrift-og-mosjonslag-mix-flest-kvinner-holmenkollstafetten-2025/
2025,bedrift og mosjonslag mix flest kvinner,473,9824,"Vipps, så går det fremover! (Vipps Mobilepay AS)",1:24:09,5049.0,https://www.sportsidioten.no/resultater/bedrift-og-mosjonslag-mix-flest-kvinner-holmenkollstafetten-2025/
2025,bedrift og mosjonslag mix flest kvinner,474,10649,Bydel Grünerløkka Administrasjonen (Bydel Grünerløkka),1:24:10,5050.0,https://www.sportsidioten.no/resultater/bedrift-og-mosjonslag-mix-flest-kvinner-holmenkollstafetten-2025/
2025,bedrift og mosjonslag mix flest kvinner,475,11091,Storhamar videregående skole,1:24:11,5051.0,https://www.sportsidioten.no/resultater/bedrift-og-mosjonslag-mix-flest-kvinner-holmenkollstafetten-2025/
2025,bedrift og mosjonslag mix flest kvinner,476,8802,Nortura SA 2 (Nortura SA),1:24:12,5052.0,https://www.sportsidioten.no/resultater/bedrift-og-mosjonslag-mix-flest-kvinner-holmenkollstafetten-2025/
2025,bedrift og mosjonslag mix flest kvinner,477,10652,NTG Bærum 2 (NTG Bærum),1:24:12,5052.0,https://www.sportsidioten.no/resultater/bedrift-og-mosjonslag-mix-flest-kvinner-holmenkollstafetten-2025/
2025,bedrift og mosjonslag mix flest kvinner,478,8613,EKG-ekspressen (Kardiologisk Sengepost Rikshospitalet),1:24:13,5053.0,https://www.sportsidioten.no/resultater/bedrift-og-mosjonslag-mix-flest-kvinner-holmenkollstafetten-2025/
2025,bedrift og mosjonslag mix flest kvinner,479,9217,Villoid (VILLOID AS),1:24:14,5054.0,https://www.sportsidioten.no/resultater/bedrift-og-mosjonslag-mix-flest-kvinner-holmenkollstafetten-2025/
2025,bedrift og mosjonslag mix flest kvinner,480,10245,Team Seilduken (SEILDUKEN BARNEHAGE SA),1:24:14,5054.0,https://www.sportsidioten.no/resultater/bedrift-og-mosjonslag-mix-flest-kvinner-holmenkollstafetten-2025/
2025,bedrift og mosjonslag mix flest kvinner,481,8865,Mdco,1:24:16,5056.0,https://www.sportsidioten.no/resultater/bedrift-og-mosjonslag-mix-flest-kvinner-holmenkollstafetten-2025/
2025,bedrift og mosjonslag mix flest kvinner,482,11010,Bydel Stovner HAM (Bydel Stovner),1:24:17,5057.0,https://www.sportsidioten.no/resultater/bedrift-og-mosjonslag-mix-flest-kvinner-holmenkollstafetten-2025/
2025,bedrift og mosjonslag mix flest kvinner,483,8202,Statens vegvesen BIL O & A 3 (Statens vegvesen),1:24:17,5057.0,https://www.sportsidioten.no/resultater/bedrift-og-mosjonslag-mix-flest-kvinner-holmenkollstafetten-2025/
2025,bedrift og mosjonslag mix flest kvinner,484,12105,Mailand VGA lag 2 (Mailand VGS),1:24:18,5058.0,https://www.sportsidioten.no/resultater/bedrift-og-mosjonslag-mix-flest-kvinner-holmenkollstafetten-2025/
2025,bedrift og mosjonslag mix flest kvinner,485,11275,Viaplay 3 (Viaplay),1:24:20,5060.0,https://www.sportsidioten.no/resultater/bedrift-og-mosjonslag-mix-flest-kvinner-holmenkollstafetten-2025/
2025,bedrift og mosjonslag mix flest kvinner,486,12086,Julie Josephine AS,1:24:21,5061.0,https://www.sportsidioten.no/resultater/bedrift-og-mosjonslag-mix-flest-kvinner-holmenkollstafetten-2025/
2025,bedrift og mosjonslag mix flest kvinner,487,6473,Ahus Patologiavdelingen (Akershus universitetssykehus),1:24:21,5061.0,https://www.sportsidioten.no/resultater/bedrift-og-mosjonslag-mix-flest-kvinner-holmenkollstafetten-2025/
2025,bedrift og mosjonslag mix flest kvinner,488,12017,Sagene junior (Crossfit Sagene),1:24:21,5061.0,https://www.sportsidioten.no/resultater/bedrift-og-mosjonslag-mix-flest-kvinner-holmenkollstafetten-2025/
2025,bedrift og mosjonslag mix flest kvinner,489,11214,Nav klageinstans nord,1:24:21,5061.0,https://www.sportsidioten.no/resultater/bedrift-og-mosjonslag-mix-flest-kvinner-holmenkollstafetten-2025/
2025,bedrift og mosjonslag mix flest kvinner,490,11404,Kab3 Flyers (Ous),1:24:22,5062.0,https://www.sportsidioten.no/resultater/bedrift-og-mosjonslag-mix-flest-kvinner-holmenkollstafetten-2025/
2025,bedrift og mosjonslag mix flest kvinner,491,10820,Løven BIL (Statsforvalteren i Agder),1:24:23,5063.0,https://www.sportsidioten.no/resultater/bedrift-og-mosjonslag-mix-flest-kvinner-holmenkollstafetten-2025/
2025,bedrift og mosjonslag mix flest kvinner,492,10515,Kreftkirurgisk avdeling – Radiumhospitalet,1:24:25,5065.0,https://www.sportsidioten.no/resultater/bedrift-og-mosjonslag-mix-flest-kvinner-holmenkollstafetten-2025/
2025,bedrift og mosjonslag mix flest kvinner,493,6055,DNB #ETTKUNDEETABLERING 1 (DNB BANK ASA),1:24:28,5068.0,https://www.sportsidioten.no/resultater/bedrift-og-mosjonslag-mix-flest-kvinner-holmenkollstafetten-2025/
2025,bedrift og mosjonslag mix flest kvinner,494,6688,Telenor Business Mobile (Telenor),1:24:29,5069.0,https://www.sportsidioten.no/resultater/bedrift-og-mosjonslag-mix-flest-kvinner-holmenkollstafetten-2025/
2025,bedrift og mosjonslag mix flest kvinner,495,7702,Kickstart 1 (Kickstart),1:24:29,5069.0,https://www.sportsidioten.no/resultater/bedrift-og-mosjonslag-mix-flest-kvinner-holmenkollstafetten-2025/
2025,bedrift og mosjonslag mix flest kvinner,496,9502,Rusakuttmottak og avgiftning (Oslo universitetssykehus),1:24:31,5071.0,https://www.sportsidioten.no/resultater/bedrift-og-mosjonslag-mix-flest-kvinner-holmenkollstafetten-2025/
2025,bedrift og mosjonslag mix flest kvinner,497,11452,Finanstilsynet 3 (Finanstilsynet),1:24:31,5071.0,https://www.sportsidioten.no/resultater/bedrift-og-mosjonslag-mix-flest-kvinner-holmenkollstafetten-2025/
2025,bedrift og mosjonslag mix flest kvinner,498,10218,Ugrei løpeforening (Rødtvet skole),1:24:32,5072.0,https://www.sportsidioten.no/resultater/bedrift-og-mosjonslag-mix-flest-kvinner-holmenkollstafetten-2025/
2025,bedrift og mosjonslag mix flest kvinner,499,8452,Kampen skole,1:24:34,5074.0,https://www.sportsidioten.no/resultater/bedrift-og-mosjonslag-mix-flest-kvinner-holmenkollstafetten-2025/
2025,bedrift og mosjonslag mix flest kvinner,500,9010,Vi heier på Nøklevann (Nøklevann skole),1:24:34,5074.0,https://www.sportsidioten.no/resultater/bedrift-og-mosjonslag-mix-flest-kvinner-holmenkollstafetten-2025/
2025,bedrift og mosjonslag mix flest kvinner,501,9642,NKIS1 (Oslo universitets sykehus),1:24:35,5075.0,https://www.sportsidioten.no/resultater/bedrift-og-mosjonslag-mix-flest-kvinner-holmenkollstafetten-2025/
2025,bedrift og mosjonslag mix flest kvinner,502,8243,CatoSenteret,1:24:36,5076.0,https://www.sportsidioten.no/resultater/bedrift-og-mosjonslag-mix-flest-kvinner-holmenkollstafetten-2025/
2025,bedrift og mosjonslag mix flest kvinner,503,9857,Team NSF Oslo – Thorax Runners RH (OUS),1:24:36,5076.0,https://www.sportsidioten.no/resultater/bedrift-og-mosjonslag-mix-flest-kvinner-holmenkollstafetten-2025/
2025,bedrift og mosjonslag mix flest kvinner,504,8833,NAV Klageinstans OAØ (Nav Klageinstans Oslo og Akershus),1:24:37,5077.0,https://www.sportsidioten.no/resultater/bedrift-og-mosjonslag-mix-flest-kvinner-holmenkollstafetten-2025/
2025,bedrift og mosjonslag mix flest kvinner,505,10843,Legal24 Advokatfirma AS,1:24:38,5078.0,https://www.sportsidioten.no/resultater/bedrift-og-mosjonslag-mix-flest-kvinner-holmenkollstafetten-2025/
2025,bedrift og mosjonslag mix flest kvinner,506,11880,"Ullern helsehus (Ullern helsehus, Oslo Kommune, Sykehjemsetaten)",1:24:38,5078.0,https://www.sportsidioten.no/resultater/bedrift-og-mosjonslag-mix-flest-kvinner-holmenkollstafetten-2025/
2025,bedrift og mosjonslag mix flest kvinner,507,9011,Advokatfirmaet Dehn DA,1:24:39,5079.0,https://www.sportsidioten.no/resultater/bedrift-og-mosjonslag-mix-flest-kvinner-holmenkollstafetten-2025/
2025,bedrift og mosjonslag mix flest kvinner,508,8440,Helsedirektoratet – LEV (Helsedirektoratet),1:24:41,5081.0,https://www.sportsidioten.no/resultater/bedrift-og-mosjonslag-mix-flest-kvinner-holmenkollstafetten-2025/
2025,bedrift og mosjonslag mix flest kvinner,509,9320,Utdanningsforbundets sekretariat 2 (Utdanningsforbundet),1:24:42,5082.0,https://www.sportsidioten.no/resultater/bedrift-og-mosjonslag-mix-flest-kvinner-holmenkollstafetten-2025/
2025,bedrift og mosjonslag mix flest kvinner,510,11659,Nonneseter (Nonneseter idrettsbarnehage),1:24:44,5084.0,https://www.sportsidioten.no/resultater/bedrift-og-mosjonslag-mix-flest-kvinner-holmenkollstafetten-2025/
2025,bedrift og mosjonslag mix flest kvinner,511,12109,Posten Bring AS 3 (Posten Bring AS),1:24:49,5089.0,https://www.sportsidioten.no/resultater/bedrift-og-mosjonslag-mix-flest-kvinner-holmenkollstafetten-2025/
2025,bedrift og mosjonslag mix flest kvinner,512,6894,BAMA 16 (Bama Gruppen AS),1:24:51,5091.0,https://www.sportsidioten.no/resultater/bedrift-og-mosjonslag-mix-flest-kvinner-holmenkollstafetten-2025/
2025,bedrift og mosjonslag mix flest kvinner,513,9434,Grunerløkka skole (grunerløkka skole),1:24:52,5092.0,https://www.sportsidioten.no/resultater/bedrift-og-mosjonslag-mix-flest-kvinner-holmenkollstafetten-2025/
2025,bedrift og mosjonslag mix flest kvinner,514,10423,Rossabø runners (Rossabø skole),1:24:58,5098.0,https://www.sportsidioten.no/resultater/bedrift-og-mosjonslag-mix-flest-kvinner-holmenkollstafetten-2025/
2025,bedrift og mosjonslag mix flest kvinner,515,9419,Bakers running club 1 (bake me up),1:25:00,5100.0,https://www.sportsidioten.no/resultater/bedrift-og-mosjonslag-mix-flest-kvinner-holmenkollstafetten-2025/
2025,bedrift og mosjonslag mix flest kvinner,516,6636,DNV Group Finance & Legal (DNV),1:25:00,5100.0,https://www.sportsidioten.no/resultater/bedrift-og-mosjonslag-mix-flest-kvinner-holmenkollstafetten-2025/
2025,bedrift og mosjonslag mix flest kvinner,517,11620,Runner Up (Norway) (Up Norway),1:25:00,5100.0,https://www.sportsidioten.no/resultater/bedrift-og-mosjonslag-mix-flest-kvinner-holmenkollstafetten-2025/
2025,bedrift og mosjonslag mix flest kvinner,518,11826,Apini & Etain,1:25:01,5101.0,https://www.sportsidioten.no/resultater/bedrift-og-mosjonslag-mix-flest-kvinner-holmenkollstafetten-2025/
2025,bedrift og mosjonslag mix flest kvinner,519,5879,HELED UiO (Universitetet i Oslo),1:25:02,5102.0,https://www.sportsidioten.no/resultater/bedrift-og-mosjonslag-mix-flest-kvinner-holmenkollstafetten-2025/
2025,bedrift og mosjonslag mix flest kvinner,520,8016,MSD (MSD (Norge) AS),1:25:02,5102.0,https://www.sportsidioten.no/resultater/bedrift-og-mosjonslag-mix-flest-kvinner-holmenkollstafetten-2025/
2025,bedrift og mosjonslag mix flest kvinner,521,6446,EY BIL Tech Strategy & Transformation 2 (EY),1:25:03,5103.0,https://www.sportsidioten.no/resultater/bedrift-og-mosjonslag-mix-flest-kvinner-holmenkollstafetten-2025/
2025,bedrift og mosjonslag mix flest kvinner,522,9828,SPOR (Seksjon psykisk helse og rus),1:25:04,5104.0,https://www.sportsidioten.no/resultater/bedrift-og-mosjonslag-mix-flest-kvinner-holmenkollstafetten-2025/
2025,bedrift og mosjonslag mix flest kvinner,523,12245,Nordby ungdomsskole (Ullensaker kommune),1:25:05,5105.0,https://www.sportsidioten.no/resultater/bedrift-og-mosjonslag-mix-flest-kvinner-holmenkollstafetten-2025/
2025,bedrift og mosjonslag mix flest kvinner,524,11005,Bydel Grünerløkka Hjemmesykepleie (Bydel Grünerløkka),1:25:05,5105.0,https://www.sportsidioten.no/resultater/bedrift-og-mosjonslag-mix-flest-kvinner-holmenkollstafetten-2025/
2025,bedrift og mosjonslag mix flest kvinner,525,9016,IF Forsikring 6 (IF Skadeforsikring),1:25:07,5107.0,https://www.sportsidioten.no/resultater/bedrift-og-mosjonslag-mix-flest-kvinner-holmenkollstafetten-2025/
2025,bedrift og mosjonslag mix flest kvinner,526,9225,6 Nord (Radiumhospitalet 6 Nord),1:25:08,5108.0,https://www.sportsidioten.no/resultater/bedrift-og-mosjonslag-mix-flest-kvinner-holmenkollstafetten-2025/
2025,bedrift og mosjonslag mix flest kvinner,527,10496,Warner Music Norway,1:25:08,5108.0,https://www.sportsidioten.no/resultater/bedrift-og-mosjonslag-mix-flest-kvinner-holmenkollstafetten-2025/
2025,bedrift og mosjonslag mix flest kvinner,528,9631,LKBIL Strekk og bøy (Lillestrøm kommune),1:25:10,5110.0,https://www.sportsidioten.no/resultater/bedrift-og-mosjonslag-mix-flest-kvinner-holmenkollstafetten-2025/
2025,bedrift og mosjonslag mix flest kvinner,529,9311,Jeriko skole,1:25:10,5110.0,https://www.sportsidioten.no/resultater/bedrift-og-mosjonslag-mix-flest-kvinner-holmenkollstafetten-2025/
2025,bedrift og mosjonslag mix flest kvinner,530,9512,Oslo Handelsgymnasium-Lærerne B-gjengen (Oslo Handelsgymnasium),1:25:10,5110.0,https://www.sportsidioten.no/resultater/bedrift-og-mosjonslag-mix-flest-kvinner-holmenkollstafetten-2025/
2025,bedrift og mosjonslag mix flest kvinner,531,10439,Munkerud skole,1:25:11,5111.0,https://www.sportsidioten.no/resultater/bedrift-og-mosjonslag-mix-flest-kvinner-holmenkollstafetten-2025/
2025,bedrift og mosjonslag mix flest kvinner,532,10477,OBF Lag 2 (Oslobygg KF),1:25:15,5115.0,https://www.sportsidioten.no/resultater/bedrift-og-mosjonslag-mix-flest-kvinner-holmenkollstafetten-2025/
2025,bedrift og mosjonslag mix flest kvinner,533,8675,Cake-driven Runners (Norlights International School),1:25:16,5116.0,https://www.sportsidioten.no/resultater/bedrift-og-mosjonslag-mix-flest-kvinner-holmenkollstafetten-2025/
2025,bedrift og mosjonslag mix flest kvinner,534,9513,CONSID,1:25:16,5116.0,https://www.sportsidioten.no/resultater/bedrift-og-mosjonslag-mix-flest-kvinner-holmenkollstafetten-2025/
2025,bedrift og mosjonslag mix flest kvinner,535,9831,TEAM STASJA (Stasjonsfjellet skole),1:25:17,5117.0,https://www.sportsidioten.no/resultater/bedrift-og-mosjonslag-mix-flest-kvinner-holmenkollstafetten-2025/
2025,bedrift og mosjonslag mix flest kvinner,536,8210,OUS Nyfødtscreening RH (Oslo universitetssykehus HF),1:25:18,5118.0,https://www.sportsidioten.no/resultater/bedrift-og-mosjonslag-mix-flest-kvinner-holmenkollstafetten-2025/
2025,bedrift og mosjonslag mix flest kvinner,537,12004,Alderspsykiatri (Diakonhjemmet Sykehus),1:25:19,5119.0,https://www.sportsidioten.no/resultater/bedrift-og-mosjonslag-mix-flest-kvinner-holmenkollstafetten-2025/
2025,bedrift og mosjonslag mix flest kvinner,538,6616,Team Nesøya (Nesøya skole),1:25:21,5121.0,https://www.sportsidioten.no/resultater/bedrift-og-mosjonslag-mix-flest-kvinner-holmenkollstafetten-2025/
2025,bedrift og mosjonslag mix flest kvinner,539,11251,The Ringstars (Ringstabekk skole),1:25:22,5122.0,https://www.sportsidioten.no/resultater/bedrift-og-mosjonslag-mix-flest-kvinner-holmenkollstafetten-2025/
2025,bedrift og mosjonslag mix flest kvinner,540,10302,Toso skole,1:25:22,5122.0,https://www.sportsidioten.no/resultater/bedrift-og-mosjonslag-mix-flest-kvinner-holmenkollstafetten-2025/
2025,bedrift og mosjonslag mix flest kvinner,541,8506,Agilera Alfa (Agilera Pharma),1:25:22,5122.0,https://www.sportsidioten.no/resultater/bedrift-og-mosjonslag-mix-flest-kvinner-holmenkollstafetten-2025/
2025,bedrift og mosjonslag mix flest kvinner,542,7833,Vestre Viken Kongsberg Sykehus (Vestre Viken),1:25:23,5123.0,https://www.sportsidioten.no/resultater/bedrift-og-mosjonslag-mix-flest-kvinner-holmenkollstafetten-2025/
2025,bedrift og mosjonslag mix flest kvinner,543,11667,AIDER 10 (Aider AS),1:25:23,5123.0,https://www.sportsidioten.no/resultater/bedrift-og-mosjonslag-mix-flest-kvinner-holmenkollstafetten-2025/
2025,bedrift og mosjonslag mix flest kvinner,544,6707,Orto B/Revma (Diakonhjemmet Sykehus),1:25:25,5125.0,https://www.sportsidioten.no/resultater/bedrift-og-mosjonslag-mix-flest-kvinner-holmenkollstafetten-2025/
2025,bedrift og mosjonslag mix flest kvinner,545,8293,BUP Oslo Nord (OUS BUP Oslo Nord),1:25:25,5125.0,https://www.sportsidioten.no/resultater/bedrift-og-mosjonslag-mix-flest-kvinner-holmenkollstafetten-2025/
2025,bedrift og mosjonslag mix flest kvinner,546,11604,Bydel Grünerløkka mottak (Bydel Grünerløkka),1:25:25,5125.0,https://www.sportsidioten.no/resultater/bedrift-og-mosjonslag-mix-flest-kvinner-holmenkollstafetten-2025/
2025,bedrift og mosjonslag mix flest kvinner,547,8215,"Bærum kommune, Ergo fysio voksne",1:25:28,5128.0,https://www.sportsidioten.no/resultater/bedrift-og-mosjonslag-mix-flest-kvinner-holmenkollstafetten-2025/
2025,bedrift og mosjonslag mix flest kvinner,548,11655,Team SO,1:25:28,5128.0,https://www.sportsidioten.no/resultater/bedrift-og-mosjonslag-mix-flest-kvinner-holmenkollstafetten-2025/
2025,bedrift og mosjonslag mix flest kvinner,549,11648,EMPET Skedsmo Dyresykehus (EMPET),1:25:29,5129.0,https://www.sportsidioten.no/resultater/bedrift-og-mosjonslag-mix-flest-kvinner-holmenkollstafetten-2025/
2025,bedrift og mosjonslag mix flest kvinner,550,9012,Nordtvet skole,1:25:30,5130.0,https://www.sportsidioten.no/resultater/bedrift-og-mosjonslag-mix-flest-kvinner-holmenkollstafetten-2025/
2025,bedrift og mosjonslag mix flest kvinner,551,8829,Farmasiet AS,1:25:33,5133.0,https://www.sportsidioten.no/resultater/bedrift-og-mosjonslag-mix-flest-kvinner-holmenkollstafetten-2025/
2025,bedrift og mosjonslag mix flest kvinner,552,8468,Capgemini Invent 4 (Capgemini Invent),1:25:33,5133.0,https://www.sportsidioten.no/resultater/bedrift-og-mosjonslag-mix-flest-kvinner-holmenkollstafetten-2025/
2025,bedrift og mosjonslag mix flest kvinner,553,10511,Guiding Lights (Measurement Solutions Norway AS),1:25:33,5133.0,https://www.sportsidioten.no/resultater/bedrift-og-mosjonslag-mix-flest-kvinner-holmenkollstafetten-2025/
2025,bedrift og mosjonslag mix flest kvinner,554,8259,LO-advokatene (Landsorganisasjonen i Norge),1:25:33,5133.0,https://www.sportsidioten.no/resultater/bedrift-og-mosjonslag-mix-flest-kvinner-holmenkollstafetten-2025/
2025,bedrift og mosjonslag mix flest kvinner,555,10508,Avonova 3 (Avonova),1:25:34,5134.0,https://www.sportsidioten.no/resultater/bedrift-og-mosjonslag-mix-flest-kvinner-holmenkollstafetten-2025/
2025,bedrift og mosjonslag mix flest kvinner,556,11482,Aller Media 2 (Aller Media),1:25:34,5134.0,https://www.sportsidioten.no/resultater/bedrift-og-mosjonslag-mix-flest-kvinner-holmenkollstafetten-2025/
2025,bedrift og mosjonslag mix flest kvinner,557,10405,SG Armaturen 2 (SG Armaturen AS),1:25:35,5135.0,https://www.sportsidioten.no/resultater/bedrift-og-mosjonslag-mix-flest-kvinner-holmenkollstafetten-2025/
2025,bedrift og mosjonslag mix flest kvinner,558,9445,Tono (Tono SA),1:25:35,5135.0,https://www.sportsidioten.no/resultater/bedrift-og-mosjonslag-mix-flest-kvinner-holmenkollstafetten-2025/
2025,bedrift og mosjonslag mix flest kvinner,559,8098,Moss Kommune stab (Moss Kommune),1:25:36,5136.0,https://www.sportsidioten.no/resultater/bedrift-og-mosjonslag-mix-flest-kvinner-holmenkollstafetten-2025/
2025,bedrift og mosjonslag mix flest kvinner,560,11479,"Ramnes skole (Ramnes skole, Tønsberg kommune)",1:25:39,5139.0,https://www.sportsidioten.no/resultater/bedrift-og-mosjonslag-mix-flest-kvinner-holmenkollstafetten-2025/
2025,bedrift og mosjonslag mix flest kvinner,561,9207,Nordre Follo kommune ? virksomhet Byggesak (Nordre Follo kommune),1:25:39,5139.0,https://www.sportsidioten.no/resultater/bedrift-og-mosjonslag-mix-flest-kvinner-holmenkollstafetten-2025/
2025,bedrift og mosjonslag mix flest kvinner,562,10620,Operasjon Transplantasjon (Ous RH),1:25:39,5139.0,https://www.sportsidioten.no/resultater/bedrift-og-mosjonslag-mix-flest-kvinner-holmenkollstafetten-2025/
2025,bedrift og mosjonslag mix flest kvinner,563,10640,Rask På Labben (MBK – Rikshospitalet),1:25:42,5142.0,https://www.sportsidioten.no/resultater/bedrift-og-mosjonslag-mix-flest-kvinner-holmenkollstafetten-2025/
2025,bedrift og mosjonslag mix flest kvinner,564,9037,DNB Cowboys (DNB),1:25:44,5144.0,https://www.sportsidioten.no/resultater/bedrift-og-mosjonslag-mix-flest-kvinner-holmenkollstafetten-2025/
2025,bedrift og mosjonslag mix flest kvinner,565,8879,Kilometerinndrivere (Oslo Politidistrikt (Namsfogden i Oslo)),1:25:44,5144.0,https://www.sportsidioten.no/resultater/bedrift-og-mosjonslag-mix-flest-kvinner-holmenkollstafetten-2025/
2025,bedrift og mosjonslag mix flest kvinner,566,8499,OUS Cellrad (Oslo universitetsykehus),1:25:45,5145.0,https://www.sportsidioten.no/resultater/bedrift-og-mosjonslag-mix-flest-kvinner-holmenkollstafetten-2025/
2025,bedrift og mosjonslag mix flest kvinner,567,9086,Anestesi og operasjon Radiumhospitalet (AIO Anestesi og operasjon Radiumhospitalet),1:25:45,5145.0,https://www.sportsidioten.no/resultater/bedrift-og-mosjonslag-mix-flest-kvinner-holmenkollstafetten-2025/
2025,bedrift og mosjonslag mix flest kvinner,568,9472,Semantix TransPerfect (Semantix Translations Norway AS),1:25:45,5145.0,https://www.sportsidioten.no/resultater/bedrift-og-mosjonslag-mix-flest-kvinner-holmenkollstafetten-2025/
2025,bedrift og mosjonslag mix flest kvinner,569,11850,Schjødt 3 (Advokatfirmaet Schjødt AS),1:25:48,5148.0,https://www.sportsidioten.no/resultater/bedrift-og-mosjonslag-mix-flest-kvinner-holmenkollstafetten-2025/
2025,bedrift og mosjonslag mix flest kvinner,570,10704,Vestre Aker Stjernemix (Bydel Vestre Aker),1:25:49,5149.0,https://www.sportsidioten.no/resultater/bedrift-og-mosjonslag-mix-flest-kvinner-holmenkollstafetten-2025/
2025,bedrift og mosjonslag mix flest kvinner,571,11215,GeriaTurbo,1:25:49,5149.0,https://www.sportsidioten.no/resultater/bedrift-og-mosjonslag-mix-flest-kvinner-holmenkollstafetten-2025/
2025,bedrift og mosjonslag mix flest kvinner,572,7632,Aktivitet og rehabilitering Drammen kommune (Aktivitet og rehabilitering – Drammen kommune),1:25:49,5149.0,https://www.sportsidioten.no/resultater/bedrift-og-mosjonslag-mix-flest-kvinner-holmenkollstafetten-2025/
2025,bedrift og mosjonslag mix flest kvinner,573,12239,Anna Krefting (Anna Krefting skole),1:25:50,5150.0,https://www.sportsidioten.no/resultater/bedrift-og-mosjonslag-mix-flest-kvinner-holmenkollstafetten-2025/
2025,bedrift og mosjonslag mix flest kvinner,574,8902,Digitaliseringsdirektoratet,1:25:50,5150.0,https://www.sportsidioten.no/resultater/bedrift-og-mosjonslag-mix-flest-kvinner-holmenkollstafetten-2025/
2025,bedrift og mosjonslag mix flest kvinner,575,12013,Dopinglabberne (Oslo Universitetssykehus),1:25:50,5150.0,https://www.sportsidioten.no/resultater/bedrift-og-mosjonslag-mix-flest-kvinner-holmenkollstafetten-2025/
2025,bedrift og mosjonslag mix flest kvinner,576,11058,KAOS (KAOS Norge AS),1:25:51,5151.0,https://www.sportsidioten.no/resultater/bedrift-og-mosjonslag-mix-flest-kvinner-holmenkollstafetten-2025/
2025,bedrift og mosjonslag mix flest kvinner,577,9603,Bærum kommune HR & Internetjenester (Bærum kommune),1:25:53,5153.0,https://www.sportsidioten.no/resultater/bedrift-og-mosjonslag-mix-flest-kvinner-holmenkollstafetten-2025/
2025,bedrift og mosjonslag mix flest kvinner,578,8870,Granstangen1 (Granstangen skole),1:25:55,5155.0,https://www.sportsidioten.no/resultater/bedrift-og-mosjonslag-mix-flest-kvinner-holmenkollstafetten-2025/
2025,bedrift og mosjonslag mix flest kvinner,579,6902,Utlendingsdirektoratet 1 2 (Utlendingsdirektoratet),1:25:56,5156.0,https://www.sportsidioten.no/resultater/bedrift-og-mosjonslag-mix-flest-kvinner-holmenkollstafetten-2025/
2025,bedrift og mosjonslag mix flest kvinner,580,9704,Sæther (E.Sæther AS),1:25:57,5157.0,https://www.sportsidioten.no/resultater/bedrift-og-mosjonslag-mix-flest-kvinner-holmenkollstafetten-2025/
2025,bedrift og mosjonslag mix flest kvinner,581,7698,Roche Norge,1:25:57,5157.0,https://www.sportsidioten.no/resultater/bedrift-og-mosjonslag-mix-flest-kvinner-holmenkollstafetten-2025/
2025,bedrift og mosjonslag mix flest kvinner,582,6847,OUS Ullevål Barneinfeksjon og barnemedisin (OUS Ullevål),1:25:58,5158.0,https://www.sportsidioten.no/resultater/bedrift-og-mosjonslag-mix-flest-kvinner-holmenkollstafetten-2025/
2025,bedrift og mosjonslag mix flest kvinner,583,11298,CatalystOne 2 (CatalystOne Solutions AS),1:25:59,5159.0,https://www.sportsidioten.no/resultater/bedrift-og-mosjonslag-mix-flest-kvinner-holmenkollstafetten-2025/
2025,bedrift og mosjonslag mix flest kvinner,584,12102,NOVA OsloMet,1:26:00,5160.0,https://www.sportsidioten.no/resultater/bedrift-og-mosjonslag-mix-flest-kvinner-holmenkollstafetten-2025/
2025,bedrift og mosjonslag mix flest kvinner,585,7409,Eidsiva & Hafslund BIL 9 (Eidsiva & Hafslund),1:26:01,5161.0,https://www.sportsidioten.no/resultater/bedrift-og-mosjonslag-mix-flest-kvinner-holmenkollstafetten-2025/
2025,bedrift og mosjonslag mix flest kvinner,586,11908,CrossFit Lilleaker,1:26:02,5162.0,https://www.sportsidioten.no/resultater/bedrift-og-mosjonslag-mix-flest-kvinner-holmenkollstafetten-2025/
2025,bedrift og mosjonslag mix flest kvinner,587,5857,"RITMO, UiO (Universitetet i Oslo)",1:26:02,5162.0,https://www.sportsidioten.no/resultater/bedrift-og-mosjonslag-mix-flest-kvinner-holmenkollstafetten-2025/
2025,bedrift og mosjonslag mix flest kvinner,588,7277,Østensjø skole,1:26:02,5162.0,https://www.sportsidioten.no/resultater/bedrift-og-mosjonslag-mix-flest-kvinner-holmenkollstafetten-2025/
2025,bedrift og mosjonslag mix flest kvinner,589,9316,Klinisk service Nevro (OUS),1:26:03,5163.0,https://www.sportsidioten.no/resultater/bedrift-og-mosjonslag-mix-flest-kvinner-holmenkollstafetten-2025/
2025,bedrift og mosjonslag mix flest kvinner,590,10091,Hurdal kommune,1:26:03,5163.0,https://www.sportsidioten.no/resultater/bedrift-og-mosjonslag-mix-flest-kvinner-holmenkollstafetten-2025/
2025,bedrift og mosjonslag mix flest kvinner,591,9309,Fokus Nordic,1:26:04,5164.0,https://www.sportsidioten.no/resultater/bedrift-og-mosjonslag-mix-flest-kvinner-holmenkollstafetten-2025/
2025,bedrift og mosjonslag mix flest kvinner,592,6490,Aker Solutions FunRun 2 (Aker Solutions AS),1:26:05,5165.0,https://www.sportsidioten.no/resultater/bedrift-og-mosjonslag-mix-flest-kvinner-holmenkollstafetten-2025/
2025,bedrift og mosjonslag mix flest kvinner,593,8244,Slow Horses,1:26:07,5167.0,https://www.sportsidioten.no/resultater/bedrift-og-mosjonslag-mix-flest-kvinner-holmenkollstafetten-2025/
2025,bedrift og mosjonslag mix flest kvinner,594,7646,TV 2 Nyheter (TV 2),1:26:08,5168.0,https://www.sportsidioten.no/resultater/bedrift-og-mosjonslag-mix-flest-kvinner-holmenkollstafetten-2025/
2025,bedrift og mosjonslag mix flest kvinner,595,6113,"DNB Eiendom AS, Eiendomsoppgjør",1:26:10,5170.0,https://www.sportsidioten.no/resultater/bedrift-og-mosjonslag-mix-flest-kvinner-holmenkollstafetten-2025/
2025,bedrift og mosjonslag mix flest kvinner,596,11674,Østfold tannlegeforening,1:26:10,5170.0,https://www.sportsidioten.no/resultater/bedrift-og-mosjonslag-mix-flest-kvinner-holmenkollstafetten-2025/
2025,bedrift og mosjonslag mix flest kvinner,597,7419,Team Pon 1 (Pon Equipment og Pon Power),1:26:12,5172.0,https://www.sportsidioten.no/resultater/bedrift-og-mosjonslag-mix-flest-kvinner-holmenkollstafetten-2025/
2025,bedrift og mosjonslag mix flest kvinner,598,11627,Påtalevest,1:26:14,5174.0,https://www.sportsidioten.no/resultater/bedrift-og-mosjonslag-mix-flest-kvinner-holmenkollstafetten-2025/
2025,bedrift og mosjonslag mix flest kvinner,599,8697,Solfjellshøgda helsehus,1:26:14,5174.0,https://www.sportsidioten.no/resultater/bedrift-og-mosjonslag-mix-flest-kvinner-holmenkollstafetten-2025/
2025,bedrift og mosjonslag mix flest kvinner,600,9043,SEB 2 (SEB),1:26:18,5178.0,https://www.sportsidioten.no/resultater/bedrift-og-mosjonslag-mix-flest-kvinner-holmenkollstafetten-2025/
2025,bedrift og mosjonslag mix flest kvinner,601,8612,Specsavers Butikklag (Specsavers Norway),1:26:18,5178.0,https://www.sportsidioten.no/resultater/bedrift-og-mosjonslag-mix-flest-kvinner-holmenkollstafetten-2025/
2025,bedrift og mosjonslag mix flest kvinner,602,9706,Vestre Viken Blærum Intensiv (Bærum Sykehus),1:26:21,5181.0,https://www.sportsidioten.no/resultater/bedrift-og-mosjonslag-mix-flest-kvinner-holmenkollstafetten-2025/
2025,bedrift og mosjonslag mix flest kvinner,603,6806,Svensson Nøkleby Advokatfirma,1:26:21,5181.0,https://www.sportsidioten.no/resultater/bedrift-og-mosjonslag-mix-flest-kvinner-holmenkollstafetten-2025/
2025,bedrift og mosjonslag mix flest kvinner,604,9074,Ingieråsen ungdomskole (Nordre Follo kommune),1:26:21,5181.0,https://www.sportsidioten.no/resultater/bedrift-og-mosjonslag-mix-flest-kvinner-holmenkollstafetten-2025/
2025,bedrift og mosjonslag mix flest kvinner,605,9252,WAL 2 (WAL),1:26:21,5181.0,https://www.sportsidioten.no/resultater/bedrift-og-mosjonslag-mix-flest-kvinner-holmenkollstafetten-2025/
2025,bedrift og mosjonslag mix flest kvinner,606,8914,Pfizer Aktiv,1:26:22,5182.0,https://www.sportsidioten.no/resultater/bedrift-og-mosjonslag-mix-flest-kvinner-holmenkollstafetten-2025/
2025,bedrift og mosjonslag mix flest kvinner,607,10834,Team Byporten (Vitusapotek Byporten),1:26:23,5183.0,https://www.sportsidioten.no/resultater/bedrift-og-mosjonslag-mix-flest-kvinner-holmenkollstafetten-2025/
2025,bedrift og mosjonslag mix flest kvinner,608,9213,NAV Lillestrøm,1:26:26,5186.0,https://www.sportsidioten.no/resultater/bedrift-og-mosjonslag-mix-flest-kvinner-holmenkollstafetten-2025/
2025,bedrift og mosjonslag mix flest kvinner,609,8856,Sivilrettsforvaltningen,1:26:26,5186.0,https://www.sportsidioten.no/resultater/bedrift-og-mosjonslag-mix-flest-kvinner-holmenkollstafetten-2025/
2025,bedrift og mosjonslag mix flest kvinner,610,9851,Beauty & Booty (Scandinavian Cosmetics),1:26:27,5187.0,https://www.sportsidioten.no/resultater/bedrift-og-mosjonslag-mix-flest-kvinner-holmenkollstafetten-2025/
2025,bedrift og mosjonslag mix flest kvinner,611,8472,OSM Thome,1:26:29,5189.0,https://www.sportsidioten.no/resultater/bedrift-og-mosjonslag-mix-flest-kvinner-holmenkollstafetten-2025/
2025,bedrift og mosjonslag mix flest kvinner,612,9718,Advisense 2 (Advisense),1:26:30,5190.0,https://www.sportsidioten.no/resultater/bedrift-og-mosjonslag-mix-flest-kvinner-holmenkollstafetten-2025/
2025,bedrift og mosjonslag mix flest kvinner,613,9410,Fjellhamar skole (Fjellhamar skole (Lørenskog kommune)),1:26:32,5192.0,https://www.sportsidioten.no/resultater/bedrift-og-mosjonslag-mix-flest-kvinner-holmenkollstafetten-2025/
2025,bedrift og mosjonslag mix flest kvinner,614,9867,Blue footed booby (IFE institutt for energiteknikk),1:26:32,5192.0,https://www.sportsidioten.no/resultater/bedrift-og-mosjonslag-mix-flest-kvinner-holmenkollstafetten-2025/
2025,bedrift og mosjonslag mix flest kvinner,615,10505,Frogn videregående skole,1:26:33,5193.0,https://www.sportsidioten.no/resultater/bedrift-og-mosjonslag-mix-flest-kvinner-holmenkollstafetten-2025/
2025,bedrift og mosjonslag mix flest kvinner,616,9709,PHARMAQ BIL 3 (PHARMAQ Bedriftsidrettslag),1:26:34,5194.0,https://www.sportsidioten.no/resultater/bedrift-og-mosjonslag-mix-flest-kvinner-holmenkollstafetten-2025/
2025,bedrift og mosjonslag mix flest kvinner,617,10234,ØNLS (Øvre Nydalen Legesenter),1:26:35,5195.0,https://www.sportsidioten.no/resultater/bedrift-og-mosjonslag-mix-flest-kvinner-holmenkollstafetten-2025/
2025,bedrift og mosjonslag mix flest kvinner,618,8455,Helsedirektoratet PULS (Helsedirektoratet),1:26:35,5195.0,https://www.sportsidioten.no/resultater/bedrift-og-mosjonslag-mix-flest-kvinner-holmenkollstafetten-2025/
2025,bedrift og mosjonslag mix flest kvinner,619,8461,Medisin B (Diakonhjemmet Sykehus),1:26:35,5195.0,https://www.sportsidioten.no/resultater/bedrift-og-mosjonslag-mix-flest-kvinner-holmenkollstafetten-2025/
2025,bedrift og mosjonslag mix flest kvinner,620,10409,Akademiet Ypsilon (Akademiet Ypsilon vgs),1:26:35,5195.0,https://www.sportsidioten.no/resultater/bedrift-og-mosjonslag-mix-flest-kvinner-holmenkollstafetten-2025/
2025,bedrift og mosjonslag mix flest kvinner,621,9503,Direktoratet for strålevern og atomsikkerhet 1 (Direktoratet for strålevern og atomsikkerhet),1:26:36,5196.0,https://www.sportsidioten.no/resultater/bedrift-og-mosjonslag-mix-flest-kvinner-holmenkollstafetten-2025/
2025,bedrift og mosjonslag mix flest kvinner,622,11493,Ifront Karriere,1:26:36,5196.0,https://www.sportsidioten.no/resultater/bedrift-og-mosjonslag-mix-flest-kvinner-holmenkollstafetten-2025/
2025,bedrift og mosjonslag mix flest kvinner,623,11863,UDIR BIL 3 (Utdanningsdirektoratet),1:26:37,5197.0,https://www.sportsidioten.no/resultater/bedrift-og-mosjonslag-mix-flest-kvinner-holmenkollstafetten-2025/
2025,bedrift og mosjonslag mix flest kvinner,624,6109,DNB Risky Rønners 1 (DNB),1:26:37,5197.0,https://www.sportsidioten.no/resultater/bedrift-og-mosjonslag-mix-flest-kvinner-holmenkollstafetten-2025/
2025,bedrift og mosjonslag mix flest kvinner,625,11019,Kvalitet & utvikling (Asker kommune),1:26:39,5199.0,https://www.sportsidioten.no/resultater/bedrift-og-mosjonslag-mix-flest-kvinner-holmenkollstafetten-2025/
2025,bedrift og mosjonslag mix flest kvinner,626,9514,Nesodden – det gode liv (Nesodden kommune),1:26:39,5199.0,https://www.sportsidioten.no/resultater/bedrift-og-mosjonslag-mix-flest-kvinner-holmenkollstafetten-2025/
2025,bedrift og mosjonslag mix flest kvinner,627,8245,SSC Accounting & Payroll 1 (Strawberry SSC Finance),1:26:39,5199.0,https://www.sportsidioten.no/resultater/bedrift-og-mosjonslag-mix-flest-kvinner-holmenkollstafetten-2025/
2025,bedrift og mosjonslag mix flest kvinner,628,11680,"SBO i 80,- (Selvaag Bolig ASA)",1:26:40,5200.0,https://www.sportsidioten.no/resultater/bedrift-og-mosjonslag-mix-flest-kvinner-holmenkollstafetten-2025/
2025,bedrift og mosjonslag mix flest kvinner,629,9029,PHARMAQ BIL 2 (PHARMAQ Bedriftsidrettslag),1:26:40,5200.0,https://www.sportsidioten.no/resultater/bedrift-og-mosjonslag-mix-flest-kvinner-holmenkollstafetten-2025/
2025,bedrift og mosjonslag mix flest kvinner,630,6454,ØNH Ahus (Akershus universitetssykehus Øre-nese-hals avd.),1:26:40,5200.0,https://www.sportsidioten.no/resultater/bedrift-og-mosjonslag-mix-flest-kvinner-holmenkollstafetten-2025/
2025,bedrift og mosjonslag mix flest kvinner,631,9048,Sense,1:26:41,5201.0,https://www.sportsidioten.no/resultater/bedrift-og-mosjonslag-mix-flest-kvinner-holmenkollstafetten-2025/
2025,bedrift og mosjonslag mix flest kvinner,632,9231,LPO arkitekter,1:26:46,5206.0,https://www.sportsidioten.no/resultater/bedrift-og-mosjonslag-mix-flest-kvinner-holmenkollstafetten-2025/
2025,bedrift og mosjonslag mix flest kvinner,633,9112,Dette er et arbeidsmiljøtiltak (Asker barnevernstjeneste),1:26:46,5206.0,https://www.sportsidioten.no/resultater/bedrift-og-mosjonslag-mix-flest-kvinner-holmenkollstafetten-2025/
2025,bedrift og mosjonslag mix flest kvinner,634,9286,SOKO-BIL Skadberg skole,1:26:47,5207.0,https://www.sportsidioten.no/resultater/bedrift-og-mosjonslag-mix-flest-kvinner-holmenkollstafetten-2025/
2025,bedrift og mosjonslag mix flest kvinner,635,9046,Finstad Runners (Finstad skole),1:26:48,5208.0,https://www.sportsidioten.no/resultater/bedrift-og-mosjonslag-mix-flest-kvinner-holmenkollstafetten-2025/
2025,bedrift og mosjonslag mix flest kvinner,636,5874,UiO-ILOS on the move (Universitetet i Oslo),1:26:48,5208.0,https://www.sportsidioten.no/resultater/bedrift-og-mosjonslag-mix-flest-kvinner-holmenkollstafetten-2025/
2025,bedrift og mosjonslag mix flest kvinner,637,8651,Ruter – Rutebussen (Ruter As),1:26:51,5211.0,https://www.sportsidioten.no/resultater/bedrift-og-mosjonslag-mix-flest-kvinner-holmenkollstafetten-2025/
2025,bedrift og mosjonslag mix flest kvinner,638,10298,Akuttmottaket 1 (Sørlandet sykehus Kristiansand),1:26:51,5211.0,https://www.sportsidioten.no/resultater/bedrift-og-mosjonslag-mix-flest-kvinner-holmenkollstafetten-2025/
2025,bedrift og mosjonslag mix flest kvinner,639,9069,Gjensidige Person Helse (Gjensidige),1:26:52,5212.0,https://www.sportsidioten.no/resultater/bedrift-og-mosjonslag-mix-flest-kvinner-holmenkollstafetten-2025/
2025,bedrift og mosjonslag mix flest kvinner,640,6658,Advokatfirmaet Wiersholm 4 (Advokatfirmaet Wiersholm),1:26:53,5213.0,https://www.sportsidioten.no/resultater/bedrift-og-mosjonslag-mix-flest-kvinner-holmenkollstafetten-2025/
2025,bedrift og mosjonslag mix flest kvinner,641,6471,S302 GAM/INF (Akershus universitetssykehus),1:26:54,5214.0,https://www.sportsidioten.no/resultater/bedrift-og-mosjonslag-mix-flest-kvinner-holmenkollstafetten-2025/
2025,bedrift og mosjonslag mix flest kvinner,642,11489,Innkjøp Lillestrøm kommune (Lillestrøm kommune),1:26:54,5214.0,https://www.sportsidioten.no/resultater/bedrift-og-mosjonslag-mix-flest-kvinner-holmenkollstafetten-2025/
2025,bedrift og mosjonslag mix flest kvinner,643,10656,Flekkefjord sykehus (Sørlandet Sykehus Flekkefjord),1:26:55,5215.0,https://www.sportsidioten.no/resultater/bedrift-og-mosjonslag-mix-flest-kvinner-holmenkollstafetten-2025/
2025,bedrift og mosjonslag mix flest kvinner,644,10060,Fitness & CO (Advokatfirmaet Larsen & co),1:26:57,5217.0,https://www.sportsidioten.no/resultater/bedrift-og-mosjonslag-mix-flest-kvinner-holmenkollstafetten-2025/
2025,bedrift og mosjonslag mix flest kvinner,645,6630,"Sykehusapotekene HF, Hovedkontoret (Sykehusapotekene HF)",1:26:59,5219.0,https://www.sportsidioten.no/resultater/bedrift-og-mosjonslag-mix-flest-kvinner-holmenkollstafetten-2025/
2025,bedrift og mosjonslag mix flest kvinner,646,8884,FUF281 1 (Oslo politidistrikt),1:26:59,5219.0,https://www.sportsidioten.no/resultater/bedrift-og-mosjonslag-mix-flest-kvinner-holmenkollstafetten-2025/
2025,bedrift og mosjonslag mix flest kvinner,647,11905,Rett i Kjeller’n (Kjeller Skole),1:26:59,5219.0,https://www.sportsidioten.no/resultater/bedrift-og-mosjonslag-mix-flest-kvinner-holmenkollstafetten-2025/
2025,bedrift og mosjonslag mix flest kvinner,648,11066,Raske karbohydrater (Oslo Universitetssykehus),1:27:01,5221.0,https://www.sportsidioten.no/resultater/bedrift-og-mosjonslag-mix-flest-kvinner-holmenkollstafetten-2025/
2025,bedrift og mosjonslag mix flest kvinner,649,11423,Forfatternes Hus,1:27:01,5221.0,https://www.sportsidioten.no/resultater/bedrift-og-mosjonslag-mix-flest-kvinner-holmenkollstafetten-2025/
2025,bedrift og mosjonslag mix flest kvinner,650,9413,OsloMet Helsevitenskap (OsloMet),1:27:02,5222.0,https://www.sportsidioten.no/resultater/bedrift-og-mosjonslag-mix-flest-kvinner-holmenkollstafetten-2025/
2025,bedrift og mosjonslag mix flest kvinner,651,9241,Bydel Søndre Nordstrand,1:27:02,5222.0,https://www.sportsidioten.no/resultater/bedrift-og-mosjonslag-mix-flest-kvinner-holmenkollstafetten-2025/
2025,bedrift og mosjonslag mix flest kvinner,652,11411,AIOI1RAD (Oslo universitetssykehus),1:27:02,5222.0,https://www.sportsidioten.no/resultater/bedrift-og-mosjonslag-mix-flest-kvinner-holmenkollstafetten-2025/
2025,bedrift og mosjonslag mix flest kvinner,653,8088,HELBIL (Helseetatens bedriftsidrettslag),1:27:06,5226.0,https://www.sportsidioten.no/resultater/bedrift-og-mosjonslag-mix-flest-kvinner-holmenkollstafetten-2025/
2025,bedrift og mosjonslag mix flest kvinner,654,11006,FACT Asker (Vestre Viken),1:27:06,5226.0,https://www.sportsidioten.no/resultater/bedrift-og-mosjonslag-mix-flest-kvinner-holmenkollstafetten-2025/
2025,bedrift og mosjonslag mix flest kvinner,655,10057,"Veståsen (Gjerdrum kommune, Veståsen skole)",1:27:07,5227.0,https://www.sportsidioten.no/resultater/bedrift-og-mosjonslag-mix-flest-kvinner-holmenkollstafetten-2025/
2025,bedrift og mosjonslag mix flest kvinner,656,12258,SFOS 2 (Statsforvalteren SFOS),1:27:09,5229.0,https://www.sportsidioten.no/resultater/bedrift-og-mosjonslag-mix-flest-kvinner-holmenkollstafetten-2025/
2025,bedrift og mosjonslag mix flest kvinner,657,9637,ORUS2 (OUS),1:27:10,5230.0,https://www.sportsidioten.no/resultater/bedrift-og-mosjonslag-mix-flest-kvinner-holmenkollstafetten-2025/
2025,bedrift og mosjonslag mix flest kvinner,658,11692,Dram1 (Nav Drammen),1:27:14,5234.0,https://www.sportsidioten.no/resultater/bedrift-og-mosjonslag-mix-flest-kvinner-holmenkollstafetten-2025/
2025,bedrift og mosjonslag mix flest kvinner,659,8689,Skatteetaten Sandvika (Skatteetaten),1:27:14,5234.0,https://www.sportsidioten.no/resultater/bedrift-og-mosjonslag-mix-flest-kvinner-holmenkollstafetten-2025/
2025,bedrift og mosjonslag mix flest kvinner,660,11234,"Rosenhagen (Bydel Nordstrand, Rosenhagen barnehage)",1:27:14,5234.0,https://www.sportsidioten.no/resultater/bedrift-og-mosjonslag-mix-flest-kvinner-holmenkollstafetten-2025/
2025,bedrift og mosjonslag mix flest kvinner,661,11487,RusForsk,1:27:16,5236.0,https://www.sportsidioten.no/resultater/bedrift-og-mosjonslag-mix-flest-kvinner-holmenkollstafetten-2025/
2025,bedrift og mosjonslag mix flest kvinner,662,10838,Dr.Dropin 2 (Dr.Dropin AS),1:27:17,5237.0,https://www.sportsidioten.no/resultater/bedrift-og-mosjonslag-mix-flest-kvinner-holmenkollstafetten-2025/
2025,bedrift og mosjonslag mix flest kvinner,663,10459,Steffis – Full fres og store glis (Unicare Steffensrud),1:27:18,5238.0,https://www.sportsidioten.no/resultater/bedrift-og-mosjonslag-mix-flest-kvinner-holmenkollstafetten-2025/
2025,bedrift og mosjonslag mix flest kvinner,664,10860,Hovedorganisasjonen Virke 2 (Hovedorganisasjonen Virke),1:27:18,5238.0,https://www.sportsidioten.no/resultater/bedrift-og-mosjonslag-mix-flest-kvinner-holmenkollstafetten-2025/
2025,bedrift og mosjonslag mix flest kvinner,665,10845,Grindbakken skole,1:27:21,5241.0,https://www.sportsidioten.no/resultater/bedrift-og-mosjonslag-mix-flest-kvinner-holmenkollstafetten-2025/
2025,bedrift og mosjonslag mix flest kvinner,666,10625,Familielaget (Familie),1:27:24,5244.0,https://www.sportsidioten.no/resultater/bedrift-og-mosjonslag-mix-flest-kvinner-holmenkollstafetten-2025/
2025,bedrift og mosjonslag mix flest kvinner,667,10097,DOGA (Design og arkitektur Norge),1:27:25,5245.0,https://www.sportsidioten.no/resultater/bedrift-og-mosjonslag-mix-flest-kvinner-holmenkollstafetten-2025/
2025,bedrift og mosjonslag mix flest kvinner,668,9044,Tidlig Psykosebehandling (Oslo universitetssykehus),1:27:26,5246.0,https://www.sportsidioten.no/resultater/bedrift-og-mosjonslag-mix-flest-kvinner-holmenkollstafetten-2025/
2025,bedrift og mosjonslag mix flest kvinner,669,9272,Løvenstad (Løvenstad Skole),1:27:27,5247.0,https://www.sportsidioten.no/resultater/bedrift-og-mosjonslag-mix-flest-kvinner-holmenkollstafetten-2025/
2025,bedrift og mosjonslag mix flest kvinner,670,8299,Bjerke vgs (Bjerke videregående skole),1:27:28,5248.0,https://www.sportsidioten.no/resultater/bedrift-og-mosjonslag-mix-flest-kvinner-holmenkollstafetten-2025/
2025,bedrift og mosjonslag mix flest kvinner,671,8423,Majorstuen hjemmesykepleie 1 (Bydel Frogner),1:27:30,5250.0,https://www.sportsidioten.no/resultater/bedrift-og-mosjonslag-mix-flest-kvinner-holmenkollstafetten-2025/
2025,bedrift og mosjonslag mix flest kvinner,672,12229,Tinkern (Tinkern Kanvas-barnehage),1:27:31,5251.0,https://www.sportsidioten.no/resultater/bedrift-og-mosjonslag-mix-flest-kvinner-holmenkollstafetten-2025/
2025,bedrift og mosjonslag mix flest kvinner,673,12048,Verdens Beste Damer,1:27:32,5252.0,https://www.sportsidioten.no/resultater/bedrift-og-mosjonslag-mix-flest-kvinner-holmenkollstafetten-2025/
2025,bedrift og mosjonslag mix flest kvinner,674,9620,Statsforvalteren i Vestfold og Telemark – junior (Statsforvalteren i Vestfold og Telemark),1:27:32,5252.0,https://www.sportsidioten.no/resultater/bedrift-og-mosjonslag-mix-flest-kvinner-holmenkollstafetten-2025/
2025,bedrift og mosjonslag mix flest kvinner,675,10618,Lunde-10-årige skole (Lunde 10-årige skole),1:27:33,5253.0,https://www.sportsidioten.no/resultater/bedrift-og-mosjonslag-mix-flest-kvinner-holmenkollstafetten-2025/
2025,bedrift og mosjonslag mix flest kvinner,676,11810,Vestre Vikens mest Habile (Vestre Viken HF),1:27:38,5258.0,https://www.sportsidioten.no/resultater/bedrift-og-mosjonslag-mix-flest-kvinner-holmenkollstafetten-2025/
2025,bedrift og mosjonslag mix flest kvinner,677,8897,BFR Mestring og rehabilitering (Bydel Frogner Mestring og rehabilitering),1:27:39,5259.0,https://www.sportsidioten.no/resultater/bedrift-og-mosjonslag-mix-flest-kvinner-holmenkollstafetten-2025/
2025,bedrift og mosjonslag mix flest kvinner,678,9846,Aker Sykehus – Medisinsk Biokjemi (Aker sykehus – Medisinsk Biokjemi),1:27:39,5259.0,https://www.sportsidioten.no/resultater/bedrift-og-mosjonslag-mix-flest-kvinner-holmenkollstafetten-2025/
2025,bedrift og mosjonslag mix flest kvinner,679,10304,"Generell Intensiv 1 Rikshospitalet (Generell Intensiv 1, RH)",1:27:40,5260.0,https://www.sportsidioten.no/resultater/bedrift-og-mosjonslag-mix-flest-kvinner-holmenkollstafetten-2025/
2025,bedrift og mosjonslag mix flest kvinner,680,9673,Fjellsrud skole (Fjellsrud Skole),1:27:40,5260.0,https://www.sportsidioten.no/resultater/bedrift-og-mosjonslag-mix-flest-kvinner-holmenkollstafetten-2025/
2025,bedrift og mosjonslag mix flest kvinner,681,11886,SERO (SERO AS),1:27:40,5260.0,https://www.sportsidioten.no/resultater/bedrift-og-mosjonslag-mix-flest-kvinner-holmenkollstafetten-2025/
2025,bedrift og mosjonslag mix flest kvinner,682,7913,KORUS Oslo,1:27:42,5262.0,https://www.sportsidioten.no/resultater/bedrift-og-mosjonslag-mix-flest-kvinner-holmenkollstafetten-2025/
2025,bedrift og mosjonslag mix flest kvinner,683,9489,Vestre Viken Alderspsykiatrisk (Vestre Viken HF),1:27:44,5264.0,https://www.sportsidioten.no/resultater/bedrift-og-mosjonslag-mix-flest-kvinner-holmenkollstafetten-2025/
2025,bedrift og mosjonslag mix flest kvinner,684,7713,Bymiljøetaten 4 (Bymiljøetaten),1:27:45,5265.0,https://www.sportsidioten.no/resultater/bedrift-og-mosjonslag-mix-flest-kvinner-holmenkollstafetten-2025/
2025,bedrift og mosjonslag mix flest kvinner,685,11610,WillCat Rockets (Frelsesarmeen),1:27:47,5267.0,https://www.sportsidioten.no/resultater/bedrift-og-mosjonslag-mix-flest-kvinner-holmenkollstafetten-2025/
2025,bedrift og mosjonslag mix flest kvinner,686,6505,Barnehabiliteringen Ahus (Akershus Universitetssykehus Barnehabiliteringen),1:27:48,5268.0,https://www.sportsidioten.no/resultater/bedrift-og-mosjonslag-mix-flest-kvinner-holmenkollstafetten-2025/
2025,bedrift og mosjonslag mix flest kvinner,687,9810,Vestre Viken Team Staselig (Vestre Viken HF),1:27:49,5269.0,https://www.sportsidioten.no/resultater/bedrift-og-mosjonslag-mix-flest-kvinner-holmenkollstafetten-2025/
2025,bedrift og mosjonslag mix flest kvinner,688,6051,DNB KS Chat (DNB),1:27:50,5270.0,https://www.sportsidioten.no/resultater/bedrift-og-mosjonslag-mix-flest-kvinner-holmenkollstafetten-2025/
2025,bedrift og mosjonslag mix flest kvinner,689,6495,Team Cøkum (Akershus universitetssykehus),1:27:52,5272.0,https://www.sportsidioten.no/resultater/bedrift-og-mosjonslag-mix-flest-kvinner-holmenkollstafetten-2025/
2025,bedrift og mosjonslag mix flest kvinner,690,7857,Forretningspartner (SpareBank 1 ForretningsPartner Østlandet AS),1:27:53,5273.0,https://www.sportsidioten.no/resultater/bedrift-og-mosjonslag-mix-flest-kvinner-holmenkollstafetten-2025/
2025,bedrift og mosjonslag mix flest kvinner,691,12247,"SIFOrt vi kan (SIFO, OsloMet)",1:27:54,5274.0,https://www.sportsidioten.no/resultater/bedrift-og-mosjonslag-mix-flest-kvinner-holmenkollstafetten-2025/
2025,bedrift og mosjonslag mix flest kvinner,692,12084,Kulturdirektoratet,1:27:54,5274.0,https://www.sportsidioten.no/resultater/bedrift-og-mosjonslag-mix-flest-kvinner-holmenkollstafetten-2025/
2025,bedrift og mosjonslag mix flest kvinner,693,12230,AlnaCrew idrettsforening (Alna barneverntjeneste),1:27:56,5276.0,https://www.sportsidioten.no/resultater/bedrift-og-mosjonslag-mix-flest-kvinner-holmenkollstafetten-2025/
2025,bedrift og mosjonslag mix flest kvinner,694,12099,NRK Kultur,1:27:56,5276.0,https://www.sportsidioten.no/resultater/bedrift-og-mosjonslag-mix-flest-kvinner-holmenkollstafetten-2025/
2025,bedrift og mosjonslag mix flest kvinner,695,8024,South Beach Runners (NAV Søndre Nordstrand),1:27:57,5277.0,https://www.sportsidioten.no/resultater/bedrift-og-mosjonslag-mix-flest-kvinner-holmenkollstafetten-2025/
2025,bedrift og mosjonslag mix flest kvinner,696,10695,Østensjø Kanvas-barnehage,1:27:58,5278.0,https://www.sportsidioten.no/resultater/bedrift-og-mosjonslag-mix-flest-kvinner-holmenkollstafetten-2025/
2025,bedrift og mosjonslag mix flest kvinner,697,9282,Direktoratet for strålevern og atomsikkerhet 2 (Direktoratet for strålevern og atomsikkerhet),1:27:58,5278.0,https://www.sportsidioten.no/resultater/bedrift-og-mosjonslag-mix-flest-kvinner-holmenkollstafetten-2025/
2025,bedrift og mosjonslag mix flest kvinner,698,6459,Intensiv-Ahus (Akershus universitetssykehus),1:27:59,5279.0,https://www.sportsidioten.no/resultater/bedrift-og-mosjonslag-mix-flest-kvinner-holmenkollstafetten-2025/
2025,bedrift og mosjonslag mix flest kvinner,699,11255,Treningsklubben Ila (MER – Ila kirke),1:28:00,5280.0,https://www.sportsidioten.no/resultater/bedrift-og-mosjonslag-mix-flest-kvinner-holmenkollstafetten-2025/
2025,bedrift og mosjonslag mix flest kvinner,700,6890,BAMA 17 (Bama Gruppen AS),1:28:01,5281.0,https://www.sportsidioten.no/resultater/bedrift-og-mosjonslag-mix-flest-kvinner-holmenkollstafetten-2025/
2025,bedrift og mosjonslag mix flest kvinner,701,9848,PPT vg/vo (PPT Oslo vg/vo 25),1:28:01,5281.0,https://www.sportsidioten.no/resultater/bedrift-og-mosjonslag-mix-flest-kvinner-holmenkollstafetten-2025/
2025,bedrift og mosjonslag mix flest kvinner,702,11269,Evidensia Oslo Dyresykehus,1:28:03,5283.0,https://www.sportsidioten.no/resultater/bedrift-og-mosjonslag-mix-flest-kvinner-holmenkollstafetten-2025/
2025,bedrift og mosjonslag mix flest kvinner,703,6470,EY BIL Talent (EY),1:28:04,5284.0,https://www.sportsidioten.no/resultater/bedrift-og-mosjonslag-mix-flest-kvinner-holmenkollstafetten-2025/
2025,bedrift og mosjonslag mix flest kvinner,704,8681,Apotekforeningen (AS Apotekernes hus),1:28:04,5284.0,https://www.sportsidioten.no/resultater/bedrift-og-mosjonslag-mix-flest-kvinner-holmenkollstafetten-2025/
2025,bedrift og mosjonslag mix flest kvinner,705,7654,CogKvinner (Cognite),1:28:05,5285.0,https://www.sportsidioten.no/resultater/bedrift-og-mosjonslag-mix-flest-kvinner-holmenkollstafetten-2025/
2025,bedrift og mosjonslag mix flest kvinner,706,11851,På Samme Lag (Skoger Skole),1:28:07,5287.0,https://www.sportsidioten.no/resultater/bedrift-og-mosjonslag-mix-flest-kvinner-holmenkollstafetten-2025/
2025,bedrift og mosjonslag mix flest kvinner,707,9714,S-BUP (Oslo Universitetssykehus),1:28:07,5287.0,https://www.sportsidioten.no/resultater/bedrift-og-mosjonslag-mix-flest-kvinner-holmenkollstafetten-2025/
2025,bedrift og mosjonslag mix flest kvinner,708,10694,Varde Hartmark (Varde Hartmark AS),1:28:09,5289.0,https://www.sportsidioten.no/resultater/bedrift-og-mosjonslag-mix-flest-kvinner-holmenkollstafetten-2025/
2025,bedrift og mosjonslag mix flest kvinner,709,11696,Team Workwear/Hair I am,1:28:10,5290.0,https://www.sportsidioten.no/resultater/bedrift-og-mosjonslag-mix-flest-kvinner-holmenkollstafetten-2025/
2025,bedrift og mosjonslag mix flest kvinner,710,9481,Vestråt barnehage,1:28:10,5290.0,https://www.sportsidioten.no/resultater/bedrift-og-mosjonslag-mix-flest-kvinner-holmenkollstafetten-2025/
2025,bedrift og mosjonslag mix flest kvinner,711,11611,"Drammen DPS POLS1, Vestre Viken (Vestre Viken HF)",1:28:14,5294.0,https://www.sportsidioten.no/resultater/bedrift-og-mosjonslag-mix-flest-kvinner-holmenkollstafetten-2025/
2025,bedrift og mosjonslag mix flest kvinner,712,6091,DNB Risky Rønners 2 (DNB),1:28:15,5295.0,https://www.sportsidioten.no/resultater/bedrift-og-mosjonslag-mix-flest-kvinner-holmenkollstafetten-2025/
2025,bedrift og mosjonslag mix flest kvinner,713,8081,Nic Waals institutt,1:28:16,5296.0,https://www.sportsidioten.no/resultater/bedrift-og-mosjonslag-mix-flest-kvinner-holmenkollstafetten-2025/
2025,bedrift og mosjonslag mix flest kvinner,714,11270,Global Supply Chain Pacers (Varner AS),1:28:16,5296.0,https://www.sportsidioten.no/resultater/bedrift-og-mosjonslag-mix-flest-kvinner-holmenkollstafetten-2025/
2025,bedrift og mosjonslag mix flest kvinner,715,9256,De beste i HDB (Holmenkollen dagsenter og boliger),1:28:17,5297.0,https://www.sportsidioten.no/resultater/bedrift-og-mosjonslag-mix-flest-kvinner-holmenkollstafetten-2025/
2025,bedrift og mosjonslag mix flest kvinner,716,10092,Agilera Beta (Agilera Pharma),1:28:18,5298.0,https://www.sportsidioten.no/resultater/bedrift-og-mosjonslag-mix-flest-kvinner-holmenkollstafetten-2025/
2025,bedrift og mosjonslag mix flest kvinner,717,8448,Flåtestad Fast Feet (Flåtestad ungdomsskole),1:28:24,5304.0,https://www.sportsidioten.no/resultater/bedrift-og-mosjonslag-mix-flest-kvinner-holmenkollstafetten-2025/
2025,bedrift og mosjonslag mix flest kvinner,718,9441,Unicare Fram,1:28:25,5305.0,https://www.sportsidioten.no/resultater/bedrift-og-mosjonslag-mix-flest-kvinner-holmenkollstafetten-2025/
2025,bedrift og mosjonslag mix flest kvinner,719,7061,TINE Planlegging (TINE SA),1:28:26,5306.0,https://www.sportsidioten.no/resultater/bedrift-og-mosjonslag-mix-flest-kvinner-holmenkollstafetten-2025/
2025,bedrift og mosjonslag mix flest kvinner,720,12091,G Travel (G Travel AS),1:28:27,5307.0,https://www.sportsidioten.no/resultater/bedrift-og-mosjonslag-mix-flest-kvinner-holmenkollstafetten-2025/
2025,bedrift og mosjonslag mix flest kvinner,721,9082,Blodbanken i Oslo 1 (Blodbanken i Oslo),1:28:28,5308.0,https://www.sportsidioten.no/resultater/bedrift-og-mosjonslag-mix-flest-kvinner-holmenkollstafetten-2025/
2025,bedrift og mosjonslag mix flest kvinner,722,5824,Domstolene i Oslo 2 (Domstolene i Oslo),1:28:28,5308.0,https://www.sportsidioten.no/resultater/bedrift-og-mosjonslag-mix-flest-kvinner-holmenkollstafetten-2025/
2025,bedrift og mosjonslag mix flest kvinner,723,10823,Cash in transit (Loomis Norge),1:28:29,5309.0,https://www.sportsidioten.no/resultater/bedrift-og-mosjonslag-mix-flest-kvinner-holmenkollstafetten-2025/
2025,bedrift og mosjonslag mix flest kvinner,724,9009,Fürst BIL 1 (AS Med Lab),1:28:31,5311.0,https://www.sportsidioten.no/resultater/bedrift-og-mosjonslag-mix-flest-kvinner-holmenkollstafetten-2025/
2025,bedrift og mosjonslag mix flest kvinner,725,10458,Accenture 5 (Accenture),1:28:31,5311.0,https://www.sportsidioten.no/resultater/bedrift-og-mosjonslag-mix-flest-kvinner-holmenkollstafetten-2025/
2025,bedrift og mosjonslag mix flest kvinner,726,9504,Felleskjøpet 1 3 (Felleskjøpet Agri SA),1:28:31,5311.0,https://www.sportsidioten.no/resultater/bedrift-og-mosjonslag-mix-flest-kvinner-holmenkollstafetten-2025/
2025,bedrift og mosjonslag mix flest kvinner,727,6024,DNB Risky Business (DNB),1:28:31,5311.0,https://www.sportsidioten.no/resultater/bedrift-og-mosjonslag-mix-flest-kvinner-holmenkollstafetten-2025/
2025,bedrift og mosjonslag mix flest kvinner,728,9414,Bydel Frogner PHA (Oslo kommune Bydel Frogner),1:28:32,5312.0,https://www.sportsidioten.no/resultater/bedrift-og-mosjonslag-mix-flest-kvinner-holmenkollstafetten-2025/
2025,bedrift og mosjonslag mix flest kvinner,729,12038,Autoplan (Autoplan AS),1:28:34,5314.0,https://www.sportsidioten.no/resultater/bedrift-og-mosjonslag-mix-flest-kvinner-holmenkollstafetten-2025/
2025,bedrift og mosjonslag mix flest kvinner,730,8314,Eurofins Environment Testing (Eurofins Environmemt Testing),1:28:35,5315.0,https://www.sportsidioten.no/resultater/bedrift-og-mosjonslag-mix-flest-kvinner-holmenkollstafetten-2025/
2025,bedrift og mosjonslag mix flest kvinner,731,10826,Bondesligaen Norges Bondelag (Bondelagets Servicekontor AS),1:28:39,5319.0,https://www.sportsidioten.no/resultater/bedrift-og-mosjonslag-mix-flest-kvinner-holmenkollstafetten-2025/
2025,bedrift og mosjonslag mix flest kvinner,732,10118,CCEP 1 3 (Coca- Cola Europacific Partners),1:28:42,5322.0,https://www.sportsidioten.no/resultater/bedrift-og-mosjonslag-mix-flest-kvinner-holmenkollstafetten-2025/
2025,bedrift og mosjonslag mix flest kvinner,733,12236,SANDS Advokatfirma DA 3 (SANDS Advokatfirma DA),1:28:43,5323.0,https://www.sportsidioten.no/resultater/bedrift-og-mosjonslag-mix-flest-kvinner-holmenkollstafetten-2025/
2025,bedrift og mosjonslag mix flest kvinner,734,11635,Velodromen Idrettsbarnehage (Læringsverkstedet Velodromen Idrettsbarnehage),1:28:45,5325.0,https://www.sportsidioten.no/resultater/bedrift-og-mosjonslag-mix-flest-kvinner-holmenkollstafetten-2025/
2025,bedrift og mosjonslag mix flest kvinner,735,6452,Propifilene (Ahus),1:28:45,5325.0,https://www.sportsidioten.no/resultater/bedrift-og-mosjonslag-mix-flest-kvinner-holmenkollstafetten-2025/
2025,bedrift og mosjonslag mix flest kvinner,736,11640,ORUS3,1:28:46,5326.0,https://www.sportsidioten.no/resultater/bedrift-og-mosjonslag-mix-flest-kvinner-holmenkollstafetten-2025/
2025,bedrift og mosjonslag mix flest kvinner,737,9411,Pelias (Pelias Norsk skadedyrkontroll),1:28:47,5327.0,https://www.sportsidioten.no/resultater/bedrift-og-mosjonslag-mix-flest-kvinner-holmenkollstafetten-2025/
2025,bedrift og mosjonslag mix flest kvinner,738,7862,15 litauere,1:28:47,5327.0,https://www.sportsidioten.no/resultater/bedrift-og-mosjonslag-mix-flest-kvinner-holmenkollstafetten-2025/
2025,bedrift og mosjonslag mix flest kvinner,739,9686,Entra BIL 1 (Entra ASA),1:28:48,5328.0,https://www.sportsidioten.no/resultater/bedrift-og-mosjonslag-mix-flest-kvinner-holmenkollstafetten-2025/
2025,bedrift og mosjonslag mix flest kvinner,740,9841,Seksjon hjelpetjenester for barn og unge (Seksjon hjelpetjenester for barn og unge Grorud),1:28:49,5329.0,https://www.sportsidioten.no/resultater/bedrift-og-mosjonslag-mix-flest-kvinner-holmenkollstafetten-2025/
2025,bedrift og mosjonslag mix flest kvinner,741,7836,Gyldendal Kanin (Gyldendal Norsk Forlag),1:28:49,5329.0,https://www.sportsidioten.no/resultater/bedrift-og-mosjonslag-mix-flest-kvinner-holmenkollstafetten-2025/
2025,bedrift og mosjonslag mix flest kvinner,742,8311,Statens vegvesen BIL O & A 2 (Statens vegvesen),1:28:50,5330.0,https://www.sportsidioten.no/resultater/bedrift-og-mosjonslag-mix-flest-kvinner-holmenkollstafetten-2025/
2025,bedrift og mosjonslag mix flest kvinner,743,10626,"Lovisenberg 3B (Lovisenberg Diakonale Sykehus, SPHR Post 3B)",1:28:51,5331.0,https://www.sportsidioten.no/resultater/bedrift-og-mosjonslag-mix-flest-kvinner-holmenkollstafetten-2025/
2025,bedrift og mosjonslag mix flest kvinner,744,6895,BAMA 18 (Bama Gruppen AS),1:28:51,5331.0,https://www.sportsidioten.no/resultater/bedrift-og-mosjonslag-mix-flest-kvinner-holmenkollstafetten-2025/
2025,bedrift og mosjonslag mix flest kvinner,745,8883,Team Eget opplegg (Kirurgiklinikken AS),1:28:53,5333.0,https://www.sportsidioten.no/resultater/bedrift-og-mosjonslag-mix-flest-kvinner-holmenkollstafetten-2025/
2025,bedrift og mosjonslag mix flest kvinner,746,8225,Colosseum Tannlege 3 (Colosseum Tannlege),1:28:54,5334.0,https://www.sportsidioten.no/resultater/bedrift-og-mosjonslag-mix-flest-kvinner-holmenkollstafetten-2025/
2025,bedrift og mosjonslag mix flest kvinner,747,8075,Ragna Ringdals dagsenter,1:28:55,5335.0,https://www.sportsidioten.no/resultater/bedrift-og-mosjonslag-mix-flest-kvinner-holmenkollstafetten-2025/
2025,bedrift og mosjonslag mix flest kvinner,748,8286,Norsk kabin forening,1:28:58,5338.0,https://www.sportsidioten.no/resultater/bedrift-og-mosjonslag-mix-flest-kvinner-holmenkollstafetten-2025/
2025,bedrift og mosjonslag mix flest kvinner,749,11276,"PPA Lillestrøm kommune (Lillestrøm kommune, PPA)",1:28:58,5338.0,https://www.sportsidioten.no/resultater/bedrift-og-mosjonslag-mix-flest-kvinner-holmenkollstafetten-2025/
2025,bedrift og mosjonslag mix flest kvinner,750,6474,UK (Akershus Universitetssykehus – Ungdomspsykiatrisk),1:28:59,5339.0,https://www.sportsidioten.no/resultater/bedrift-og-mosjonslag-mix-flest-kvinner-holmenkollstafetten-2025/
2025,bedrift og mosjonslag mix flest kvinner,751,8650,Svendstuen skole,1:28:59,5339.0,https://www.sportsidioten.no/resultater/bedrift-og-mosjonslag-mix-flest-kvinner-holmenkollstafetten-2025/
2025,bedrift og mosjonslag mix flest kvinner,752,10676,TKAO1 (OUS),1:29:01,5341.0,https://www.sportsidioten.no/resultater/bedrift-og-mosjonslag-mix-flest-kvinner-holmenkollstafetten-2025/
2025,bedrift og mosjonslag mix flest kvinner,753,5877,UiO – Utdanningsløperne 2 (Universitetet i Oslo),1:29:01,5341.0,https://www.sportsidioten.no/resultater/bedrift-og-mosjonslag-mix-flest-kvinner-holmenkollstafetten-2025/
2025,bedrift og mosjonslag mix flest kvinner,754,12240,Vild med venner (Vild AS),1:29:02,5342.0,https://www.sportsidioten.no/resultater/bedrift-og-mosjonslag-mix-flest-kvinner-holmenkollstafetten-2025/
2025,bedrift og mosjonslag mix flest kvinner,755,8102,NKVTS,1:29:04,5344.0,https://www.sportsidioten.no/resultater/bedrift-og-mosjonslag-mix-flest-kvinner-holmenkollstafetten-2025/
2025,bedrift og mosjonslag mix flest kvinner,756,9811,Høyskolen Kristiania Bedriftsidrettslag (Høyskolen Kristiania),1:29:05,5345.0,https://www.sportsidioten.no/resultater/bedrift-og-mosjonslag-mix-flest-kvinner-holmenkollstafetten-2025/
2025,bedrift og mosjonslag mix flest kvinner,757,11650,Gausdal kommune 2 (Gausdal kommune),1:29:05,5345.0,https://www.sportsidioten.no/resultater/bedrift-og-mosjonslag-mix-flest-kvinner-holmenkollstafetten-2025/
2025,bedrift og mosjonslag mix flest kvinner,758,9460,Barnekreftavdelingen OUS,1:29:08,5348.0,https://www.sportsidioten.no/resultater/bedrift-og-mosjonslag-mix-flest-kvinner-holmenkollstafetten-2025/
2025,bedrift og mosjonslag mix flest kvinner,759,9296,Lett på laben (Oslo universitetssykehus HF),1:29:09,5349.0,https://www.sportsidioten.no/resultater/bedrift-og-mosjonslag-mix-flest-kvinner-holmenkollstafetten-2025/
2025,bedrift og mosjonslag mix flest kvinner,760,11454,Majorstuen hjemmesykepleie 2 (Bydel Frogner),1:29:10,5350.0,https://www.sportsidioten.no/resultater/bedrift-og-mosjonslag-mix-flest-kvinner-holmenkollstafetten-2025/
2025,bedrift og mosjonslag mix flest kvinner,761,8911,Oslofjordklinikken AS,1:29:11,5351.0,https://www.sportsidioten.no/resultater/bedrift-og-mosjonslag-mix-flest-kvinner-holmenkollstafetten-2025/
2025,bedrift og mosjonslag mix flest kvinner,762,6085,DNB LØPende kundetiltak (DNB),1:29:12,5352.0,https://www.sportsidioten.no/resultater/bedrift-og-mosjonslag-mix-flest-kvinner-holmenkollstafetten-2025/
2025,bedrift og mosjonslag mix flest kvinner,763,8910,Aursmoen skole,1:29:13,5353.0,https://www.sportsidioten.no/resultater/bedrift-og-mosjonslag-mix-flest-kvinner-holmenkollstafetten-2025/
2025,bedrift og mosjonslag mix flest kvinner,764,8446,NMBU – Veterinærhøgskolen (NMBU),1:29:14,5354.0,https://www.sportsidioten.no/resultater/bedrift-og-mosjonslag-mix-flest-kvinner-holmenkollstafetten-2025/
2025,bedrift og mosjonslag mix flest kvinner,765,10867,Nav Lillestrøm Utfordrer (Nav Lillestrøm),1:29:15,5355.0,https://www.sportsidioten.no/resultater/bedrift-og-mosjonslag-mix-flest-kvinner-holmenkollstafetten-2025/
2025,bedrift og mosjonslag mix flest kvinner,766,10493,Essity 2 (Essity Norway AS),1:29:15,5355.0,https://www.sportsidioten.no/resultater/bedrift-og-mosjonslag-mix-flest-kvinner-holmenkollstafetten-2025/
2025,bedrift og mosjonslag mix flest kvinner,767,9021,NIH Sosial (Norges idrettshøgskole),1:29:16,5356.0,https://www.sportsidioten.no/resultater/bedrift-og-mosjonslag-mix-flest-kvinner-holmenkollstafetten-2025/
2025,bedrift og mosjonslag mix flest kvinner,768,10410,Valnesfjord Helsesportsenter,1:29:16,5356.0,https://www.sportsidioten.no/resultater/bedrift-og-mosjonslag-mix-flest-kvinner-holmenkollstafetten-2025/
2025,bedrift og mosjonslag mix flest kvinner,769,11821,Phantom Spikes (Spesialsykehuset for epilepsi),1:29:17,5357.0,https://www.sportsidioten.no/resultater/bedrift-og-mosjonslag-mix-flest-kvinner-holmenkollstafetten-2025/
2025,bedrift og mosjonslag mix flest kvinner,770,9275,Gyldendal Skilpadde (Gyldendal Norsk Forlag),1:29:20,5360.0,https://www.sportsidioten.no/resultater/bedrift-og-mosjonslag-mix-flest-kvinner-holmenkollstafetten-2025/
2025,bedrift og mosjonslag mix flest kvinner,771,9843,Medisinsk biokjemi Ullevål (Oslo Universitetssykehus),1:29:20,5360.0,https://www.sportsidioten.no/resultater/bedrift-og-mosjonslag-mix-flest-kvinner-holmenkollstafetten-2025/
2025,bedrift og mosjonslag mix flest kvinner,772,6677,Telenor 13 (Telenor),1:29:21,5361.0,https://www.sportsidioten.no/resultater/bedrift-og-mosjonslag-mix-flest-kvinner-holmenkollstafetten-2025/
2025,bedrift og mosjonslag mix flest kvinner,773,9641,Akademiet Realfagsskole Oslo,1:29:21,5361.0,https://www.sportsidioten.no/resultater/bedrift-og-mosjonslag-mix-flest-kvinner-holmenkollstafetten-2025/
2025,bedrift og mosjonslag mix flest kvinner,774,7647,Norsk Fysioterapeutforbund,1:29:22,5362.0,https://www.sportsidioten.no/resultater/bedrift-og-mosjonslag-mix-flest-kvinner-holmenkollstafetten-2025/
2025,bedrift og mosjonslag mix flest kvinner,775,8809,CanCell UiO (CanCell),1:29:22,5362.0,https://www.sportsidioten.no/resultater/bedrift-og-mosjonslag-mix-flest-kvinner-holmenkollstafetten-2025/
2025,bedrift og mosjonslag mix flest kvinner,776,9617,Mattilsynet 2 (Mattilsynet),1:29:22,5362.0,https://www.sportsidioten.no/resultater/bedrift-og-mosjonslag-mix-flest-kvinner-holmenkollstafetten-2025/
2025,bedrift og mosjonslag mix flest kvinner,777,11405,Presisjonsløperne (OUS),1:29:23,5363.0,https://www.sportsidioten.no/resultater/bedrift-og-mosjonslag-mix-flest-kvinner-holmenkollstafetten-2025/
2025,bedrift og mosjonslag mix flest kvinner,778,6039,DNB Risk Runners (DNB),1:29:26,5366.0,https://www.sportsidioten.no/resultater/bedrift-og-mosjonslag-mix-flest-kvinner-holmenkollstafetten-2025/
2025,bedrift og mosjonslag mix flest kvinner,779,9710,Huseby barnehage Bydel Vestre Aker (Huseby barnehage – Bydel Vestre Aker),1:29:29,5369.0,https://www.sportsidioten.no/resultater/bedrift-og-mosjonslag-mix-flest-kvinner-holmenkollstafetten-2025/
2025,bedrift og mosjonslag mix flest kvinner,780,5916,"Human Rights Sprinters (Norsk senter for menneskerettigheter, UiO)",1:29:33,5373.0,https://www.sportsidioten.no/resultater/bedrift-og-mosjonslag-mix-flest-kvinner-holmenkollstafetten-2025/
2025,bedrift og mosjonslag mix flest kvinner,781,10608,ATA (Anskaffelses og tilskuddsavdelingen Velferdsetaten),1:29:37,5377.0,https://www.sportsidioten.no/resultater/bedrift-og-mosjonslag-mix-flest-kvinner-holmenkollstafetten-2025/
2025,bedrift og mosjonslag mix flest kvinner,782,10007,Frogn kommune administrasjon (Frogn kommune),1:29:38,5378.0,https://www.sportsidioten.no/resultater/bedrift-og-mosjonslag-mix-flest-kvinner-holmenkollstafetten-2025/
2025,bedrift og mosjonslag mix flest kvinner,783,9276,De holbare rosa – EA (Euro Accident Liv NUF),1:29:40,5380.0,https://www.sportsidioten.no/resultater/bedrift-og-mosjonslag-mix-flest-kvinner-holmenkollstafetten-2025/
2025,bedrift og mosjonslag mix flest kvinner,784,10859,Ellingsrud skole,1:29:41,5381.0,https://www.sportsidioten.no/resultater/bedrift-og-mosjonslag-mix-flest-kvinner-holmenkollstafetten-2025/
2025,bedrift og mosjonslag mix flest kvinner,785,9245,Oprasjonversågo (Sykehuset Innlandet Tynset Operasjon),1:29:45,5385.0,https://www.sportsidioten.no/resultater/bedrift-og-mosjonslag-mix-flest-kvinner-holmenkollstafetten-2025/
2025,bedrift og mosjonslag mix flest kvinner,786,5912,UIO-Mission: IMB Possible (UIO),1:29:46,5386.0,https://www.sportsidioten.no/resultater/bedrift-og-mosjonslag-mix-flest-kvinner-holmenkollstafetten-2025/
2025,bedrift og mosjonslag mix flest kvinner,787,11617,Borregaard 2 (Borregaard),1:29:46,5386.0,https://www.sportsidioten.no/resultater/bedrift-og-mosjonslag-mix-flest-kvinner-holmenkollstafetten-2025/
2025,bedrift og mosjonslag mix flest kvinner,788,9415,Bane NOR SPORadiske Sprintere (Bane NOR),1:29:48,5388.0,https://www.sportsidioten.no/resultater/bedrift-og-mosjonslag-mix-flest-kvinner-holmenkollstafetten-2025/
2025,bedrift og mosjonslag mix flest kvinner,789,9506,Vestre Viken Team Psykt raske (Vestre Viken HF),1:29:48,5388.0,https://www.sportsidioten.no/resultater/bedrift-og-mosjonslag-mix-flest-kvinner-holmenkollstafetten-2025/
2025,bedrift og mosjonslag mix flest kvinner,790,9431,Bydel St. Hanshaugen Ve (Bydel St. Hanshaugen),1:29:49,5389.0,https://www.sportsidioten.no/resultater/bedrift-og-mosjonslag-mix-flest-kvinner-holmenkollstafetten-2025/
2025,bedrift og mosjonslag mix flest kvinner,791,10709,Sweet Dreams (Ous Anestesi seksjon 1),1:29:49,5389.0,https://www.sportsidioten.no/resultater/bedrift-og-mosjonslag-mix-flest-kvinner-holmenkollstafetten-2025/
2025,bedrift og mosjonslag mix flest kvinner,792,10680,OsloMet – Universitetsbiblioteket,1:29:49,5389.0,https://www.sportsidioten.no/resultater/bedrift-og-mosjonslag-mix-flest-kvinner-holmenkollstafetten-2025/
2025,bedrift og mosjonslag mix flest kvinner,793,9707,"Ortopedisk sengepost 1, Ullevål (ous. Ullevål sykehus. Ortopedisk sengepost 1,)",1:29:50,5390.0,https://www.sportsidioten.no/resultater/bedrift-og-mosjonslag-mix-flest-kvinner-holmenkollstafetten-2025/
2025,bedrift og mosjonslag mix flest kvinner,794,8288,Promenaden (Promenaden Management),1:29:51,5391.0,https://www.sportsidioten.no/resultater/bedrift-og-mosjonslag-mix-flest-kvinner-holmenkollstafetten-2025/
2025,bedrift og mosjonslag mix flest kvinner,795,8711,Gjettum skole,1:29:51,5391.0,https://www.sportsidioten.no/resultater/bedrift-og-mosjonslag-mix-flest-kvinner-holmenkollstafetten-2025/
2025,bedrift og mosjonslag mix flest kvinner,796,9090,Vestre Viken The Hounsfield Unit (Vestre Viken),1:29:53,5393.0,https://www.sportsidioten.no/resultater/bedrift-og-mosjonslag-mix-flest-kvinner-holmenkollstafetten-2025/
2025,bedrift og mosjonslag mix flest kvinner,797,6841,Hurtigruten – Havets Helteløpere (Hurtigruten AS),1:29:54,5394.0,https://www.sportsidioten.no/resultater/bedrift-og-mosjonslag-mix-flest-kvinner-holmenkollstafetten-2025/
2025,bedrift og mosjonslag mix flest kvinner,798,9805,Fagerborghjemmet (Fagerborghjemmet Lovisenberg Omsorg),1:29:55,5395.0,https://www.sportsidioten.no/resultater/bedrift-og-mosjonslag-mix-flest-kvinner-holmenkollstafetten-2025/
2025,bedrift og mosjonslag mix flest kvinner,799,5914,"PhD Dynamite (Universitetet i Oslo, ISP)",1:29:55,5395.0,https://www.sportsidioten.no/resultater/bedrift-og-mosjonslag-mix-flest-kvinner-holmenkollstafetten-2025/
2025,bedrift og mosjonslag mix flest kvinner,800,11474,ØNH Drammen sykehus Vestre Viken (Drammen sykehus Vestre Viken),1:29:57,5397.0,https://www.sportsidioten.no/resultater/bedrift-og-mosjonslag-mix-flest-kvinner-holmenkollstafetten-2025/
2025,bedrift og mosjonslag mix flest kvinner,801,9212,H&M (Hennes & Mauritz Norge),1:29:57,5397.0,https://www.sportsidioten.no/resultater/bedrift-og-mosjonslag-mix-flest-kvinner-holmenkollstafetten-2025/
2025,bedrift og mosjonslag mix flest kvinner,802,9477,Kreftkirurgisk sengepost 5 sør (Oslo Universitetssykehus),1:29:59,5399.0,https://www.sportsidioten.no/resultater/bedrift-og-mosjonslag-mix-flest-kvinner-holmenkollstafetten-2025/
2025,bedrift og mosjonslag mix flest kvinner,803,9096,TGV (Teglverket skole),1:29:59,5399.0,https://www.sportsidioten.no/resultater/bedrift-og-mosjonslag-mix-flest-kvinner-holmenkollstafetten-2025/
2025,bedrift og mosjonslag mix flest kvinner,804,7094,Volla (Volla skole),1:30:00,5400.0,https://www.sportsidioten.no/resultater/bedrift-og-mosjonslag-mix-flest-kvinner-holmenkollstafetten-2025/
2025,bedrift og mosjonslag mix flest kvinner,805,8233,Bydel Nordre Aker hjemmetjenesten 1 (Bydel Nordre Aker – hjemmetjenesten),1:30:00,5400.0,https://www.sportsidioten.no/resultater/bedrift-og-mosjonslag-mix-flest-kvinner-holmenkollstafetten-2025/
2025,bedrift og mosjonslag mix flest kvinner,806,8458,Norsk-Tysk Handelskammer,1:30:01,5401.0,https://www.sportsidioten.no/resultater/bedrift-og-mosjonslag-mix-flest-kvinner-holmenkollstafetten-2025/
2025,bedrift og mosjonslag mix flest kvinner,807,11062,Team Kongshavn (Kongshavn VGS),1:30:01,5401.0,https://www.sportsidioten.no/resultater/bedrift-og-mosjonslag-mix-flest-kvinner-holmenkollstafetten-2025/
2025,bedrift og mosjonslag mix flest kvinner,808,10851,Ski Tannlegesenter (Ski tannlegesenter),1:30:04,5404.0,https://www.sportsidioten.no/resultater/bedrift-og-mosjonslag-mix-flest-kvinner-holmenkollstafetten-2025/
2025,bedrift og mosjonslag mix flest kvinner,809,11458,Pangstart (Bleikerfaret barnehage),1:30:07,5407.0,https://www.sportsidioten.no/resultater/bedrift-og-mosjonslag-mix-flest-kvinner-holmenkollstafetten-2025/
2025,bedrift og mosjonslag mix flest kvinner,810,11207,Gjensidige People & Communication (Gjensidige Forsikring ASA),1:30:09,5409.0,https://www.sportsidioten.no/resultater/bedrift-og-mosjonslag-mix-flest-kvinner-holmenkollstafetten-2025/
2025,bedrift og mosjonslag mix flest kvinner,811,8289,Blindern Knoll (Blindern VGS),1:30:12,5412.0,https://www.sportsidioten.no/resultater/bedrift-og-mosjonslag-mix-flest-kvinner-holmenkollstafetten-2025/
2025,bedrift og mosjonslag mix flest kvinner,812,5865,UiO Lingvistiske og nordiske studier (Universitetet i Oslo),1:30:14,5414.0,https://www.sportsidioten.no/resultater/bedrift-og-mosjonslag-mix-flest-kvinner-holmenkollstafetten-2025/
2025,bedrift og mosjonslag mix flest kvinner,813,10018,Kredinor 3 (Kredinor AS),1:30:14,5414.0,https://www.sportsidioten.no/resultater/bedrift-og-mosjonslag-mix-flest-kvinner-holmenkollstafetten-2025/
2025,bedrift og mosjonslag mix flest kvinner,814,5873,UiO Realfag og teknologi (UiO Realfag og teknolgoi),1:30:15,5415.0,https://www.sportsidioten.no/resultater/bedrift-og-mosjonslag-mix-flest-kvinner-holmenkollstafetten-2025/
2025,bedrift og mosjonslag mix flest kvinner,815,11516,Tøyenhelsa H32 (Bydel Gamle Oslo – Tøyenhelsa H32),1:30:16,5416.0,https://www.sportsidioten.no/resultater/bedrift-og-mosjonslag-mix-flest-kvinner-holmenkollstafetten-2025/
2025,bedrift og mosjonslag mix flest kvinner,816,10114,SINTEF Alkymistene (SINTEF INDUSTRI),1:30:16,5416.0,https://www.sportsidioten.no/resultater/bedrift-og-mosjonslag-mix-flest-kvinner-holmenkollstafetten-2025/
2025,bedrift og mosjonslag mix flest kvinner,817,11630,Senter for medisinsk etikk,1:30:16,5416.0,https://www.sportsidioten.no/resultater/bedrift-og-mosjonslag-mix-flest-kvinner-holmenkollstafetten-2025/
2025,bedrift og mosjonslag mix flest kvinner,818,11014,Hj.spl (Hjemmesykepleien Østerås),1:30:16,5416.0,https://www.sportsidioten.no/resultater/bedrift-og-mosjonslag-mix-flest-kvinner-holmenkollstafetten-2025/
2025,bedrift og mosjonslag mix flest kvinner,819,10829,Team Haugerud,1:30:17,5417.0,https://www.sportsidioten.no/resultater/bedrift-og-mosjonslag-mix-flest-kvinner-holmenkollstafetten-2025/
2025,bedrift og mosjonslag mix flest kvinner,820,8707,Sens Gruppen AS,1:30:18,5418.0,https://www.sportsidioten.no/resultater/bedrift-og-mosjonslag-mix-flest-kvinner-holmenkollstafetten-2025/
2025,bedrift og mosjonslag mix flest kvinner,821,11221,Lånekassen,1:30:18,5418.0,https://www.sportsidioten.no/resultater/bedrift-og-mosjonslag-mix-flest-kvinner-holmenkollstafetten-2025/
2025,bedrift og mosjonslag mix flest kvinner,822,11862,UDIR BIL 2 (Utdanningsdirektoratet),1:30:19,5419.0,https://www.sportsidioten.no/resultater/bedrift-og-mosjonslag-mix-flest-kvinner-holmenkollstafetten-2025/
2025,bedrift og mosjonslag mix flest kvinner,823,9838,IPRO (Institutt for psykologisk Rådgivning),1:30:19,5419.0,https://www.sportsidioten.no/resultater/bedrift-og-mosjonslag-mix-flest-kvinner-holmenkollstafetten-2025/
2025,bedrift og mosjonslag mix flest kvinner,824,8704,Forsvarsbygg 2 (Forsvarsbygg),1:30:19,5419.0,https://www.sportsidioten.no/resultater/bedrift-og-mosjonslag-mix-flest-kvinner-holmenkollstafetten-2025/
2025,bedrift og mosjonslag mix flest kvinner,825,9698,Lille Ekeberg barnehage,1:30:20,5420.0,https://www.sportsidioten.no/resultater/bedrift-og-mosjonslag-mix-flest-kvinner-holmenkollstafetten-2025/
2025,bedrift og mosjonslag mix flest kvinner,826,11439,2fast4u (Lørenskog kommune),1:30:21,5421.0,https://www.sportsidioten.no/resultater/bedrift-og-mosjonslag-mix-flest-kvinner-holmenkollstafetten-2025/
2025,bedrift og mosjonslag mix flest kvinner,827,10269,Essity Consumer Goods (Essity),1:30:24,5424.0,https://www.sportsidioten.no/resultater/bedrift-og-mosjonslag-mix-flest-kvinner-holmenkollstafetten-2025/
2025,bedrift og mosjonslag mix flest kvinner,828,10263,Team Kleivane (Skole),1:30:25,5425.0,https://www.sportsidioten.no/resultater/bedrift-og-mosjonslag-mix-flest-kvinner-holmenkollstafetten-2025/
2025,bedrift og mosjonslag mix flest kvinner,829,9094,Haukåsen Skole,1:30:25,5425.0,https://www.sportsidioten.no/resultater/bedrift-og-mosjonslag-mix-flest-kvinner-holmenkollstafetten-2025/
2025,bedrift og mosjonslag mix flest kvinner,830,8814,Lovisenberg Rehabilitering 1 (Lovisenberg Rehabilitering AS),1:30:25,5425.0,https://www.sportsidioten.no/resultater/bedrift-og-mosjonslag-mix-flest-kvinner-holmenkollstafetten-2025/
2025,bedrift og mosjonslag mix flest kvinner,831,12016,GSS (DNV AS),1:30:25,5425.0,https://www.sportsidioten.no/resultater/bedrift-og-mosjonslag-mix-flest-kvinner-holmenkollstafetten-2025/
2025,bedrift og mosjonslag mix flest kvinner,832,9448,Vest-Telemark vgs (Vest-Telemark vidaregåande skule),1:30:26,5426.0,https://www.sportsidioten.no/resultater/bedrift-og-mosjonslag-mix-flest-kvinner-holmenkollstafetten-2025/
2025,bedrift og mosjonslag mix flest kvinner,833,11868,Ekornes AS,1:30:28,5428.0,https://www.sportsidioten.no/resultater/bedrift-og-mosjonslag-mix-flest-kvinner-holmenkollstafetten-2025/
2025,bedrift og mosjonslag mix flest kvinner,834,11089,Frisk Pust (Conaxess Trade Norway),1:30:30,5430.0,https://www.sportsidioten.no/resultater/bedrift-og-mosjonslag-mix-flest-kvinner-holmenkollstafetten-2025/
2025,bedrift og mosjonslag mix flest kvinner,835,9059,Norsk Rikstoto Travern BIL,1:30:30,5430.0,https://www.sportsidioten.no/resultater/bedrift-og-mosjonslag-mix-flest-kvinner-holmenkollstafetten-2025/
2025,bedrift og mosjonslag mix flest kvinner,836,11426,DNV Maritime Finance (DNV AS),1:30:31,5431.0,https://www.sportsidioten.no/resultater/bedrift-og-mosjonslag-mix-flest-kvinner-holmenkollstafetten-2025/
2025,bedrift og mosjonslag mix flest kvinner,837,9643,Sylling IF damer,1:30:32,5432.0,https://www.sportsidioten.no/resultater/bedrift-og-mosjonslag-mix-flest-kvinner-holmenkollstafetten-2025/
2025,bedrift og mosjonslag mix flest kvinner,838,8078,Advokatfirmaet Grette 2 (Advokatfirmaet Grette),1:30:34,5434.0,https://www.sportsidioten.no/resultater/bedrift-og-mosjonslag-mix-flest-kvinner-holmenkollstafetten-2025/
2025,bedrift og mosjonslag mix flest kvinner,839,9700,Ekeberg Mamacitas,1:30:36,5436.0,https://www.sportsidioten.no/resultater/bedrift-og-mosjonslag-mix-flest-kvinner-holmenkollstafetten-2025/
2025,bedrift og mosjonslag mix flest kvinner,840,7674,Stor-Elvdals sprekeste (Stor-Elvdal kommune),1:30:40,5440.0,https://www.sportsidioten.no/resultater/bedrift-og-mosjonslag-mix-flest-kvinner-holmenkollstafetten-2025/
2025,bedrift og mosjonslag mix flest kvinner,841,12250,Team Pedagogisk Tempo (Åsenhagen skole),1:30:41,5441.0,https://www.sportsidioten.no/resultater/bedrift-og-mosjonslag-mix-flest-kvinner-holmenkollstafetten-2025/
2025,bedrift og mosjonslag mix flest kvinner,842,10499,Norsk Maritimt Museum (Stiftelsen Norsk folkemuseum),1:30:41,5441.0,https://www.sportsidioten.no/resultater/bedrift-og-mosjonslag-mix-flest-kvinner-holmenkollstafetten-2025/
2025,bedrift og mosjonslag mix flest kvinner,843,8688,Team MolPat (Oslo Universitetssykehus),1:30:42,5442.0,https://www.sportsidioten.no/resultater/bedrift-og-mosjonslag-mix-flest-kvinner-holmenkollstafetten-2025/
2025,bedrift og mosjonslag mix flest kvinner,844,10232,Melsom vgs (Melsom videregående skole),1:30:42,5442.0,https://www.sportsidioten.no/resultater/bedrift-og-mosjonslag-mix-flest-kvinner-holmenkollstafetten-2025/
2025,bedrift og mosjonslag mix flest kvinner,845,8407,PKKM NIMF (Akershus Fylkeskommune),1:30:42,5442.0,https://www.sportsidioten.no/resultater/bedrift-og-mosjonslag-mix-flest-kvinner-holmenkollstafetten-2025/
2025,bedrift og mosjonslag mix flest kvinner,846,9432,Bydel Sagene – V4 (Bydel Sagene),1:30:44,5444.0,https://www.sportsidioten.no/resultater/bedrift-og-mosjonslag-mix-flest-kvinner-holmenkollstafetten-2025/
2025,bedrift og mosjonslag mix flest kvinner,847,7081,TINE Innkjøp (TINE),1:30:46,5446.0,https://www.sportsidioten.no/resultater/bedrift-og-mosjonslag-mix-flest-kvinner-holmenkollstafetten-2025/
2025,bedrift og mosjonslag mix flest kvinner,848,8657,OUS rusmiddelforskning (Oslo universitetssykehus),1:30:47,5447.0,https://www.sportsidioten.no/resultater/bedrift-og-mosjonslag-mix-flest-kvinner-holmenkollstafetten-2025/
2025,bedrift og mosjonslag mix flest kvinner,849,10893,VITA GROUP AS,1:30:49,5449.0,https://www.sportsidioten.no/resultater/bedrift-og-mosjonslag-mix-flest-kvinner-holmenkollstafetten-2025/
2025,bedrift og mosjonslag mix flest kvinner,850,11007,BGO 5. etasje (Oslo kommune),1:30:52,5452.0,https://www.sportsidioten.no/resultater/bedrift-og-mosjonslag-mix-flest-kvinner-holmenkollstafetten-2025/
2025,bedrift og mosjonslag mix flest kvinner,851,6469,"Serotonin Sprinters (AHUS, Furuset BUP)",1:30:55,5455.0,https://www.sportsidioten.no/resultater/bedrift-og-mosjonslag-mix-flest-kvinner-holmenkollstafetten-2025/
2025,bedrift og mosjonslag mix flest kvinner,852,11494,Hansen Technologies,1:30:55,5455.0,https://www.sportsidioten.no/resultater/bedrift-og-mosjonslag-mix-flest-kvinner-holmenkollstafetten-2025/
2025,bedrift og mosjonslag mix flest kvinner,853,9006,Fagerborg menighet,1:30:55,5455.0,https://www.sportsidioten.no/resultater/bedrift-og-mosjonslag-mix-flest-kvinner-holmenkollstafetten-2025/
2025,bedrift og mosjonslag mix flest kvinner,854,9632,Team France (French Embassy in Norway),1:30:57,5457.0,https://www.sportsidioten.no/resultater/bedrift-og-mosjonslag-mix-flest-kvinner-holmenkollstafetten-2025/
2025,bedrift og mosjonslag mix flest kvinner,855,10894,REPA (REPA OUS),1:30:57,5457.0,https://www.sportsidioten.no/resultater/bedrift-og-mosjonslag-mix-flest-kvinner-holmenkollstafetten-2025/
2025,bedrift og mosjonslag mix flest kvinner,856,10479,Nav DIR 1 2 (NAV-DIREKTORATET BEDRIFTSIDRETTSLAG),1:30:58,5458.0,https://www.sportsidioten.no/resultater/bedrift-og-mosjonslag-mix-flest-kvinner-holmenkollstafetten-2025/
2025,bedrift og mosjonslag mix flest kvinner,857,6027,DNB KJEMPEGODTNOK (DNB),1:31:01,5461.0,https://www.sportsidioten.no/resultater/bedrift-og-mosjonslag-mix-flest-kvinner-holmenkollstafetten-2025/
2025,bedrift og mosjonslag mix flest kvinner,858,11639,Raufoss skole,1:31:03,5463.0,https://www.sportsidioten.no/resultater/bedrift-og-mosjonslag-mix-flest-kvinner-holmenkollstafetten-2025/
2025,bedrift og mosjonslag mix flest kvinner,859,10261,"Hausmanns hus (Oslo kommune, Velferdsetaten)",1:31:03,5463.0,https://www.sportsidioten.no/resultater/bedrift-og-mosjonslag-mix-flest-kvinner-holmenkollstafetten-2025/
2025,bedrift og mosjonslag mix flest kvinner,860,9027,Thune Jewelry & Watches (NM Thune AS),1:31:05,5465.0,https://www.sportsidioten.no/resultater/bedrift-og-mosjonslag-mix-flest-kvinner-holmenkollstafetten-2025/
2025,bedrift og mosjonslag mix flest kvinner,861,6687,Telenor Group Technology (Telenor),1:31:07,5467.0,https://www.sportsidioten.no/resultater/bedrift-og-mosjonslag-mix-flest-kvinner-holmenkollstafetten-2025/
2025,bedrift og mosjonslag mix flest kvinner,862,12220,Bydel St. Hanshaugen Vel (Bydel St. Hanshaugen),1:31:07,5467.0,https://www.sportsidioten.no/resultater/bedrift-og-mosjonslag-mix-flest-kvinner-holmenkollstafetten-2025/
2025,bedrift og mosjonslag mix flest kvinner,863,9025,Bærum barneverntjeneste,1:31:08,5468.0,https://www.sportsidioten.no/resultater/bedrift-og-mosjonslag-mix-flest-kvinner-holmenkollstafetten-2025/
2025,bedrift og mosjonslag mix flest kvinner,864,9886,Kviteseid Skule,1:31:09,5469.0,https://www.sportsidioten.no/resultater/bedrift-og-mosjonslag-mix-flest-kvinner-holmenkollstafetten-2025/
2025,bedrift og mosjonslag mix flest kvinner,865,9911,Team Hegg (Hegg skole),1:31:09,5469.0,https://www.sportsidioten.no/resultater/bedrift-og-mosjonslag-mix-flest-kvinner-holmenkollstafetten-2025/
2025,bedrift og mosjonslag mix flest kvinner,866,10001,Cappelen Damm 3 (Cappelen Damm AS),1:31:10,5470.0,https://www.sportsidioten.no/resultater/bedrift-og-mosjonslag-mix-flest-kvinner-holmenkollstafetten-2025/
2025,bedrift og mosjonslag mix flest kvinner,867,10451,Vear skole,1:31:10,5470.0,https://www.sportsidioten.no/resultater/bedrift-og-mosjonslag-mix-flest-kvinner-holmenkollstafetten-2025/
2025,bedrift og mosjonslag mix flest kvinner,868,9214,"Bydel Frogner. Helse, barn og unge (Frogner bydel. Helse, barn og unge)",1:31:10,5470.0,https://www.sportsidioten.no/resultater/bedrift-og-mosjonslag-mix-flest-kvinner-holmenkollstafetten-2025/
2025,bedrift og mosjonslag mix flest kvinner,869,10697,Nordre Aker Express (Nav Nordre Aker),1:31:11,5471.0,https://www.sportsidioten.no/resultater/bedrift-og-mosjonslag-mix-flest-kvinner-holmenkollstafetten-2025/
2025,bedrift og mosjonslag mix flest kvinner,870,5871,UiO Matematisk institutt 2 (UiO Matematisk institutt),1:31:12,5472.0,https://www.sportsidioten.no/resultater/bedrift-og-mosjonslag-mix-flest-kvinner-holmenkollstafetten-2025/
2025,bedrift og mosjonslag mix flest kvinner,871,11614,Bane NOR Ruteplan (Bane NOR),1:31:14,5474.0,https://www.sportsidioten.no/resultater/bedrift-og-mosjonslag-mix-flest-kvinner-holmenkollstafetten-2025/
2025,bedrift og mosjonslag mix flest kvinner,872,12244,Arjo (Arjo Norge AS),1:31:14,5474.0,https://www.sportsidioten.no/resultater/bedrift-og-mosjonslag-mix-flest-kvinner-holmenkollstafetten-2025/
2025,bedrift og mosjonslag mix flest kvinner,873,9254,NRK – ODIV (NRK),1:31:15,5475.0,https://www.sportsidioten.no/resultater/bedrift-og-mosjonslag-mix-flest-kvinner-holmenkollstafetten-2025/
2025,bedrift og mosjonslag mix flest kvinner,874,9031,Team Arbeidstilsynet (Arbeidstilsynet),1:31:16,5476.0,https://www.sportsidioten.no/resultater/bedrift-og-mosjonslag-mix-flest-kvinner-holmenkollstafetten-2025/
2025,bedrift og mosjonslag mix flest kvinner,875,11224,"Bjerkebarnehagene 2 (Bjerkebarnehagene, bydel Bjerke, Oslo kommune)",1:31:19,5479.0,https://www.sportsidioten.no/resultater/bedrift-og-mosjonslag-mix-flest-kvinner-holmenkollstafetten-2025/
2025,bedrift og mosjonslag mix flest kvinner,876,6510,BUK AHUS (AHUS),1:31:20,5480.0,https://www.sportsidioten.no/resultater/bedrift-og-mosjonslag-mix-flest-kvinner-holmenkollstafetten-2025/
2025,bedrift og mosjonslag mix flest kvinner,877,10307,Holmlia skole,1:31:21,5481.0,https://www.sportsidioten.no/resultater/bedrift-og-mosjonslag-mix-flest-kvinner-holmenkollstafetten-2025/
2025,bedrift og mosjonslag mix flest kvinner,878,11609,OUS Blodsykdommer 3 (Oslo universitetssykehus),1:31:21,5481.0,https://www.sportsidioten.no/resultater/bedrift-og-mosjonslag-mix-flest-kvinner-holmenkollstafetten-2025/
2025,bedrift og mosjonslag mix flest kvinner,879,10512,Lektorlaget (Norsk Lektorlag),1:31:21,5481.0,https://www.sportsidioten.no/resultater/bedrift-og-mosjonslag-mix-flest-kvinner-holmenkollstafetten-2025/
2025,bedrift og mosjonslag mix flest kvinner,880,9088,VinjeNaturlegvis.no (Vinje Kommune),1:31:22,5482.0,https://www.sportsidioten.no/resultater/bedrift-og-mosjonslag-mix-flest-kvinner-holmenkollstafetten-2025/
2025,bedrift og mosjonslag mix flest kvinner,881,12026,"North Beach Hills (Oslo kommune, bydel Nordstrand)",1:31:24,5484.0,https://www.sportsidioten.no/resultater/bedrift-og-mosjonslag-mix-flest-kvinner-holmenkollstafetten-2025/
2025,bedrift og mosjonslag mix flest kvinner,882,9403,Clarion Hotel Oslo,1:31:25,5485.0,https://www.sportsidioten.no/resultater/bedrift-og-mosjonslag-mix-flest-kvinner-holmenkollstafetten-2025/
2025,bedrift og mosjonslag mix flest kvinner,883,9807,Mathjelpen (Kliniske Ernæringsstudenters Matopplysning),1:31:30,5490.0,https://www.sportsidioten.no/resultater/bedrift-og-mosjonslag-mix-flest-kvinner-holmenkollstafetten-2025/
2025,bedrift og mosjonslag mix flest kvinner,884,9099,Fürst BIL 2 (AS Med Lab),1:31:31,5491.0,https://www.sportsidioten.no/resultater/bedrift-og-mosjonslag-mix-flest-kvinner-holmenkollstafetten-2025/
2025,bedrift og mosjonslag mix flest kvinner,885,11804,Dalsbergstien Hus (Velferdsetaten),1:31:35,5495.0,https://www.sportsidioten.no/resultater/bedrift-og-mosjonslag-mix-flest-kvinner-holmenkollstafetten-2025/
2025,bedrift og mosjonslag mix flest kvinner,886,8837,"GeriaTriatlon (Oslo Universitetssykehus, Geriatrisk avd)",1:31:36,5496.0,https://www.sportsidioten.no/resultater/bedrift-og-mosjonslag-mix-flest-kvinner-holmenkollstafetten-2025/
2025,bedrift og mosjonslag mix flest kvinner,887,10446,Cerebrale Champions (Nevrologisk sengepost),1:31:37,5497.0,https://www.sportsidioten.no/resultater/bedrift-og-mosjonslag-mix-flest-kvinner-holmenkollstafetten-2025/
2025,bedrift og mosjonslag mix flest kvinner,888,11456,Bydel Frogners barnehagelag (Oslo kommune Bydel Frogner),1:31:39,5499.0,https://www.sportsidioten.no/resultater/bedrift-og-mosjonslag-mix-flest-kvinner-holmenkollstafetten-2025/
2025,bedrift og mosjonslag mix flest kvinner,889,8672,USN (Universitetet i Sørøst-Norge),1:31:40,5500.0,https://www.sportsidioten.no/resultater/bedrift-og-mosjonslag-mix-flest-kvinner-holmenkollstafetten-2025/
2025,bedrift og mosjonslag mix flest kvinner,890,12046,Aviation Runners (Avarn Security Aviation),1:31:40,5500.0,https://www.sportsidioten.no/resultater/bedrift-og-mosjonslag-mix-flest-kvinner-holmenkollstafetten-2025/
2025,bedrift og mosjonslag mix flest kvinner,891,10476,BUP Follo,1:31:41,5501.0,https://www.sportsidioten.no/resultater/bedrift-og-mosjonslag-mix-flest-kvinner-holmenkollstafetten-2025/
2025,bedrift og mosjonslag mix flest kvinner,892,6057,DNB The Thigh’s The Limit (DNB),1:31:42,5502.0,https://www.sportsidioten.no/resultater/bedrift-og-mosjonslag-mix-flest-kvinner-holmenkollstafetten-2025/
2025,bedrift og mosjonslag mix flest kvinner,893,12219,Villa Skaar i bevegelse (Villa Skaar),1:31:42,5502.0,https://www.sportsidioten.no/resultater/bedrift-og-mosjonslag-mix-flest-kvinner-holmenkollstafetten-2025/
2025,bedrift og mosjonslag mix flest kvinner,894,12237,Bakås skole,1:31:43,5503.0,https://www.sportsidioten.no/resultater/bedrift-og-mosjonslag-mix-flest-kvinner-holmenkollstafetten-2025/
2025,bedrift og mosjonslag mix flest kvinner,895,5866,UiO IMB Biokjemi (Universitetet i Oslo),1:31:45,5505.0,https://www.sportsidioten.no/resultater/bedrift-og-mosjonslag-mix-flest-kvinner-holmenkollstafetten-2025/
2025,bedrift og mosjonslag mix flest kvinner,896,9117,"NIVAS DIVAS (Nevrointensiv Ullevål, OUS)",1:31:46,5506.0,https://www.sportsidioten.no/resultater/bedrift-og-mosjonslag-mix-flest-kvinner-holmenkollstafetten-2025/
2025,bedrift og mosjonslag mix flest kvinner,897,11503,SSC Accounting & Payroll 2 (Strawberry SSC Finance),1:31:48,5508.0,https://www.sportsidioten.no/resultater/bedrift-og-mosjonslag-mix-flest-kvinner-holmenkollstafetten-2025/
2025,bedrift og mosjonslag mix flest kvinner,898,9853,"Oksenøya Barnehage (Oksenøya Barnehage, Bærum kommune)",1:31:49,5509.0,https://www.sportsidioten.no/resultater/bedrift-og-mosjonslag-mix-flest-kvinner-holmenkollstafetten-2025/
2025,bedrift og mosjonslag mix flest kvinner,899,12074,Awesome AIS (Asker International School),1:31:49,5509.0,https://www.sportsidioten.no/resultater/bedrift-og-mosjonslag-mix-flest-kvinner-holmenkollstafetten-2025/
2025,bedrift og mosjonslag mix flest kvinner,900,11306,Tverrfaglig turbo (Nordre Follo PPT),1:31:52,5512.0,https://www.sportsidioten.no/resultater/bedrift-og-mosjonslag-mix-flest-kvinner-holmenkollstafetten-2025/
2025,bedrift og mosjonslag mix flest kvinner,901,9899,Tallknuserne (Akershus fylkeskommune),1:31:55,5515.0,https://www.sportsidioten.no/resultater/bedrift-og-mosjonslag-mix-flest-kvinner-holmenkollstafetten-2025/
2025,bedrift og mosjonslag mix flest kvinner,902,8434,"Gastrokirurgisk sengepost 1&2, Ullevål",1:31:58,5518.0,https://www.sportsidioten.no/resultater/bedrift-og-mosjonslag-mix-flest-kvinner-holmenkollstafetten-2025/
2025,bedrift og mosjonslag mix flest kvinner,903,11511,IKEA Oslo 3 (IKEA),1:31:59,5519.0,https://www.sportsidioten.no/resultater/bedrift-og-mosjonslag-mix-flest-kvinner-holmenkollstafetten-2025/
2025,bedrift og mosjonslag mix flest kvinner,904,10641,Ringebu kommune,1:32:00,5520.0,https://www.sportsidioten.no/resultater/bedrift-og-mosjonslag-mix-flest-kvinner-holmenkollstafetten-2025/
2025,bedrift og mosjonslag mix flest kvinner,905,11416,Bane NOR – Sporvekslere (Bane NOR),1:32:01,5521.0,https://www.sportsidioten.no/resultater/bedrift-og-mosjonslag-mix-flest-kvinner-holmenkollstafetten-2025/
2025,bedrift og mosjonslag mix flest kvinner,906,6888,Nav Innlandet (Nav I Innlandet BIL),1:32:03,5523.0,https://www.sportsidioten.no/resultater/bedrift-og-mosjonslag-mix-flest-kvinner-holmenkollstafetten-2025/
2025,bedrift og mosjonslag mix flest kvinner,907,9268,Tannhelsetjenesten 1 (Akershus Fylkeskommune),1:32:03,5523.0,https://www.sportsidioten.no/resultater/bedrift-og-mosjonslag-mix-flest-kvinner-holmenkollstafetten-2025/
2025,bedrift og mosjonslag mix flest kvinner,908,9306,Sony Super Sonic (Sony Music Entertainment Norway AS),1:32:03,5523.0,https://www.sportsidioten.no/resultater/bedrift-og-mosjonslag-mix-flest-kvinner-holmenkollstafetten-2025/
2025,bedrift og mosjonslag mix flest kvinner,909,11305,Lovisenberg Rehabilitering 2 (Lovisenberg Rehabilitering AS),1:32:04,5524.0,https://www.sportsidioten.no/resultater/bedrift-og-mosjonslag-mix-flest-kvinner-holmenkollstafetten-2025/
2025,bedrift og mosjonslag mix flest kvinner,910,9894,Løkka runners (Hagaløkka skole),1:32:04,5524.0,https://www.sportsidioten.no/resultater/bedrift-og-mosjonslag-mix-flest-kvinner-holmenkollstafetten-2025/
2025,bedrift og mosjonslag mix flest kvinner,911,11864,Medietilsynet,1:32:05,5525.0,https://www.sportsidioten.no/resultater/bedrift-og-mosjonslag-mix-flest-kvinner-holmenkollstafetten-2025/
2025,bedrift og mosjonslag mix flest kvinner,912,11855,Nordseter BIL 2 (Nordseter skole),1:32:05,5525.0,https://www.sportsidioten.no/resultater/bedrift-og-mosjonslag-mix-flest-kvinner-holmenkollstafetten-2025/
2025,bedrift og mosjonslag mix flest kvinner,913,7281,Nordea GIA (Nordea Bank Abp),1:32:08,5528.0,https://www.sportsidioten.no/resultater/bedrift-og-mosjonslag-mix-flest-kvinner-holmenkollstafetten-2025/
2025,bedrift og mosjonslag mix flest kvinner,914,10678,Forever Jong (Jong skole),1:32:08,5528.0,https://www.sportsidioten.no/resultater/bedrift-og-mosjonslag-mix-flest-kvinner-holmenkollstafetten-2025/
2025,bedrift og mosjonslag mix flest kvinner,915,9105,Statped,1:32:08,5528.0,https://www.sportsidioten.no/resultater/bedrift-og-mosjonslag-mix-flest-kvinner-holmenkollstafetten-2025/
2025,bedrift og mosjonslag mix flest kvinner,916,10808,Bydel Ullern 2 (Bydel Ullern),1:32:14,5534.0,https://www.sportsidioten.no/resultater/bedrift-og-mosjonslag-mix-flest-kvinner-holmenkollstafetten-2025/
2025,bedrift og mosjonslag mix flest kvinner,917,9662,BFV Enhet Øst (Frelsesarmeen),1:32:16,5536.0,https://www.sportsidioten.no/resultater/bedrift-og-mosjonslag-mix-flest-kvinner-holmenkollstafetten-2025/
2025,bedrift og mosjonslag mix flest kvinner,918,6106,DNB HB6 Bergen (DNB),1:32:17,5537.0,https://www.sportsidioten.no/resultater/bedrift-og-mosjonslag-mix-flest-kvinner-holmenkollstafetten-2025/
2025,bedrift og mosjonslag mix flest kvinner,919,9290,Nesodden – PBG/IVA og KA (Nesodden kommune),1:32:22,5542.0,https://www.sportsidioten.no/resultater/bedrift-og-mosjonslag-mix-flest-kvinner-holmenkollstafetten-2025/
2025,bedrift og mosjonslag mix flest kvinner,920,11859,Urban Pioneers,1:32:22,5542.0,https://www.sportsidioten.no/resultater/bedrift-og-mosjonslag-mix-flest-kvinner-holmenkollstafetten-2025/
2025,bedrift og mosjonslag mix flest kvinner,921,8875,Sagene skole/AKS (Sagene skole),1:32:24,5544.0,https://www.sportsidioten.no/resultater/bedrift-og-mosjonslag-mix-flest-kvinner-holmenkollstafetten-2025/
2025,bedrift og mosjonslag mix flest kvinner,922,5867,"Runners on Chip (RUniversitetet i Oslo, SFF Hybrid Technology Hub)",1:32:27,5547.0,https://www.sportsidioten.no/resultater/bedrift-og-mosjonslag-mix-flest-kvinner-holmenkollstafetten-2025/
2025,bedrift og mosjonslag mix flest kvinner,923,9203,OUS Blodsykdommer 2 (Oslo universitetssykehus),1:32:27,5547.0,https://www.sportsidioten.no/resultater/bedrift-og-mosjonslag-mix-flest-kvinner-holmenkollstafetten-2025/
2025,bedrift og mosjonslag mix flest kvinner,924,5872,UiO Institutt for klinisk medisin (Universitetet i Oslo),1:32:27,5547.0,https://www.sportsidioten.no/resultater/bedrift-og-mosjonslag-mix-flest-kvinner-holmenkollstafetten-2025/
2025,bedrift og mosjonslag mix flest kvinner,925,9495,Team Aller Travel (Aller Travel),1:32:29,5549.0,https://www.sportsidioten.no/resultater/bedrift-og-mosjonslag-mix-flest-kvinner-holmenkollstafetten-2025/
2025,bedrift og mosjonslag mix flest kvinner,926,9878,Team NHC (NHC services AS),1:32:33,5553.0,https://www.sportsidioten.no/resultater/bedrift-og-mosjonslag-mix-flest-kvinner-holmenkollstafetten-2025/
2025,bedrift og mosjonslag mix flest kvinner,927,11410,Medborgerskap (Asker kommune),1:32:33,5553.0,https://www.sportsidioten.no/resultater/bedrift-og-mosjonslag-mix-flest-kvinner-holmenkollstafetten-2025/
2025,bedrift og mosjonslag mix flest kvinner,928,9294,Berger skole,1:32:34,5554.0,https://www.sportsidioten.no/resultater/bedrift-og-mosjonslag-mix-flest-kvinner-holmenkollstafetten-2025/
2025,bedrift og mosjonslag mix flest kvinner,929,8895,DNB Få det løpt (DNB),1:32:37,5557.0,https://www.sportsidioten.no/resultater/bedrift-og-mosjonslag-mix-flest-kvinner-holmenkollstafetten-2025/
2025,bedrift og mosjonslag mix flest kvinner,930,11491,GSK Together (GSK),1:32:40,5560.0,https://www.sportsidioten.no/resultater/bedrift-og-mosjonslag-mix-flest-kvinner-holmenkollstafetten-2025/
2025,bedrift og mosjonslag mix flest kvinner,931,11622,Akershus fylkeskommune SAMF 2 (Akershus fylkeskommune SAMF),1:32:42,5562.0,https://www.sportsidioten.no/resultater/bedrift-og-mosjonslag-mix-flest-kvinner-holmenkollstafetten-2025/
2025,bedrift og mosjonslag mix flest kvinner,932,12012,Pneumonipikene (Oslo Universitetssykehus),1:32:43,5563.0,https://www.sportsidioten.no/resultater/bedrift-og-mosjonslag-mix-flest-kvinner-holmenkollstafetten-2025/
2025,bedrift og mosjonslag mix flest kvinner,933,9454,Lørenskog VGS Akademia Harmonia (Lørenskog VGS),1:32:46,5566.0,https://www.sportsidioten.no/resultater/bedrift-og-mosjonslag-mix-flest-kvinner-holmenkollstafetten-2025/
2025,bedrift og mosjonslag mix flest kvinner,934,7309,Triglav (n slovenske foreningen Triglav),1:32:46,5566.0,https://www.sportsidioten.no/resultater/bedrift-og-mosjonslag-mix-flest-kvinner-holmenkollstafetten-2025/
2025,bedrift og mosjonslag mix flest kvinner,935,10016,Fretex Jobb (Fretex Jobb og Oppfølging AS),1:32:47,5567.0,https://www.sportsidioten.no/resultater/bedrift-og-mosjonslag-mix-flest-kvinner-holmenkollstafetten-2025/
2025,bedrift og mosjonslag mix flest kvinner,936,10705,Høy frekvens (HLF Rehabilitering),1:32:47,5567.0,https://www.sportsidioten.no/resultater/bedrift-og-mosjonslag-mix-flest-kvinner-holmenkollstafetten-2025/
2025,bedrift og mosjonslag mix flest kvinner,937,9428,"Vestre Viken føde-/barselavdelingen 1 (Vestre Viken, Føde-og barselavdeling)",1:32:49,5569.0,https://www.sportsidioten.no/resultater/bedrift-og-mosjonslag-mix-flest-kvinner-holmenkollstafetten-2025/
2025,bedrift og mosjonslag mix flest kvinner,938,9622,Lovisenberg BIL Høgskolen (Lovisenberg Diakonale Høgskole),1:32:50,5570.0,https://www.sportsidioten.no/resultater/bedrift-og-mosjonslag-mix-flest-kvinner-holmenkollstafetten-2025/
2025,bedrift og mosjonslag mix flest kvinner,939,9910,Labbetussene (Diakonhjemmet sykehus),1:32:51,5571.0,https://www.sportsidioten.no/resultater/bedrift-og-mosjonslag-mix-flest-kvinner-holmenkollstafetten-2025/
2025,bedrift og mosjonslag mix flest kvinner,940,9287,Kappa Bioscience AS – a Balchem company (Kappa Bioscience AS),1:32:52,5572.0,https://www.sportsidioten.no/resultater/bedrift-og-mosjonslag-mix-flest-kvinner-holmenkollstafetten-2025/
2025,bedrift og mosjonslag mix flest kvinner,941,9407,THE THIEF,1:32:53,5573.0,https://www.sportsidioten.no/resultater/bedrift-og-mosjonslag-mix-flest-kvinner-holmenkollstafetten-2025/
2025,bedrift og mosjonslag mix flest kvinner,942,6498,Hauk og due (Akershus universitetssykehus),1:32:54,5574.0,https://www.sportsidioten.no/resultater/bedrift-og-mosjonslag-mix-flest-kvinner-holmenkollstafetten-2025/
2025,bedrift og mosjonslag mix flest kvinner,943,10653,De derre der (Maridalsveien boliger/Bydel Sagene),1:32:55,5575.0,https://www.sportsidioten.no/resultater/bedrift-og-mosjonslag-mix-flest-kvinner-holmenkollstafetten-2025/
2025,bedrift og mosjonslag mix flest kvinner,944,11901,Barnekreftavdelingen 2 (OUS- Barnekreftavdelingen 2),1:33:02,5582.0,https://www.sportsidioten.no/resultater/bedrift-og-mosjonslag-mix-flest-kvinner-holmenkollstafetten-2025/
2025,bedrift og mosjonslag mix flest kvinner,945,5876,Fakultetsadministrasjonen SV-fak. (Universitetet i Oslo),1:33:05,5585.0,https://www.sportsidioten.no/resultater/bedrift-og-mosjonslag-mix-flest-kvinner-holmenkollstafetten-2025/
2025,bedrift og mosjonslag mix flest kvinner,946,11415,Bane NOR – MK Runaway train (Bane NOR SF),1:33:07,5587.0,https://www.sportsidioten.no/resultater/bedrift-og-mosjonslag-mix-flest-kvinner-holmenkollstafetten-2025/
2025,bedrift og mosjonslag mix flest kvinner,947,11803,Ringebu kommune – helse og mestring (Ringebu kommune),1:33:11,5591.0,https://www.sportsidioten.no/resultater/bedrift-og-mosjonslag-mix-flest-kvinner-holmenkollstafetten-2025/
2025,bedrift og mosjonslag mix flest kvinner,948,10858,Makeup Mekka (Makeup Mekka AS),1:33:12,5592.0,https://www.sportsidioten.no/resultater/bedrift-og-mosjonslag-mix-flest-kvinner-holmenkollstafetten-2025/
2025,bedrift og mosjonslag mix flest kvinner,949,9815,Midnight Express (ALS Laboratory Group Norway AS),1:33:15,5595.0,https://www.sportsidioten.no/resultater/bedrift-og-mosjonslag-mix-flest-kvinner-holmenkollstafetten-2025/
2025,bedrift og mosjonslag mix flest kvinner,950,11412,Lungemedisinsk avdeling 1 (Oslo universitetssykehus),1:33:16,5596.0,https://www.sportsidioten.no/resultater/bedrift-og-mosjonslag-mix-flest-kvinner-holmenkollstafetten-2025/
2025,bedrift og mosjonslag mix flest kvinner,951,10889,Grefsen 1 2 (Grefsen skole),1:33:22,5602.0,https://www.sportsidioten.no/resultater/bedrift-og-mosjonslag-mix-flest-kvinner-holmenkollstafetten-2025/
2025,bedrift og mosjonslag mix flest kvinner,952,12087,Thon Hotels Salg,1:33:29,5609.0,https://www.sportsidioten.no/resultater/bedrift-og-mosjonslag-mix-flest-kvinner-holmenkollstafetten-2025/
2025,bedrift og mosjonslag mix flest kvinner,953,6063,DNB SANDNES TRENCHES (DNB BANK ASA),1:33:35,5615.0,https://www.sportsidioten.no/resultater/bedrift-og-mosjonslag-mix-flest-kvinner-holmenkollstafetten-2025/
2025,bedrift og mosjonslag mix flest kvinner,954,9453,Tannhelsetjenestens kompetansesenter Øst,1:33:36,5616.0,https://www.sportsidioten.no/resultater/bedrift-og-mosjonslag-mix-flest-kvinner-holmenkollstafetten-2025/
2025,bedrift og mosjonslag mix flest kvinner,955,9830,Statsforvalteren i Vestfold og Telemark – senior (Statsforvalteren i Vestfold og Telemark),1:33:36,5616.0,https://www.sportsidioten.no/resultater/bedrift-og-mosjonslag-mix-flest-kvinner-holmenkollstafetten-2025/
2025,bedrift og mosjonslag mix flest kvinner,956,7433,Moment organisasjon og ledelse as,1:33:37,5617.0,https://www.sportsidioten.no/resultater/bedrift-og-mosjonslag-mix-flest-kvinner-holmenkollstafetten-2025/
2025,bedrift og mosjonslag mix flest kvinner,957,11260,"HjelpemiddelHeltene! (Bærum kommune, Hjelpemiddelutlånet)",1:33:37,5617.0,https://www.sportsidioten.no/resultater/bedrift-og-mosjonslag-mix-flest-kvinner-holmenkollstafetten-2025/
2025,bedrift og mosjonslag mix flest kvinner,958,8205,Colosseum Tannlege 2 (Colosseum Tannlege),1:33:38,5618.0,https://www.sportsidioten.no/resultater/bedrift-og-mosjonslag-mix-flest-kvinner-holmenkollstafetten-2025/
2025,bedrift og mosjonslag mix flest kvinner,959,11642,Sirkus Smestad (Lovisenberg Omsorg Smestadhjemmet),1:33:40,5620.0,https://www.sportsidioten.no/resultater/bedrift-og-mosjonslag-mix-flest-kvinner-holmenkollstafetten-2025/
2025,bedrift og mosjonslag mix flest kvinner,960,6080,DNB #ETTKUNDEETABLERING 2 (DNB BANK ASA),1:33:48,5628.0,https://www.sportsidioten.no/resultater/bedrift-og-mosjonslag-mix-flest-kvinner-holmenkollstafetten-2025/
2025,bedrift og mosjonslag mix flest kvinner,961,6514,Skogsneglene (Ahus – HR),1:33:48,5628.0,https://www.sportsidioten.no/resultater/bedrift-og-mosjonslag-mix-flest-kvinner-holmenkollstafetten-2025/
2025,bedrift og mosjonslag mix flest kvinner,962,9887,Spir Oslo (Spir Oslo AS),1:33:50,5630.0,https://www.sportsidioten.no/resultater/bedrift-og-mosjonslag-mix-flest-kvinner-holmenkollstafetten-2025/
2025,bedrift og mosjonslag mix flest kvinner,963,12028,Kristelig Gymnasium Fast Enough (Kristelig Gymnasium),1:33:50,5630.0,https://www.sportsidioten.no/resultater/bedrift-og-mosjonslag-mix-flest-kvinner-holmenkollstafetten-2025/
2025,bedrift og mosjonslag mix flest kvinner,964,10061,Gastrolab -Ullevål (Ullevål Sykehus -gastrolab),1:33:55,5635.0,https://www.sportsidioten.no/resultater/bedrift-og-mosjonslag-mix-flest-kvinner-holmenkollstafetten-2025/
2025,bedrift og mosjonslag mix flest kvinner,965,9812,Inven2 (Inven2 AS),1:33:56,5636.0,https://www.sportsidioten.no/resultater/bedrift-og-mosjonslag-mix-flest-kvinner-holmenkollstafetten-2025/
2025,bedrift og mosjonslag mix flest kvinner,966,5881,UIO Det Odontologiske Fakultet (Universitetet i Oslo),1:33:57,5637.0,https://www.sportsidioten.no/resultater/bedrift-og-mosjonslag-mix-flest-kvinner-holmenkollstafetten-2025/
2025,bedrift og mosjonslag mix flest kvinner,967,10812,Escape Travel,1:33:58,5638.0,https://www.sportsidioten.no/resultater/bedrift-og-mosjonslag-mix-flest-kvinner-holmenkollstafetten-2025/
2025,bedrift og mosjonslag mix flest kvinner,968,9436,PSI admin (A2),1:34:00,5640.0,https://www.sportsidioten.no/resultater/bedrift-og-mosjonslag-mix-flest-kvinner-holmenkollstafetten-2025/
2025,bedrift og mosjonslag mix flest kvinner,969,11515,Tøyenhelsa 1 og 2 2 (Bydel Gamle Oslo – Tøyenhelsa),1:34:01,5641.0,https://www.sportsidioten.no/resultater/bedrift-og-mosjonslag-mix-flest-kvinner-holmenkollstafetten-2025/
2025,bedrift og mosjonslag mix flest kvinner,970,6887,Handelsbanken 6 (Handelsbanken),1:34:03,5643.0,https://www.sportsidioten.no/resultater/bedrift-og-mosjonslag-mix-flest-kvinner-holmenkollstafetten-2025/
2025,bedrift og mosjonslag mix flest kvinner,971,11461,Bohus Fit for Fight 4 (Bohus AS),1:34:04,5644.0,https://www.sportsidioten.no/resultater/bedrift-og-mosjonslag-mix-flest-kvinner-holmenkollstafetten-2025/
2025,bedrift og mosjonslag mix flest kvinner,972,9826,Ecohz (Ecohz AS),1:34:04,5644.0,https://www.sportsidioten.no/resultater/bedrift-og-mosjonslag-mix-flest-kvinner-holmenkollstafetten-2025/
2025,bedrift og mosjonslag mix flest kvinner,973,9249,Helsedirektoratet EFFEKT (Helsedirektoratet),1:34:06,5646.0,https://www.sportsidioten.no/resultater/bedrift-og-mosjonslag-mix-flest-kvinner-holmenkollstafetten-2025/
2025,bedrift og mosjonslag mix flest kvinner,974,10708,NUFO (Arbeids -og velferdsetaten),1:34:11,5651.0,https://www.sportsidioten.no/resultater/bedrift-og-mosjonslag-mix-flest-kvinner-holmenkollstafetten-2025/
2025,bedrift og mosjonslag mix flest kvinner,975,11267,ella&il,1:34:14,5654.0,https://www.sportsidioten.no/resultater/bedrift-og-mosjonslag-mix-flest-kvinner-holmenkollstafetten-2025/
2025,bedrift og mosjonslag mix flest kvinner,976,9890,Artinorway Dentalforum,1:34:15,5655.0,https://www.sportsidioten.no/resultater/bedrift-og-mosjonslag-mix-flest-kvinner-holmenkollstafetten-2025/
2025,bedrift og mosjonslag mix flest kvinner,977,10682,Nittedal Dyreklinikk Sportsklubb (Nittedal Dyreklinikk),1:34:15,5655.0,https://www.sportsidioten.no/resultater/bedrift-og-mosjonslag-mix-flest-kvinner-holmenkollstafetten-2025/
2025,bedrift og mosjonslag mix flest kvinner,978,10005,Nav Hjelpemiddelsentral Oslo – Partylaget (Nav Hjelpemiddelsentral Oslo),1:34:17,5657.0,https://www.sportsidioten.no/resultater/bedrift-og-mosjonslag-mix-flest-kvinner-holmenkollstafetten-2025/
2025,bedrift og mosjonslag mix flest kvinner,979,12063,Kulinarisk Akademi,1:34:18,5658.0,https://www.sportsidioten.no/resultater/bedrift-og-mosjonslag-mix-flest-kvinner-holmenkollstafetten-2025/
2025,bedrift og mosjonslag mix flest kvinner,980,12214,Kostymelaget 🙂 (Posten Bring AS),1:34:20,5660.0,https://www.sportsidioten.no/resultater/bedrift-og-mosjonslag-mix-flest-kvinner-holmenkollstafetten-2025/
2025,bedrift og mosjonslag mix flest kvinner,981,9611,Sandvika vgs 2 (Sandvika videregående skole),1:34:21,5661.0,https://www.sportsidioten.no/resultater/bedrift-og-mosjonslag-mix-flest-kvinner-holmenkollstafetten-2025/
2025,bedrift og mosjonslag mix flest kvinner,982,9885,Team Sterner (Sterner AS),1:34:21,5661.0,https://www.sportsidioten.no/resultater/bedrift-og-mosjonslag-mix-flest-kvinner-holmenkollstafetten-2025/
2025,bedrift og mosjonslag mix flest kvinner,983,9501,SpareBank 1 Nord-Norge 3 (SpareBank 1 Nord-Norge),1:34:22,5662.0,https://www.sportsidioten.no/resultater/bedrift-og-mosjonslag-mix-flest-kvinner-holmenkollstafetten-2025/
2025,bedrift og mosjonslag mix flest kvinner,984,10426,Terapitassene (Sykehuset Innlandet),1:34:29,5669.0,https://www.sportsidioten.no/resultater/bedrift-og-mosjonslag-mix-flest-kvinner-holmenkollstafetten-2025/
2025,bedrift og mosjonslag mix flest kvinner,985,6691,Telenor – GIAI & PSER (Telenor),1:34:31,5671.0,https://www.sportsidioten.no/resultater/bedrift-og-mosjonslag-mix-flest-kvinner-holmenkollstafetten-2025/
2025,bedrift og mosjonslag mix flest kvinner,986,11651,Gausdal kommune 1 (Gausdal kommune),1:34:32,5672.0,https://www.sportsidioten.no/resultater/bedrift-og-mosjonslag-mix-flest-kvinner-holmenkollstafetten-2025/
2025,bedrift og mosjonslag mix flest kvinner,987,11888,Rikshospitalet (Sykehusapotekene HF),1:34:32,5672.0,https://www.sportsidioten.no/resultater/bedrift-og-mosjonslag-mix-flest-kvinner-holmenkollstafetten-2025/
2025,bedrift og mosjonslag mix flest kvinner,988,10035,Rjukan barneskole,1:34:33,5673.0,https://www.sportsidioten.no/resultater/bedrift-og-mosjonslag-mix-flest-kvinner-holmenkollstafetten-2025/
2025,bedrift og mosjonslag mix flest kvinner,989,10642,Mekle (Mekling AS),1:34:38,5678.0,https://www.sportsidioten.no/resultater/bedrift-og-mosjonslag-mix-flest-kvinner-holmenkollstafetten-2025/
2025,bedrift og mosjonslag mix flest kvinner,990,9449,Dreamwork,1:34:40,5680.0,https://www.sportsidioten.no/resultater/bedrift-og-mosjonslag-mix-flest-kvinner-holmenkollstafetten-2025/
2025,bedrift og mosjonslag mix flest kvinner,991,11003,Lovisenberg post 7 (Lovisenberg diakonale sykehus),1:34:41,5681.0,https://www.sportsidioten.no/resultater/bedrift-og-mosjonslag-mix-flest-kvinner-holmenkollstafetten-2025/
2025,bedrift og mosjonslag mix flest kvinner,992,11106,Bruusgaard (Martin Bruusgaard AS),1:34:41,5681.0,https://www.sportsidioten.no/resultater/bedrift-og-mosjonslag-mix-flest-kvinner-holmenkollstafetten-2025/
2025,bedrift og mosjonslag mix flest kvinner,993,11816,KS – Kommunesektorens organisasjon 2 (KS – Kommunesektorens organisasjon),1:34:42,5682.0,https://www.sportsidioten.no/resultater/bedrift-og-mosjonslag-mix-flest-kvinner-holmenkollstafetten-2025/
2025,bedrift og mosjonslag mix flest kvinner,994,11039,CMA + CEVA (CMA CGM SCANDINAVIA AS),1:34:47,5687.0,https://www.sportsidioten.no/resultater/bedrift-og-mosjonslag-mix-flest-kvinner-holmenkollstafetten-2025/
2025,bedrift og mosjonslag mix flest kvinner,995,9839,Pustut (Asker Kommune/Mellom-Nes skole),1:34:48,5688.0,https://www.sportsidioten.no/resultater/bedrift-og-mosjonslag-mix-flest-kvinner-holmenkollstafetten-2025/
2025,bedrift og mosjonslag mix flest kvinner,996,12212,FSI – Flisespikkerne (Oslo politidistrikt),1:34:49,5689.0,https://www.sportsidioten.no/resultater/bedrift-og-mosjonslag-mix-flest-kvinner-holmenkollstafetten-2025/
2025,bedrift og mosjonslag mix flest kvinner,997,7038,Viaplay 2 (Viaplay),1:34:50,5690.0,https://www.sportsidioten.no/resultater/bedrift-og-mosjonslag-mix-flest-kvinner-holmenkollstafetten-2025/
2025,bedrift og mosjonslag mix flest kvinner,998,8811,Laktatsankerne (Røysumtunet),1:34:53,5693.0,https://www.sportsidioten.no/resultater/bedrift-og-mosjonslag-mix-flest-kvinner-holmenkollstafetten-2025/
2025,bedrift og mosjonslag mix flest kvinner,999,11686,Lambertseters damelag (Lambertseter videregående skole),1:34:53,5693.0,https://www.sportsidioten.no/resultater/bedrift-og-mosjonslag-mix-flest-kvinner-holmenkollstafetten-2025/
2025,bedrift og mosjonslag mix flest kvinner,1000,9471,Tislegård (Tislegård ungdomsskole),1:34:54,5694.0,https://www.sportsidioten.no/resultater/bedrift-og-mosjonslag-mix-flest-kvinner-holmenkollstafetten-2025/
2025,bedrift og mosjonslag mix flest kvinner,1001,7291,Nordea MarCom (Nordea),1:34:59,5699.0,https://www.sportsidioten.no/resultater/bedrift-og-mosjonslag-mix-flest-kvinner-holmenkollstafetten-2025/
2025,bedrift og mosjonslag mix flest kvinner,1002,9262,Falck Global Assistance Norway AS,1:35:00,5700.0,https://www.sportsidioten.no/resultater/bedrift-og-mosjonslag-mix-flest-kvinner-holmenkollstafetten-2025/
2025,bedrift og mosjonslag mix flest kvinner,1003,11413,Hormonløperne (Oslo Universitetssykehus),1:35:01,5701.0,https://www.sportsidioten.no/resultater/bedrift-og-mosjonslag-mix-flest-kvinner-holmenkollstafetten-2025/
2025,bedrift og mosjonslag mix flest kvinner,1004,8880,INFS2 (Infeksjonsmedisinsk isolatpost),1:35:05,5705.0,https://www.sportsidioten.no/resultater/bedrift-og-mosjonslag-mix-flest-kvinner-holmenkollstafetten-2025/
2025,bedrift og mosjonslag mix flest kvinner,1005,11700,Rælingen VGS (Rælingen videregående skole),1:35:05,5705.0,https://www.sportsidioten.no/resultater/bedrift-og-mosjonslag-mix-flest-kvinner-holmenkollstafetten-2025/
2025,bedrift og mosjonslag mix flest kvinner,1006,6462,Dialysen (Akershus universitets sykehus),1:35:11,5711.0,https://www.sportsidioten.no/resultater/bedrift-og-mosjonslag-mix-flest-kvinner-holmenkollstafetten-2025/
2025,bedrift og mosjonslag mix flest kvinner,1007,9868,"Furuset Harelabber (Oslo Kommune, Sykehjemsetaten, Furuset Hageby)",1:35:12,5712.0,https://www.sportsidioten.no/resultater/bedrift-og-mosjonslag-mix-flest-kvinner-holmenkollstafetten-2025/
2025,bedrift og mosjonslag mix flest kvinner,1008,6086,DNB Bot Runners (DNB),1:35:15,5715.0,https://www.sportsidioten.no/resultater/bedrift-og-mosjonslag-mix-flest-kvinner-holmenkollstafetten-2025/
2025,bedrift og mosjonslag mix flest kvinner,1009,11710,PHARMAQ BIL 4 (PHARMAQ Bedriftsidrettslag),1:35:18,5718.0,https://www.sportsidioten.no/resultater/bedrift-og-mosjonslag-mix-flest-kvinner-holmenkollstafetten-2025/
2025,bedrift og mosjonslag mix flest kvinner,1010,11206,TEAM NSF Norsk Sykepleierforbund Viken:OPR.DRAMMEN (Vestre Viken),1:35:21,5721.0,https://www.sportsidioten.no/resultater/bedrift-og-mosjonslag-mix-flest-kvinner-holmenkollstafetten-2025/
2025,bedrift og mosjonslag mix flest kvinner,1011,10419,Moss helsestasjon (Moss kommune),1:35:23,5723.0,https://www.sportsidioten.no/resultater/bedrift-og-mosjonslag-mix-flest-kvinner-holmenkollstafetten-2025/
2025,bedrift og mosjonslag mix flest kvinner,1012,10624,MOVA Sætre Medlemmer (MOVA),1:35:27,5727.0,https://www.sportsidioten.no/resultater/bedrift-og-mosjonslag-mix-flest-kvinner-holmenkollstafetten-2025/
2025,bedrift og mosjonslag mix flest kvinner,1013,10317,Rådhuslaget (Nes kommune),1:35:28,5728.0,https://www.sportsidioten.no/resultater/bedrift-og-mosjonslag-mix-flest-kvinner-holmenkollstafetten-2025/
2025,bedrift og mosjonslag mix flest kvinner,1014,9113,Seksjon rus- og avhengighetspoliklinikker OUS (Oslo Universitetssykehus HF),1:35:28,5728.0,https://www.sportsidioten.no/resultater/bedrift-og-mosjonslag-mix-flest-kvinner-holmenkollstafetten-2025/
2025,bedrift og mosjonslag mix flest kvinner,1015,11637,Lukket,1:35:28,5728.0,https://www.sportsidioten.no/resultater/bedrift-og-mosjonslag-mix-flest-kvinner-holmenkollstafetten-2025/
2025,bedrift og mosjonslag mix flest kvinner,1016,9689,Rettstoks (Oslo Universitetssykehus),1:35:28,5728.0,https://www.sportsidioten.no/resultater/bedrift-og-mosjonslag-mix-flest-kvinner-holmenkollstafetten-2025/
2025,bedrift og mosjonslag mix flest kvinner,1017,10855,Advokatfirma Nierzwicki & Bluszko AS,1:35:30,5730.0,https://www.sportsidioten.no/resultater/bedrift-og-mosjonslag-mix-flest-kvinner-holmenkollstafetten-2025/
2025,bedrift og mosjonslag mix flest kvinner,1018,10025,MiA (MiA – Museene i Akershus),1:35:31,5731.0,https://www.sportsidioten.no/resultater/bedrift-og-mosjonslag-mix-flest-kvinner-holmenkollstafetten-2025/
2025,bedrift og mosjonslag mix flest kvinner,1019,11438,FUF281 2 (Oslo politidistrikt),1:35:32,5732.0,https://www.sportsidioten.no/resultater/bedrift-og-mosjonslag-mix-flest-kvinner-holmenkollstafetten-2025/
2025,bedrift og mosjonslag mix flest kvinner,1020,11054,Vestre vikens TumorTornadoer (Vestre viken helseforetak),1:35:33,5733.0,https://www.sportsidioten.no/resultater/bedrift-og-mosjonslag-mix-flest-kvinner-holmenkollstafetten-2025/
2025,bedrift og mosjonslag mix flest kvinner,1021,10865,Pust og Pæs,1:35:34,5734.0,https://www.sportsidioten.no/resultater/bedrift-og-mosjonslag-mix-flest-kvinner-holmenkollstafetten-2025/
2025,bedrift og mosjonslag mix flest kvinner,1022,11459,Bohus Fit for Fight 3 (Bohus AS),1:35:35,5735.0,https://www.sportsidioten.no/resultater/bedrift-og-mosjonslag-mix-flest-kvinner-holmenkollstafetten-2025/
2025,bedrift og mosjonslag mix flest kvinner,1023,6513,Resp minus (AHUS Kongsvinger),1:35:38,5738.0,https://www.sportsidioten.no/resultater/bedrift-og-mosjonslag-mix-flest-kvinner-holmenkollstafetten-2025/
2025,bedrift og mosjonslag mix flest kvinner,1024,11668,AIDER 11 (Aider AS),1:35:40,5740.0,https://www.sportsidioten.no/resultater/bedrift-og-mosjonslag-mix-flest-kvinner-holmenkollstafetten-2025/
2025,bedrift og mosjonslag mix flest kvinner,1025,11694,ValleBros (Valle Bosenter),1:35:41,5741.0,https://www.sportsidioten.no/resultater/bedrift-og-mosjonslag-mix-flest-kvinner-holmenkollstafetten-2025/
2025,bedrift og mosjonslag mix flest kvinner,1026,11102,GKN Aerospace GAN BIL 2 (GKN Aerospace Norway AS),1:35:44,5744.0,https://www.sportsidioten.no/resultater/bedrift-og-mosjonslag-mix-flest-kvinner-holmenkollstafetten-2025/
2025,bedrift og mosjonslag mix flest kvinner,1027,6079,DNB Bergen Bedrift Helt Ramm (DNB Bank ASA),1:35:44,5744.0,https://www.sportsidioten.no/resultater/bedrift-og-mosjonslag-mix-flest-kvinner-holmenkollstafetten-2025/
2025,bedrift og mosjonslag mix flest kvinner,1028,11050,Søstrene til Herman (Martina Hansen Hospital),1:35:48,5748.0,https://www.sportsidioten.no/resultater/bedrift-og-mosjonslag-mix-flest-kvinner-holmenkollstafetten-2025/
2025,bedrift og mosjonslag mix flest kvinner,1029,9847,Fürst BIL 3 (AS Med Lab),1:35:51,5751.0,https://www.sportsidioten.no/resultater/bedrift-og-mosjonslag-mix-flest-kvinner-holmenkollstafetten-2025/
2025,bedrift og mosjonslag mix flest kvinner,1030,9416,Sykehusapotekene Oslo,1:35:51,5751.0,https://www.sportsidioten.no/resultater/bedrift-og-mosjonslag-mix-flest-kvinner-holmenkollstafetten-2025/
2025,bedrift og mosjonslag mix flest kvinner,1031,6060,DNB PM Trondheim 2 (DNB BANK ASA),1:35:52,5752.0,https://www.sportsidioten.no/resultater/bedrift-og-mosjonslag-mix-flest-kvinner-holmenkollstafetten-2025/
2025,bedrift og mosjonslag mix flest kvinner,1032,10627,Sykehusinnkjøp HF 3 (Sykehusinnkjøp HF),1:35:54,5754.0,https://www.sportsidioten.no/resultater/bedrift-og-mosjonslag-mix-flest-kvinner-holmenkollstafetten-2025/
2025,bedrift og mosjonslag mix flest kvinner,1033,6032,DNB Greenhouse 2 (DNB),1:35:54,5754.0,https://www.sportsidioten.no/resultater/bedrift-og-mosjonslag-mix-flest-kvinner-holmenkollstafetten-2025/
2025,bedrift og mosjonslag mix flest kvinner,1034,12029,Wright Trafikkskole,1:35:58,5758.0,https://www.sportsidioten.no/resultater/bedrift-og-mosjonslag-mix-flest-kvinner-holmenkollstafetten-2025/
2025,bedrift og mosjonslag mix flest kvinner,1035,9483,Rosenhopp 3 (Oslo Vo Rosenhof),1:35:59,5759.0,https://www.sportsidioten.no/resultater/bedrift-og-mosjonslag-mix-flest-kvinner-holmenkollstafetten-2025/
2025,bedrift og mosjonslag mix flest kvinner,1036,10095,Proffcom (Proffcom AS),1:36:00,5760.0,https://www.sportsidioten.no/resultater/bedrift-og-mosjonslag-mix-flest-kvinner-holmenkollstafetten-2025/
2025,bedrift og mosjonslag mix flest kvinner,1037,10293,DPS Akutt (Sykehuset Telemark DPS Akutt),1:36:02,5762.0,https://www.sportsidioten.no/resultater/bedrift-og-mosjonslag-mix-flest-kvinner-holmenkollstafetten-2025/
2025,bedrift og mosjonslag mix flest kvinner,1038,10040,Junkyard (Varner),1:36:02,5762.0,https://www.sportsidioten.no/resultater/bedrift-og-mosjonslag-mix-flest-kvinner-holmenkollstafetten-2025/
2025,bedrift og mosjonslag mix flest kvinner,1039,9307,Gjerdrum barneskole,1:36:02,5762.0,https://www.sportsidioten.no/resultater/bedrift-og-mosjonslag-mix-flest-kvinner-holmenkollstafetten-2025/
2025,bedrift og mosjonslag mix flest kvinner,1040,11053,STAF-ettlaget (Statsforvalterens fellestjenester),1:36:08,5768.0,https://www.sportsidioten.no/resultater/bedrift-og-mosjonslag-mix-flest-kvinner-holmenkollstafetten-2025/
2025,bedrift og mosjonslag mix flest kvinner,1041,10257,Solhaugen (Solhaugen omsorg og behandling),1:36:10,5770.0,https://www.sportsidioten.no/resultater/bedrift-og-mosjonslag-mix-flest-kvinner-holmenkollstafetten-2025/
2025,bedrift og mosjonslag mix flest kvinner,1042,11713,Protect (Protect Vakthold & Sikkerhet Sande AS),1:36:10,5770.0,https://www.sportsidioten.no/resultater/bedrift-og-mosjonslag-mix-flest-kvinner-holmenkollstafetten-2025/
2025,bedrift og mosjonslag mix flest kvinner,1043,10012,"HoT Innlandet-Gjøvik (Nav hjelpemiddelsentral Innlandet, Gjøvik)",1:36:10,5770.0,https://www.sportsidioten.no/resultater/bedrift-og-mosjonslag-mix-flest-kvinner-holmenkollstafetten-2025/
2025,bedrift og mosjonslag mix flest kvinner,1044,10282,Heggedal skole,1:36:11,5771.0,https://www.sportsidioten.no/resultater/bedrift-og-mosjonslag-mix-flest-kvinner-holmenkollstafetten-2025/
2025,bedrift og mosjonslag mix flest kvinner,1045,9604,NPE 2 (Norsk pasientskadeerstatning),1:36:15,5775.0,https://www.sportsidioten.no/resultater/bedrift-og-mosjonslag-mix-flest-kvinner-holmenkollstafetten-2025/
2025,bedrift og mosjonslag mix flest kvinner,1046,11488,Bayer AS 2 (Bayer AS),1:36:15,5775.0,https://www.sportsidioten.no/resultater/bedrift-og-mosjonslag-mix-flest-kvinner-holmenkollstafetten-2025/
2025,bedrift og mosjonslag mix flest kvinner,1047,10497,United Teachers of the Innlands (Utdanningsforbundet Innlandet),1:36:16,5776.0,https://www.sportsidioten.no/resultater/bedrift-og-mosjonslag-mix-flest-kvinner-holmenkollstafetten-2025/
2025,bedrift og mosjonslag mix flest kvinner,1048,6500,"Ski DKA, Team NSF Viken (Ski DKA Ahus)",1:36:17,5777.0,https://www.sportsidioten.no/resultater/bedrift-og-mosjonslag-mix-flest-kvinner-holmenkollstafetten-2025/
2025,bedrift og mosjonslag mix flest kvinner,1049,9215,Sørumsand VGS (Sørumsand videregående skole),1:36:18,5778.0,https://www.sportsidioten.no/resultater/bedrift-og-mosjonslag-mix-flest-kvinner-holmenkollstafetten-2025/
2025,bedrift og mosjonslag mix flest kvinner,1050,11209,Team Hadeland,1:36:22,5782.0,https://www.sportsidioten.no/resultater/bedrift-og-mosjonslag-mix-flest-kvinner-holmenkollstafetten-2025/
2025,bedrift og mosjonslag mix flest kvinner,1051,8810,Endorfinjegerne (Røysumtunet),1:36:25,5785.0,https://www.sportsidioten.no/resultater/bedrift-og-mosjonslag-mix-flest-kvinner-holmenkollstafetten-2025/
2025,bedrift og mosjonslag mix flest kvinner,1052,9859,Puls Flisa 2 (Puls Flisa),1:36:30,5790.0,https://www.sportsidioten.no/resultater/bedrift-og-mosjonslag-mix-flest-kvinner-holmenkollstafetten-2025/
2025,bedrift og mosjonslag mix flest kvinner,1053,11081,CUBUS RUNNING CLUB (Cubus),1:36:33,5793.0,https://www.sportsidioten.no/resultater/bedrift-og-mosjonslag-mix-flest-kvinner-holmenkollstafetten-2025/
2025,bedrift og mosjonslag mix flest kvinner,1054,11628,Velferdsforvaltningen (Asker kommune – Velferd),1:36:36,5796.0,https://www.sportsidioten.no/resultater/bedrift-og-mosjonslag-mix-flest-kvinner-holmenkollstafetten-2025/
2025,bedrift og mosjonslag mix flest kvinner,1055,8909,Oslo VO Sinsen,1:36:42,5802.0,https://www.sportsidioten.no/resultater/bedrift-og-mosjonslag-mix-flest-kvinner-holmenkollstafetten-2025/
2025,bedrift og mosjonslag mix flest kvinner,1056,8312,Eurofins Food & Feed,1:36:43,5803.0,https://www.sportsidioten.no/resultater/bedrift-og-mosjonslag-mix-flest-kvinner-holmenkollstafetten-2025/
2025,bedrift og mosjonslag mix flest kvinner,1057,10886,NSF Team Oslo – OUS Aker (NSF Team Oslo -OUS Aker sykehus PO/Anestesi / Opr),1:36:44,5804.0,https://www.sportsidioten.no/resultater/bedrift-og-mosjonslag-mix-flest-kvinner-holmenkollstafetten-2025/
2025,bedrift og mosjonslag mix flest kvinner,1058,9919,Sykehusapoteket Kristiansand,1:36:46,5806.0,https://www.sportsidioten.no/resultater/bedrift-og-mosjonslag-mix-flest-kvinner-holmenkollstafetten-2025/
2025,bedrift og mosjonslag mix flest kvinner,1059,9406,Viatris (Viatris A S),1:37:01,5821.0,https://www.sportsidioten.no/resultater/bedrift-og-mosjonslag-mix-flest-kvinner-holmenkollstafetten-2025/
2025,bedrift og mosjonslag mix flest kvinner,1060,11915,DPS øvre Telemark (Sykehuset Telemark HF Psykorunners),1:37:03,5823.0,https://www.sportsidioten.no/resultater/bedrift-og-mosjonslag-mix-flest-kvinner-holmenkollstafetten-2025/
2025,bedrift og mosjonslag mix flest kvinner,1061,11684,Ringnes Park FUS (Ringnes Park FUS barnehage as),1:37:06,5826.0,https://www.sportsidioten.no/resultater/bedrift-og-mosjonslag-mix-flest-kvinner-holmenkollstafetten-2025/
2025,bedrift og mosjonslag mix flest kvinner,1062,9473,WEPE (Wepe Regnskap AS),1:37:07,5827.0,https://www.sportsidioten.no/resultater/bedrift-og-mosjonslag-mix-flest-kvinner-holmenkollstafetten-2025/
2025,bedrift og mosjonslag mix flest kvinner,1063,9443,Grændsens Skotøimagazin (Grændsens Skotøimagazin AS),1:37:08,5828.0,https://www.sportsidioten.no/resultater/bedrift-og-mosjonslag-mix-flest-kvinner-holmenkollstafetten-2025/
2025,bedrift og mosjonslag mix flest kvinner,1064,9889,Likestillings- og diskrimineringsombudet,1:37:10,5830.0,https://www.sportsidioten.no/resultater/bedrift-og-mosjonslag-mix-flest-kvinner-holmenkollstafetten-2025/
2025,bedrift og mosjonslag mix flest kvinner,1065,9711,Skjelfoss SPS (Skjelfoss psykiatriske senter),1:37:12,5832.0,https://www.sportsidioten.no/resultater/bedrift-og-mosjonslag-mix-flest-kvinner-holmenkollstafetten-2025/
2025,bedrift og mosjonslag mix flest kvinner,1066,6683,Telenor Group Finance (Telenor),1:37:13,5833.0,https://www.sportsidioten.no/resultater/bedrift-og-mosjonslag-mix-flest-kvinner-holmenkollstafetten-2025/
2025,bedrift og mosjonslag mix flest kvinner,1067,6062,DNB Bedriftssenter Bergen (DNB Bank ASA),1:37:20,5840.0,https://www.sportsidioten.no/resultater/bedrift-og-mosjonslag-mix-flest-kvinner-holmenkollstafetten-2025/
2025,bedrift og mosjonslag mix flest kvinner,1068,9802,Mio Gruppen,1:37:21,5841.0,https://www.sportsidioten.no/resultater/bedrift-og-mosjonslag-mix-flest-kvinner-holmenkollstafetten-2025/
2025,bedrift og mosjonslag mix flest kvinner,1069,9906,Fossheim AS,1:37:22,5842.0,https://www.sportsidioten.no/resultater/bedrift-og-mosjonslag-mix-flest-kvinner-holmenkollstafetten-2025/
2025,bedrift og mosjonslag mix flest kvinner,1070,9827,Stavsberg skole,1:37:25,5845.0,https://www.sportsidioten.no/resultater/bedrift-og-mosjonslag-mix-flest-kvinner-holmenkollstafetten-2025/
2025,bedrift og mosjonslag mix flest kvinner,1071,6472,"Hematologisk avdeling, NNU0 (Akershus universitetssykehus)",1:37:28,5848.0,https://www.sportsidioten.no/resultater/bedrift-og-mosjonslag-mix-flest-kvinner-holmenkollstafetten-2025/
2025,bedrift og mosjonslag mix flest kvinner,1072,9674,NF Kvalifiseringsenter (Nordre Follo kommune),1:37:28,5848.0,https://www.sportsidioten.no/resultater/bedrift-og-mosjonslag-mix-flest-kvinner-holmenkollstafetten-2025/
2025,bedrift og mosjonslag mix flest kvinner,1073,6047,DNB Trondheim med godt driv og Føre (DNB Bank ASA),1:37:28,5848.0,https://www.sportsidioten.no/resultater/bedrift-og-mosjonslag-mix-flest-kvinner-holmenkollstafetten-2025/
2025,bedrift og mosjonslag mix flest kvinner,1074,8667,SFOS 1 (Statsforvalteren SFOS),1:37:30,5850.0,https://www.sportsidioten.no/resultater/bedrift-og-mosjonslag-mix-flest-kvinner-holmenkollstafetten-2025/
2025,bedrift og mosjonslag mix flest kvinner,1075,9639,Den Tysk Norske Barnehagen (Den Tysk Norske barnehagen Oslo AS),1:37:36,5856.0,https://www.sportsidioten.no/resultater/bedrift-og-mosjonslag-mix-flest-kvinner-holmenkollstafetten-2025/
2025,bedrift og mosjonslag mix flest kvinner,1076,11669,AIDER 8 (Aider AS),1:37:37,5857.0,https://www.sportsidioten.no/resultater/bedrift-og-mosjonslag-mix-flest-kvinner-holmenkollstafetten-2025/
2025,bedrift og mosjonslag mix flest kvinner,1077,10647,Bydel Grünerløkka førstelinjesprinterne (Bydel Grünerløkka),1:37:38,5858.0,https://www.sportsidioten.no/resultater/bedrift-og-mosjonslag-mix-flest-kvinner-holmenkollstafetten-2025/
2025,bedrift og mosjonslag mix flest kvinner,1078,9447,Nyfødtintensiv Ullevål (Oslo universitetssykehus),1:37:41,5861.0,https://www.sportsidioten.no/resultater/bedrift-og-mosjonslag-mix-flest-kvinner-holmenkollstafetten-2025/
2025,bedrift og mosjonslag mix flest kvinner,1079,10503,Gudbrandsdal politiidrettslag,1:37:42,5862.0,https://www.sportsidioten.no/resultater/bedrift-og-mosjonslag-mix-flest-kvinner-holmenkollstafetten-2025/
2025,bedrift og mosjonslag mix flest kvinner,1080,8206,Colosseum Tannlege 1 (Colosseum Tannlege),1:37:45,5865.0,https://www.sportsidioten.no/resultater/bedrift-og-mosjonslag-mix-flest-kvinner-holmenkollstafetten-2025/
2025,bedrift og mosjonslag mix flest kvinner,1081,10294,SIK (Sariba Idrett og Kultur (SIK)),1:37:49,5869.0,https://www.sportsidioten.no/resultater/bedrift-og-mosjonslag-mix-flest-kvinner-holmenkollstafetten-2025/
2025,bedrift og mosjonslag mix flest kvinner,1082,9482,Rosenhopp 1 (Oslo VO Rosenhof),1:37:51,5871.0,https://www.sportsidioten.no/resultater/bedrift-og-mosjonslag-mix-flest-kvinner-holmenkollstafetten-2025/
2025,bedrift og mosjonslag mix flest kvinner,1083,10038,Oslo bispedømme lag 2 (Oslo bispedømme),1:37:54,5874.0,https://www.sportsidioten.no/resultater/bedrift-og-mosjonslag-mix-flest-kvinner-holmenkollstafetten-2025/
2025,bedrift og mosjonslag mix flest kvinner,1084,10047,Team Hyggen (Hyggen skole og SFO),1:37:55,5875.0,https://www.sportsidioten.no/resultater/bedrift-og-mosjonslag-mix-flest-kvinner-holmenkollstafetten-2025/
2025,bedrift og mosjonslag mix flest kvinner,1085,6089,DNB Sbank & The City (DNB),1:37:57,5877.0,https://www.sportsidioten.no/resultater/bedrift-og-mosjonslag-mix-flest-kvinner-holmenkollstafetten-2025/
2025,bedrift og mosjonslag mix flest kvinner,1086,9909,Sykehusapoteket Bærum,1:37:59,5879.0,https://www.sportsidioten.no/resultater/bedrift-og-mosjonslag-mix-flest-kvinner-holmenkollstafetten-2025/
2025,bedrift og mosjonslag mix flest kvinner,1087,11699,SPEIDERNE (Norges speiderforbund),1:38:05,5885.0,https://www.sportsidioten.no/resultater/bedrift-og-mosjonslag-mix-flest-kvinner-holmenkollstafetten-2025/
2025,bedrift og mosjonslag mix flest kvinner,1088,10517,Rjukan ungdomsskole,1:38:16,5896.0,https://www.sportsidioten.no/resultater/bedrift-og-mosjonslag-mix-flest-kvinner-holmenkollstafetten-2025/
2025,bedrift og mosjonslag mix flest kvinner,1089,7064,TINE Kundesenter med MIX av flere kollegaer i TINE (TINE SA),1:38:16,5896.0,https://www.sportsidioten.no/resultater/bedrift-og-mosjonslag-mix-flest-kvinner-holmenkollstafetten-2025/
2025,bedrift og mosjonslag mix flest kvinner,1090,9618,Boost Haugesund,1:38:20,5900.0,https://www.sportsidioten.no/resultater/bedrift-og-mosjonslag-mix-flest-kvinner-holmenkollstafetten-2025/
2025,bedrift og mosjonslag mix flest kvinner,1091,5408,Skøyenåsen skole 2 (Skøyenåsen skole),1:38:20,5900.0,https://www.sportsidioten.no/resultater/bedrift-og-mosjonslag-mix-flest-kvinner-holmenkollstafetten-2025/
2025,bedrift og mosjonslag mix flest kvinner,1092,9822,Frantsebråten BHG (Frantsebråten barnehage),1:38:27,5907.0,https://www.sportsidioten.no/resultater/bedrift-og-mosjonslag-mix-flest-kvinner-holmenkollstafetten-2025/
2025,bedrift og mosjonslag mix flest kvinner,1093,9881,FoU Ahus (Akershus Universitetssykehus),1:38:30,5910.0,https://www.sportsidioten.no/resultater/bedrift-og-mosjonslag-mix-flest-kvinner-holmenkollstafetten-2025/
2025,bedrift og mosjonslag mix flest kvinner,1094,10644,Abilia,1:38:36,5916.0,https://www.sportsidioten.no/resultater/bedrift-og-mosjonslag-mix-flest-kvinner-holmenkollstafetten-2025/
2025,bedrift og mosjonslag mix flest kvinner,1095,12252,Studentsamskipnaden SiO 3 (Studentsamskipnaden SiO),1:38:36,5916.0,https://www.sportsidioten.no/resultater/bedrift-og-mosjonslag-mix-flest-kvinner-holmenkollstafetten-2025/
2025,bedrift og mosjonslag mix flest kvinner,1096,9695,Høvik Verk skole,1:38:40,5920.0,https://www.sportsidioten.no/resultater/bedrift-og-mosjonslag-mix-flest-kvinner-holmenkollstafetten-2025/
2025,bedrift og mosjonslag mix flest kvinner,1097,10651,Gard skole 1 (Gard skole Haugesund),1:38:44,5924.0,https://www.sportsidioten.no/resultater/bedrift-og-mosjonslag-mix-flest-kvinner-holmenkollstafetten-2025/
2025,bedrift og mosjonslag mix flest kvinner,1098,12234,SA Tønsberg (Sykehusapoteket Tønsberg),1:38:45,5925.0,https://www.sportsidioten.no/resultater/bedrift-og-mosjonslag-mix-flest-kvinner-holmenkollstafetten-2025/
2025,bedrift og mosjonslag mix flest kvinner,1099,10840,Oslo Kongressenter (Oslo Kongressenter Folkets Hus AS),1:38:46,5926.0,https://www.sportsidioten.no/resultater/bedrift-og-mosjonslag-mix-flest-kvinner-holmenkollstafetten-2025/
2025,bedrift og mosjonslag mix flest kvinner,1100,11670,AIDER 12 (Aider AS),1:38:46,5926.0,https://www.sportsidioten.no/resultater/bedrift-og-mosjonslag-mix-flest-kvinner-holmenkollstafetten-2025/
2025,bedrift og mosjonslag mix flest kvinner,1101,11417,Enhet for korttid (Sykehuset i Innlandet),1:38:52,5932.0,https://www.sportsidioten.no/resultater/bedrift-og-mosjonslag-mix-flest-kvinner-holmenkollstafetten-2025/
2025,bedrift og mosjonslag mix flest kvinner,1102,6064,DNB Finans – NKS (DNB),1:38:53,5933.0,https://www.sportsidioten.no/resultater/bedrift-og-mosjonslag-mix-flest-kvinner-holmenkollstafetten-2025/
2025,bedrift og mosjonslag mix flest kvinner,1103,10601,PT NES (Nes kommune),1:38:55,5935.0,https://www.sportsidioten.no/resultater/bedrift-og-mosjonslag-mix-flest-kvinner-holmenkollstafetten-2025/
2025,bedrift og mosjonslag mix flest kvinner,1104,11227,Vestre Viken Mikrobene (Vestre Viken HF),1:38:57,5937.0,https://www.sportsidioten.no/resultater/bedrift-og-mosjonslag-mix-flest-kvinner-holmenkollstafetten-2025/
2025,bedrift og mosjonslag mix flest kvinner,1105,11909,Fra Kontorstol til Kollen ? Løp & Kjøp (AJ Produkter AS),1:38:57,5937.0,https://www.sportsidioten.no/resultater/bedrift-og-mosjonslag-mix-flest-kvinner-holmenkollstafetten-2025/
2025,bedrift og mosjonslag mix flest kvinner,1106,10237,Landro løpeforrening,1:39:01,5941.0,https://www.sportsidioten.no/resultater/bedrift-og-mosjonslag-mix-flest-kvinner-holmenkollstafetten-2025/
2025,bedrift og mosjonslag mix flest kvinner,1107,9893,Team Negotia (Negotia),1:39:02,5942.0,https://www.sportsidioten.no/resultater/bedrift-og-mosjonslag-mix-flest-kvinner-holmenkollstafetten-2025/
2025,bedrift og mosjonslag mix flest kvinner,1108,11671,AIDER 9 (Aider AS),1:39:06,5946.0,https://www.sportsidioten.no/resultater/bedrift-og-mosjonslag-mix-flest-kvinner-holmenkollstafetten-2025/
2025,bedrift og mosjonslag mix flest kvinner,1109,12094,NAV Vestre Aker,1:39:07,5947.0,https://www.sportsidioten.no/resultater/bedrift-og-mosjonslag-mix-flest-kvinner-holmenkollstafetten-2025/
2025,bedrift og mosjonslag mix flest kvinner,1110,8042,Oksen Fornebu (Oksen IL Fornebu),1:39:13,5953.0,https://www.sportsidioten.no/resultater/bedrift-og-mosjonslag-mix-flest-kvinner-holmenkollstafetten-2025/
2025,bedrift og mosjonslag mix flest kvinner,1111,10645,Bydel Grünerløkka Nav 1 (Bydel Grünerløkka),1:39:31,5971.0,https://www.sportsidioten.no/resultater/bedrift-og-mosjonslag-mix-flest-kvinner-holmenkollstafetten-2025/
2025,bedrift og mosjonslag mix flest kvinner,1112,11695,Jan Thomas Studio (Jan Thomas Studio AS),1:39:34,5974.0,https://www.sportsidioten.no/resultater/bedrift-og-mosjonslag-mix-flest-kvinner-holmenkollstafetten-2025/
2025,bedrift og mosjonslag mix flest kvinner,1113,9833,Barn Intensiv Elite (Barn Intensiv St. Olavs Hospital),1:39:34,5974.0,https://www.sportsidioten.no/resultater/bedrift-og-mosjonslag-mix-flest-kvinner-holmenkollstafetten-2025/
2025,bedrift og mosjonslag mix flest kvinner,1114,11427,"Princess rød , Princess hvit 2 (PRINCESSGRUPPEN AS)",1:39:39,5979.0,https://www.sportsidioten.no/resultater/bedrift-og-mosjonslag-mix-flest-kvinner-holmenkollstafetten-2025/
2025,bedrift og mosjonslag mix flest kvinner,1115,12024,4human (4human HRM AS),1:39:40,5980.0,https://www.sportsidioten.no/resultater/bedrift-og-mosjonslag-mix-flest-kvinner-holmenkollstafetten-2025/
2025,bedrift og mosjonslag mix flest kvinner,1116,10226,Rosenhopp 2 (Oslo VO Rosenhof),1:39:45,5985.0,https://www.sportsidioten.no/resultater/bedrift-og-mosjonslag-mix-flest-kvinner-holmenkollstafetten-2025/
2025,bedrift og mosjonslag mix flest kvinner,1117,9658,Fellesordningen for AFP,1:39:49,5989.0,https://www.sportsidioten.no/resultater/bedrift-og-mosjonslag-mix-flest-kvinner-holmenkollstafetten-2025/
2025,bedrift og mosjonslag mix flest kvinner,1118,9908,Kongen Cruisers (YSA DESIGN),1:39:54,5994.0,https://www.sportsidioten.no/resultater/bedrift-og-mosjonslag-mix-flest-kvinner-holmenkollstafetten-2025/
2025,bedrift og mosjonslag mix flest kvinner,1119,7101,Oda Social Team 6 (Oda Group Services),1:39:57,5997.0,https://www.sportsidioten.no/resultater/bedrift-og-mosjonslag-mix-flest-kvinner-holmenkollstafetten-2025/
2025,bedrift og mosjonslag mix flest kvinner,1120,10428,Nav Aurskog-Høland,1:39:57,5997.0,https://www.sportsidioten.no/resultater/bedrift-og-mosjonslag-mix-flest-kvinner-holmenkollstafetten-2025/
2025,bedrift og mosjonslag mix flest kvinner,1121,9904,Vinderenhjemmet,1:39:59,5999.0,https://www.sportsidioten.no/resultater/bedrift-og-mosjonslag-mix-flest-kvinner-holmenkollstafetten-2025/
2025,bedrift og mosjonslag mix flest kvinner,1122,9895,Generelt traume (OUS – Akuttklinikken. Generell operasjon og traume),1:39:59,5999.0,https://www.sportsidioten.no/resultater/bedrift-og-mosjonslag-mix-flest-kvinner-holmenkollstafetten-2025/
2025,bedrift og mosjonslag mix flest kvinner,1123,11464,Joggspesialistene (Nav Nordre Follo),1:40:02,6002.0,https://www.sportsidioten.no/resultater/bedrift-og-mosjonslag-mix-flest-kvinner-holmenkollstafetten-2025/
2025,bedrift og mosjonslag mix flest kvinner,1124,8617,SAS Ground Handling (SAS),1:40:02,6002.0,https://www.sportsidioten.no/resultater/bedrift-og-mosjonslag-mix-flest-kvinner-holmenkollstafetten-2025/
2025,bedrift og mosjonslag mix flest kvinner,1125,9701,Langerudhjemmet (Sykehjemsetaten),1:40:05,6005.0,https://www.sportsidioten.no/resultater/bedrift-og-mosjonslag-mix-flest-kvinner-holmenkollstafetten-2025/
2025,bedrift og mosjonslag mix flest kvinner,1126,10628,Sykehusinnkjøp HF 2 (Sykehusinnkjøp HF),1:40:07,6007.0,https://www.sportsidioten.no/resultater/bedrift-og-mosjonslag-mix-flest-kvinner-holmenkollstafetten-2025/
2025,bedrift og mosjonslag mix flest kvinner,1127,10824,Toppen IL (avdeling Toppen ved Haugen skole),1:40:10,6010.0,https://www.sportsidioten.no/resultater/bedrift-og-mosjonslag-mix-flest-kvinner-holmenkollstafetten-2025/
2025,bedrift og mosjonslag mix flest kvinner,1128,6494,Go BUPH! (Akershus universitetssykehus),1:40:12,6012.0,https://www.sportsidioten.no/resultater/bedrift-og-mosjonslag-mix-flest-kvinner-holmenkollstafetten-2025/
2025,bedrift og mosjonslag mix flest kvinner,1129,11615,Digital Solutions 2 (DNV AS),1:40:16,6016.0,https://www.sportsidioten.no/resultater/bedrift-og-mosjonslag-mix-flest-kvinner-holmenkollstafetten-2025/
2025,bedrift og mosjonslag mix flest kvinner,1130,11877,Team Viel,1:40:31,6031.0,https://www.sportsidioten.no/resultater/bedrift-og-mosjonslag-mix-flest-kvinner-holmenkollstafetten-2025/
2025,bedrift og mosjonslag mix flest kvinner,1131,10712,NAV Alna,1:40:35,6035.0,https://www.sportsidioten.no/resultater/bedrift-og-mosjonslag-mix-flest-kvinner-holmenkollstafetten-2025/
2025,bedrift og mosjonslag mix flest kvinner,1132,7486,Eidsiva & Hafslund BIL 17 (Eidsiva & Hafslund),1:40:37,6037.0,https://www.sportsidioten.no/resultater/bedrift-og-mosjonslag-mix-flest-kvinner-holmenkollstafetten-2025/
2025,bedrift og mosjonslag mix flest kvinner,1133,7916,Team Hovinbyen (Oslo VO Hovinbyen),1:40:47,6047.0,https://www.sportsidioten.no/resultater/bedrift-og-mosjonslag-mix-flest-kvinner-holmenkollstafetten-2025/
2025,bedrift og mosjonslag mix flest kvinner,1134,10309,70 års laget U og 70 års laget V 2,1:41:02,6062.0,https://www.sportsidioten.no/resultater/bedrift-og-mosjonslag-mix-flest-kvinner-holmenkollstafetten-2025/
2025,bedrift og mosjonslag mix flest kvinner,1135,6499,Ahus Nyre (Nyremedisinsk sengepost Ahus),1:41:03,6063.0,https://www.sportsidioten.no/resultater/bedrift-og-mosjonslag-mix-flest-kvinner-holmenkollstafetten-2025/
2025,bedrift og mosjonslag mix flest kvinner,1136,11414,Lungemedisinsk avdeling 2 (Oslo universitetssykehus),1:41:10,6070.0,https://www.sportsidioten.no/resultater/bedrift-og-mosjonslag-mix-flest-kvinner-holmenkollstafetten-2025/
2025,bedrift og mosjonslag mix flest kvinner,1137,11831,Subakutt (Sykehuset Innlandet Reinsvoll),1:41:28,6088.0,https://www.sportsidioten.no/resultater/bedrift-og-mosjonslag-mix-flest-kvinner-holmenkollstafetten-2025/
2025,bedrift og mosjonslag mix flest kvinner,1138,11441,NF BV (Nordre Follo kommune),1:41:30,6090.0,https://www.sportsidioten.no/resultater/bedrift-og-mosjonslag-mix-flest-kvinner-holmenkollstafetten-2025/
2025,bedrift og mosjonslag mix flest kvinner,1139,10305,Fursetgruppen koselag (Fursetgruppen AS),1:41:32,6092.0,https://www.sportsidioten.no/resultater/bedrift-og-mosjonslag-mix-flest-kvinner-holmenkollstafetten-2025/
2025,bedrift og mosjonslag mix flest kvinner,1140,10268,Tveita Mitt – Tveita Ditt (Tveita Skole),1:41:34,6094.0,https://www.sportsidioten.no/resultater/bedrift-og-mosjonslag-mix-flest-kvinner-holmenkollstafetten-2025/
2025,bedrift og mosjonslag mix flest kvinner,1141,10907,Betha Thorsen (Betha Thorsen Kanvas-barnehage),1:41:38,6098.0,https://www.sportsidioten.no/resultater/bedrift-og-mosjonslag-mix-flest-kvinner-holmenkollstafetten-2025/
2025,bedrift og mosjonslag mix flest kvinner,1142,10831,"Vestre Viken, Gyn avdeling (Vestre Viken)",1:41:49,6109.0,https://www.sportsidioten.no/resultater/bedrift-og-mosjonslag-mix-flest-kvinner-holmenkollstafetten-2025/
2025,bedrift og mosjonslag mix flest kvinner,1143,9666,Sagene barneverntjeneste,1:41:50,6110.0,https://www.sportsidioten.no/resultater/bedrift-og-mosjonslag-mix-flest-kvinner-holmenkollstafetten-2025/
2025,bedrift og mosjonslag mix flest kvinner,1144,9635,Nav St. Hanshaugen,1:41:55,6115.0,https://www.sportsidioten.no/resultater/bedrift-og-mosjonslag-mix-flest-kvinner-holmenkollstafetten-2025/
2025,bedrift og mosjonslag mix flest kvinner,1145,11308,USBL 2 (Boligbyggelaget USBL),1:42:04,6124.0,https://www.sportsidioten.no/resultater/bedrift-og-mosjonslag-mix-flest-kvinner-holmenkollstafetten-2025/
2025,bedrift og mosjonslag mix flest kvinner,1146,12058,Heidi’s engler (Bang-Hansen advokatfirma AS),1:42:06,6126.0,https://www.sportsidioten.no/resultater/bedrift-og-mosjonslag-mix-flest-kvinner-holmenkollstafetten-2025/
2025,bedrift og mosjonslag mix flest kvinner,1147,12061,Teknomed (Teknomed AS),1:42:07,6127.0,https://www.sportsidioten.no/resultater/bedrift-og-mosjonslag-mix-flest-kvinner-holmenkollstafetten-2025/
2025,bedrift og mosjonslag mix flest kvinner,1148,9912,Dokka Barnehage (Stiftelsen Dokka Barnehage),1:42:27,6147.0,https://www.sportsidioten.no/resultater/bedrift-og-mosjonslag-mix-flest-kvinner-holmenkollstafetten-2025/
2025,bedrift og mosjonslag mix flest kvinner,1149,7065,Visma Flyt Social Runners (Visma Flyt AS),1:42:30,6150.0,https://www.sportsidioten.no/resultater/bedrift-og-mosjonslag-mix-flest-kvinner-holmenkollstafetten-2025/
2025,bedrift og mosjonslag mix flest kvinner,1150,10258,Ako taco team (Barn i sentrum),1:42:35,6155.0,https://www.sportsidioten.no/resultater/bedrift-og-mosjonslag-mix-flest-kvinner-holmenkollstafetten-2025/
2025,bedrift og mosjonslag mix flest kvinner,1151,11090,Bjørklund (Bjørklund Norge AS),1:42:38,6158.0,https://www.sportsidioten.no/resultater/bedrift-og-mosjonslag-mix-flest-kvinner-holmenkollstafetten-2025/
2025,bedrift og mosjonslag mix flest kvinner,1152,10650,Gard skole 2 (Gard skole Haugesund),1:42:38,6158.0,https://www.sportsidioten.no/resultater/bedrift-og-mosjonslag-mix-flest-kvinner-holmenkollstafetten-2025/
2025,bedrift og mosjonslag mix flest kvinner,1153,8915,Clas Ohlson (Clas Ohlson AS),1:42:39,6159.0,https://www.sportsidioten.no/resultater/bedrift-og-mosjonslag-mix-flest-kvinner-holmenkollstafetten-2025/
2025,bedrift og mosjonslag mix flest kvinner,1154,8515,Thereses Angels (Rikshospitalet),1:42:40,6160.0,https://www.sportsidioten.no/resultater/bedrift-og-mosjonslag-mix-flest-kvinner-holmenkollstafetten-2025/
2025,bedrift og mosjonslag mix flest kvinner,1155,11603,LDS_L11 (Lovisenberg diakonale sykehus),1:42:42,6162.0,https://www.sportsidioten.no/resultater/bedrift-og-mosjonslag-mix-flest-kvinner-holmenkollstafetten-2025/
2025,bedrift og mosjonslag mix flest kvinner,1156,11004,Barnehageekspressen (Bydel Grünerløkka),1:42:46,6166.0,https://www.sportsidioten.no/resultater/bedrift-og-mosjonslag-mix-flest-kvinner-holmenkollstafetten-2025/
2025,bedrift og mosjonslag mix flest kvinner,1157,11240,Beths Beauty (Beths Beauty Center),1:42:47,6167.0,https://www.sportsidioten.no/resultater/bedrift-og-mosjonslag-mix-flest-kvinner-holmenkollstafetten-2025/
2025,bedrift og mosjonslag mix flest kvinner,1158,10719,Fagforbundet BIL 2 (Fagforbundet),1:42:48,6168.0,https://www.sportsidioten.no/resultater/bedrift-og-mosjonslag-mix-flest-kvinner-holmenkollstafetten-2025/
2025,bedrift og mosjonslag mix flest kvinner,1159,11852,Doremi (Læringsverkstedet Myrens Doremi Barnehage),1:42:50,6170.0,https://www.sportsidioten.no/resultater/bedrift-og-mosjonslag-mix-flest-kvinner-holmenkollstafetten-2025/
2025,bedrift og mosjonslag mix flest kvinner,1160,9920,Brånåsgjengen (Brånåstoppen FUS barnehage),1:42:53,6173.0,https://www.sportsidioten.no/resultater/bedrift-og-mosjonslag-mix-flest-kvinner-holmenkollstafetten-2025/
2025,bedrift og mosjonslag mix flest kvinner,1161,10671,Kvinnehelsehus Oslo (Oslo Sanitetsforening),1:43:02,6182.0,https://www.sportsidioten.no/resultater/bedrift-og-mosjonslag-mix-flest-kvinner-holmenkollstafetten-2025/
2025,bedrift og mosjonslag mix flest kvinner,1162,10250,Drangedal Sparebank,1:43:17,6197.0,https://www.sportsidioten.no/resultater/bedrift-og-mosjonslag-mix-flest-kvinner-holmenkollstafetten-2025/
2025,bedrift og mosjonslag mix flest kvinner,1163,6476,"Sykehusapoteket Ahus, Nordbyhagen (Sykehusapotekene HF – Ahus, Nordbyhagen)",1:43:17,6197.0,https://www.sportsidioten.no/resultater/bedrift-og-mosjonslag-mix-flest-kvinner-holmenkollstafetten-2025/
2025,bedrift og mosjonslag mix flest kvinner,1164,11688,Indusert spurtum (Bakteriologen Rikshospitalet),1:43:29,6209.0,https://www.sportsidioten.no/resultater/bedrift-og-mosjonslag-mix-flest-kvinner-holmenkollstafetten-2025/
2025,bedrift og mosjonslag mix flest kvinner,1165,11440,Tanum skole,1:43:30,6210.0,https://www.sportsidioten.no/resultater/bedrift-og-mosjonslag-mix-flest-kvinner-holmenkollstafetten-2025/
2025,bedrift og mosjonslag mix flest kvinner,1166,11083,Bjerke Familiesenter (Bjerke Bydel),1:43:31,6211.0,https://www.sportsidioten.no/resultater/bedrift-og-mosjonslag-mix-flest-kvinner-holmenkollstafetten-2025/
2025,bedrift og mosjonslag mix flest kvinner,1167,10006,Tinn Sparebank,1:44:03,6243.0,https://www.sportsidioten.no/resultater/bedrift-og-mosjonslag-mix-flest-kvinner-holmenkollstafetten-2025/
2025,bedrift og mosjonslag mix flest kvinner,1168,11632,Tannhelsetjenesten 2 (Akershus Fylkeskommune),1:44:14,6254.0,https://www.sportsidioten.no/resultater/bedrift-og-mosjonslag-mix-flest-kvinner-holmenkollstafetten-2025/
2025,bedrift og mosjonslag mix flest kvinner,1169,10049,Nissenrussen (Hartvig Nissens skole),1:44:14,6254.0,https://www.sportsidioten.no/resultater/bedrift-og-mosjonslag-mix-flest-kvinner-holmenkollstafetten-2025/
2025,bedrift og mosjonslag mix flest kvinner,1170,9693,"Bærum kommune VA (Bærum kommune, Vann og avløp)",1:44:15,6255.0,https://www.sportsidioten.no/resultater/bedrift-og-mosjonslag-mix-flest-kvinner-holmenkollstafetten-2025/
2025,bedrift og mosjonslag mix flest kvinner,1171,11633,Tannhelsetjenesten 3 (Akershus Fylkeskommune),1:44:34,6274.0,https://www.sportsidioten.no/resultater/bedrift-og-mosjonslag-mix-flest-kvinner-holmenkollstafetten-2025/
2025,bedrift og mosjonslag mix flest kvinner,1172,12090,Elisabeths Bøtter,1:44:40,6280.0,https://www.sportsidioten.no/resultater/bedrift-og-mosjonslag-mix-flest-kvinner-holmenkollstafetten-2025/
2025,bedrift og mosjonslag mix flest kvinner,1173,10117,CCEP 1 4 (Coca- Cola Europacific Partners),1:44:41,6281.0,https://www.sportsidioten.no/resultater/bedrift-og-mosjonslag-mix-flest-kvinner-holmenkollstafetten-2025/
2025,bedrift og mosjonslag mix flest kvinner,1174,6073,DNB Scrambled Legs (DNB Bank Asa),1:44:43,6283.0,https://www.sportsidioten.no/resultater/bedrift-og-mosjonslag-mix-flest-kvinner-holmenkollstafetten-2025/
2025,bedrift og mosjonslag mix flest kvinner,1175,10031,Skarnes vgs – profflaget (Innlandet fylkeskommune),1:44:48,6288.0,https://www.sportsidioten.no/resultater/bedrift-og-mosjonslag-mix-flest-kvinner-holmenkollstafetten-2025/
2025,bedrift og mosjonslag mix flest kvinner,1176,10252,WellaFamily (Wella Norway AS),1:44:49,6289.0,https://www.sportsidioten.no/resultater/bedrift-og-mosjonslag-mix-flest-kvinner-holmenkollstafetten-2025/
2025,bedrift og mosjonslag mix flest kvinner,1177,7487,Eidsiva & Hafslund BIL 10 (Eidsiva & Hafslund),1:44:49,6289.0,https://www.sportsidioten.no/resultater/bedrift-og-mosjonslag-mix-flest-kvinner-holmenkollstafetten-2025/
2025,bedrift og mosjonslag mix flest kvinner,1178,11024,Kredinor 4 (Kredinor AS),1:44:53,6293.0,https://www.sportsidioten.no/resultater/bedrift-og-mosjonslag-mix-flest-kvinner-holmenkollstafetten-2025/
2025,bedrift og mosjonslag mix flest kvinner,1179,10494,Essity 1 (Essity Norway AS),1:45:12,6312.0,https://www.sportsidioten.no/resultater/bedrift-og-mosjonslag-mix-flest-kvinner-holmenkollstafetten-2025/
2025,bedrift og mosjonslag mix flest kvinner,1180,10207,NAV Hjelpemiddelsentral Elverum,1:45:14,6314.0,https://www.sportsidioten.no/resultater/bedrift-og-mosjonslag-mix-flest-kvinner-holmenkollstafetten-2025/
2025,bedrift og mosjonslag mix flest kvinner,1181,10699,Guerreros del pacifico,1:45:28,6328.0,https://www.sportsidioten.no/resultater/bedrift-og-mosjonslag-mix-flest-kvinner-holmenkollstafetten-2025/
2025,bedrift og mosjonslag mix flest kvinner,1182,7717,Kickstart 2 (Kickstart),1:45:33,6333.0,https://www.sportsidioten.no/resultater/bedrift-og-mosjonslag-mix-flest-kvinner-holmenkollstafetten-2025/
2025,bedrift og mosjonslag mix flest kvinner,1183,6067,DNB Legs Misérables (DNB),1:45:34,6334.0,https://www.sportsidioten.no/resultater/bedrift-og-mosjonslag-mix-flest-kvinner-holmenkollstafetten-2025/
2025,bedrift og mosjonslag mix flest kvinner,1184,10015,Nes kulturskole,1:45:38,6338.0,https://www.sportsidioten.no/resultater/bedrift-og-mosjonslag-mix-flest-kvinner-holmenkollstafetten-2025/
2025,bedrift og mosjonslag mix flest kvinner,1185,10902,Idunn (Bondi avlastning Idunn Asker Kommune),1:45:42,6342.0,https://www.sportsidioten.no/resultater/bedrift-og-mosjonslag-mix-flest-kvinner-holmenkollstafetten-2025/
2025,bedrift og mosjonslag mix flest kvinner,1186,9463,Dedicare,1:45:42,6342.0,https://www.sportsidioten.no/resultater/bedrift-og-mosjonslag-mix-flest-kvinner-holmenkollstafetten-2025/
2025,bedrift og mosjonslag mix flest kvinner,1187,11204,Diakoni og spespol (Diakonhjemmet Sykehus),1:45:43,6343.0,https://www.sportsidioten.no/resultater/bedrift-og-mosjonslag-mix-flest-kvinner-holmenkollstafetten-2025/
2025,bedrift og mosjonslag mix flest kvinner,1188,9490,Diversity Racers (OsloKollega),1:45:49,6349.0,https://www.sportsidioten.no/resultater/bedrift-og-mosjonslag-mix-flest-kvinner-holmenkollstafetten-2025/
2025,bedrift og mosjonslag mix flest kvinner,1189,9835,OIS Pain Killers 2.0 (Oslo International School),1:45:56,6356.0,https://www.sportsidioten.no/resultater/bedrift-og-mosjonslag-mix-flest-kvinner-holmenkollstafetten-2025/
2025,bedrift og mosjonslag mix flest kvinner,1190,11294,Astridsgate (Sarpsborg kommune),1:46:00,6360.0,https://www.sportsidioten.no/resultater/bedrift-og-mosjonslag-mix-flest-kvinner-holmenkollstafetten-2025/
2025,bedrift og mosjonslag mix flest kvinner,1191,9699,Blu runner`s (Radisson Blu Hotel Nydalen),1:46:24,6384.0,https://www.sportsidioten.no/resultater/bedrift-og-mosjonslag-mix-flest-kvinner-holmenkollstafetten-2025/
2025,bedrift og mosjonslag mix flest kvinner,1192,9819,"Gullkroken (Oslo kommune, bydel Østensjø)",1:46:37,6397.0,https://www.sportsidioten.no/resultater/bedrift-og-mosjonslag-mix-flest-kvinner-holmenkollstafetten-2025/
2025,bedrift og mosjonslag mix flest kvinner,1193,11013,Familien Bakkehaug,1:47:49,6469.0,https://www.sportsidioten.no/resultater/bedrift-og-mosjonslag-mix-flest-kvinner-holmenkollstafetten-2025/
2025,bedrift og mosjonslag mix flest kvinner,1194,11111,Brow Rehab (Brow Rehab Cosmetics AS),1:47:53,6473.0,https://www.sportsidioten.no/resultater/bedrift-og-mosjonslag-mix-flest-kvinner-holmenkollstafetten-2025/
2025,bedrift og mosjonslag mix flest kvinner,1195,9901,OIS Pain Killers (Oslo International School),1:47:58,6478.0,https://www.sportsidioten.no/resultater/bedrift-og-mosjonslag-mix-flest-kvinner-holmenkollstafetten-2025/
2025,bedrift og mosjonslag mix flest kvinner,1196,6076,DNB’s Firmaføtter (DNB Bank ASA),1:48:05,6485.0,https://www.sportsidioten.no/resultater/bedrift-og-mosjonslag-mix-flest-kvinner-holmenkollstafetten-2025/
2025,bedrift og mosjonslag mix flest kvinner,1197,6099,DNB Pensjonsløperene (DNB),1:48:19,6499.0,https://www.sportsidioten.no/resultater/bedrift-og-mosjonslag-mix-flest-kvinner-holmenkollstafetten-2025/
2025,bedrift og mosjonslag mix flest kvinner,1198,10513,Vollan Gjestestue (Vollan Gjestestue AS),1:48:35,6515.0,https://www.sportsidioten.no/resultater/bedrift-og-mosjonslag-mix-flest-kvinner-holmenkollstafetten-2025/
2025,bedrift og mosjonslag mix flest kvinner,1199,11077,Johs Olsen Handel 3 (Norengros Johs Olsen),1:48:45,6525.0,https://www.sportsidioten.no/resultater/bedrift-og-mosjonslag-mix-flest-kvinner-holmenkollstafetten-2025/
2025,bedrift og mosjonslag mix flest kvinner,1200,11225,"Bjerkebarnehagene 1 (Bjerkebarnehagene, bydel Bjerke, Oslo kommune)",1:48:46,6526.0,https://www.sportsidioten.no/resultater/bedrift-og-mosjonslag-mix-flest-kvinner-holmenkollstafetten-2025/
2025,bedrift og mosjonslag mix flest kvinner,1201,11073,Helsesykepleierne (Skolehelsetjenesten Bærum),1:49:12,6552.0,https://www.sportsidioten.no/resultater/bedrift-og-mosjonslag-mix-flest-kvinner-holmenkollstafetten-2025/
2025,bedrift og mosjonslag mix flest kvinner,1202,11212,Team Storgården (Storgården barnehage),1:49:13,6553.0,https://www.sportsidioten.no/resultater/bedrift-og-mosjonslag-mix-flest-kvinner-holmenkollstafetten-2025/
2025,bedrift og mosjonslag mix flest kvinner,1203,11469,Poly Spikes Slow Wave (SSE),1:49:25,6565.0,https://www.sportsidioten.no/resultater/bedrift-og-mosjonslag-mix-flest-kvinner-holmenkollstafetten-2025/
2025,bedrift og mosjonslag mix flest kvinner,1204,10003,Hvam Runners (Hvam Videregående Skole),1:49:33,6573.0,https://www.sportsidioten.no/resultater/bedrift-og-mosjonslag-mix-flest-kvinner-holmenkollstafetten-2025/
2025,bedrift og mosjonslag mix flest kvinner,1205,10036,Sprell Riktige Leker,1:49:34,6574.0,https://www.sportsidioten.no/resultater/bedrift-og-mosjonslag-mix-flest-kvinner-holmenkollstafetten-2025/
2025,bedrift og mosjonslag mix flest kvinner,1206,11098,PET senteret Innlandet (Sykehuset Innlandet Elverum Nukleærmedisinsk avdel),1:50:11,6611.0,https://www.sportsidioten.no/resultater/bedrift-og-mosjonslag-mix-flest-kvinner-holmenkollstafetten-2025/
2025,bedrift og mosjonslag mix flest kvinner,1207,10492,Marker skole,1:50:12,6612.0,https://www.sportsidioten.no/resultater/bedrift-og-mosjonslag-mix-flest-kvinner-holmenkollstafetten-2025/
2025,bedrift og mosjonslag mix flest kvinner,1208,10303,AGK Sekretærene (Oslo universitetssykehus hf),1:50:51,6651.0,https://www.sportsidioten.no/resultater/bedrift-og-mosjonslag-mix-flest-kvinner-holmenkollstafetten-2025/
2025,bedrift og mosjonslag mix flest kvinner,1209,10853,Fagforbundet klubben i Utdanningsetaten,1:51:49,6709.0,https://www.sportsidioten.no/resultater/bedrift-og-mosjonslag-mix-flest-kvinner-holmenkollstafetten-2025/
2025,bedrift og mosjonslag mix flest kvinner,1210,11462,Edland barnehage (Vinje Kommune),1:53:51,6831.0,https://www.sportsidioten.no/resultater/bedrift-og-mosjonslag-mix-flest-kvinner-holmenkollstafetten-2025/
2025,bedrift og mosjonslag mix flest kvinner,1211,10711,SkiØst barnehagene (Kråkstad barnehage),1:55:10,6910.0,https://www.sportsidioten.no/resultater/bedrift-og-mosjonslag-mix-flest-kvinner-holmenkollstafetten-2025/
2025,bedrift og mosjonslag mix flest kvinner,1212,11250,"Leseløperne (Fylkesbiblioteket i Akershus, Buskerud og Østfold)",2:00:31,7231.0,https://www.sportsidioten.no/resultater/bedrift-og-mosjonslag-mix-flest-kvinner-holmenkollstafetten-2025/
2025,bedrift og mosjonslag mix flest menn,1,4279,Raskere enn banken (Folio),0:51:56,3116.0,https://www.sportsidioten.no/resultater/bedrift-og-mosjonslag-mix-flest-menn-holmenkollstafetten-2025/
2025,bedrift og mosjonslag mix flest menn,2,4277,Stampa Run Club,0:54:25,3265.0,https://www.sportsidioten.no/resultater/bedrift-og-mosjonslag-mix-flest-menn-holmenkollstafetten-2025/
2025,bedrift og mosjonslag mix flest menn,3,6908,Tjommiene TC,0:54:36,3276.0,https://www.sportsidioten.no/resultater/bedrift-og-mosjonslag-mix-flest-menn-holmenkollstafetten-2025/
2025,bedrift og mosjonslag mix flest menn,4,4009,Wikborg Rein BIL 1 (Wikborg Rein Advokatfirma AS),0:54:48,3288.0,https://www.sportsidioten.no/resultater/bedrift-og-mosjonslag-mix-flest-menn-holmenkollstafetten-2025/
2025,bedrift og mosjonslag mix flest menn,5,4001,Team Svimus,0:54:58,3298.0,https://www.sportsidioten.no/resultater/bedrift-og-mosjonslag-mix-flest-menn-holmenkollstafetten-2025/
2025,bedrift og mosjonslag mix flest menn,6,6601,Frogner Runners,0:55:00,3300.0,https://www.sportsidioten.no/resultater/bedrift-og-mosjonslag-mix-flest-menn-holmenkollstafetten-2025/
2025,bedrift og mosjonslag mix flest menn,7,4002,Löplabbet A-lag (Löplabbet Norge),0:55:22,3322.0,https://www.sportsidioten.no/resultater/bedrift-og-mosjonslag-mix-flest-menn-holmenkollstafetten-2025/
2025,bedrift og mosjonslag mix flest menn,8,4004,Advokatfirmaet BAHR AS 1 (Advokatfirmaet BAHR AS),0:55:24,3324.0,https://www.sportsidioten.no/resultater/bedrift-og-mosjonslag-mix-flest-menn-holmenkollstafetten-2025/
2025,bedrift og mosjonslag mix flest menn,9,4006,Advokatfirmaet Haavind – Herrer Elite (Advokatfirmaet Haavind AS),0:55:39,3339.0,https://www.sportsidioten.no/resultater/bedrift-og-mosjonslag-mix-flest-menn-holmenkollstafetten-2025/
2025,bedrift og mosjonslag mix flest menn,10,4014,Advokatfirmaet Wiersholm 2 (Advokatfirmaet Wiersholm),0:55:44,3344.0,https://www.sportsidioten.no/resultater/bedrift-og-mosjonslag-mix-flest-menn-holmenkollstafetten-2025/
2025,bedrift og mosjonslag mix flest menn,11,4026,Midt-Troms Rørservice,0:55:44,3344.0,https://www.sportsidioten.no/resultater/bedrift-og-mosjonslag-mix-flest-menn-holmenkollstafetten-2025/
2025,bedrift og mosjonslag mix flest menn,12,4003,Oddvar Brås utvalgte,0:55:58,3358.0,https://www.sportsidioten.no/resultater/bedrift-og-mosjonslag-mix-flest-menn-holmenkollstafetten-2025/
2025,bedrift og mosjonslag mix flest menn,13,4010,Schonhowd Fysioterapi,0:56:09,3369.0,https://www.sportsidioten.no/resultater/bedrift-og-mosjonslag-mix-flest-menn-holmenkollstafetten-2025/
2025,bedrift og mosjonslag mix flest menn,14,4005,Team Baker Hansen (Baker Hansen AS),0:56:29,3389.0,https://www.sportsidioten.no/resultater/bedrift-og-mosjonslag-mix-flest-menn-holmenkollstafetten-2025/
2025,bedrift og mosjonslag mix flest menn,15,4007,Arctic 1 1 (Arctic Securities AS),0:57:00,3420.0,https://www.sportsidioten.no/resultater/bedrift-og-mosjonslag-mix-flest-menn-holmenkollstafetten-2025/
2025,bedrift og mosjonslag mix flest menn,16,10050,Juul & Partners AS (Juul & Partners),0:57:12,3432.0,https://www.sportsidioten.no/resultater/bedrift-og-mosjonslag-mix-flest-menn-holmenkollstafetten-2025/
2025,bedrift og mosjonslag mix flest menn,17,4203,Team Furutangen 1 – Åsen Elite (Furutangen Aktivitetssenter AS),0:57:24,3444.0,https://www.sportsidioten.no/resultater/bedrift-og-mosjonslag-mix-flest-menn-holmenkollstafetten-2025/
2025,bedrift og mosjonslag mix flest menn,18,4052,Equinor BIL Oslo (Equinor),0:57:38,3458.0,https://www.sportsidioten.no/resultater/bedrift-og-mosjonslag-mix-flest-menn-holmenkollstafetten-2025/
2025,bedrift og mosjonslag mix flest menn,19,4011,Team Thommessen 5 (Advokatfirmaet Thommessen),0:58:06,3486.0,https://www.sportsidioten.no/resultater/bedrift-og-mosjonslag-mix-flest-menn-holmenkollstafetten-2025/
2025,bedrift og mosjonslag mix flest menn,20,4015,Driv Trening (Driv Trening AS),0:58:12,3492.0,https://www.sportsidioten.no/resultater/bedrift-og-mosjonslag-mix-flest-menn-holmenkollstafetten-2025/
2025,bedrift og mosjonslag mix flest menn,21,9657,Bagges (Bagges AS),0:58:49,3529.0,https://www.sportsidioten.no/resultater/bedrift-og-mosjonslag-mix-flest-menn-holmenkollstafetten-2025/
2025,bedrift og mosjonslag mix flest menn,22,4025,Bane NOR 1 (Bane NOR),0:58:50,3530.0,https://www.sportsidioten.no/resultater/bedrift-og-mosjonslag-mix-flest-menn-holmenkollstafetten-2025/
2025,bedrift og mosjonslag mix flest menn,23,5208,Obligo,0:59:09,3549.0,https://www.sportsidioten.no/resultater/bedrift-og-mosjonslag-mix-flest-menn-holmenkollstafetten-2025/
2025,bedrift og mosjonslag mix flest menn,24,6323,PwC Deals 1 (PricewaterhouseCoopers),0:59:19,3559.0,https://www.sportsidioten.no/resultater/bedrift-og-mosjonslag-mix-flest-menn-holmenkollstafetten-2025/
2025,bedrift og mosjonslag mix flest menn,25,4070,Equinor SBIL Mix 1 1 (Equinor),0:59:22,3562.0,https://www.sportsidioten.no/resultater/bedrift-og-mosjonslag-mix-flest-menn-holmenkollstafetten-2025/
2025,bedrift og mosjonslag mix flest menn,26,4048,Bingen,0:59:23,3563.0,https://www.sportsidioten.no/resultater/bedrift-og-mosjonslag-mix-flest-menn-holmenkollstafetten-2025/
2025,bedrift og mosjonslag mix flest menn,27,4033,Oslo Economics 1 (Oslo Economics),0:59:23,3563.0,https://www.sportsidioten.no/resultater/bedrift-og-mosjonslag-mix-flest-menn-holmenkollstafetten-2025/
2025,bedrift og mosjonslag mix flest menn,28,4037,Astrup Fearnley 1 (Astrup Fearnley AS),0:59:26,3566.0,https://www.sportsidioten.no/resultater/bedrift-og-mosjonslag-mix-flest-menn-holmenkollstafetten-2025/
2025,bedrift og mosjonslag mix flest menn,29,6405,EY BIL FSO 1 (EY),0:59:27,3567.0,https://www.sportsidioten.no/resultater/bedrift-og-mosjonslag-mix-flest-menn-holmenkollstafetten-2025/
2025,bedrift og mosjonslag mix flest menn,30,7401,Eidsiva & Hafslund BIL 1 (Eidsiva & Hafslund),0:59:42,3582.0,https://www.sportsidioten.no/resultater/bedrift-og-mosjonslag-mix-flest-menn-holmenkollstafetten-2025/
2025,bedrift og mosjonslag mix flest menn,31,4035,Industrifinans,0:59:52,3592.0,https://www.sportsidioten.no/resultater/bedrift-og-mosjonslag-mix-flest-menn-holmenkollstafetten-2025/
2025,bedrift og mosjonslag mix flest menn,32,4038,Ferd 1 1 (Ferd AS),0:59:52,3592.0,https://www.sportsidioten.no/resultater/bedrift-og-mosjonslag-mix-flest-menn-holmenkollstafetten-2025/
2025,bedrift og mosjonslag mix flest menn,33,4030,Glipptak IL,0:59:52,3592.0,https://www.sportsidioten.no/resultater/bedrift-og-mosjonslag-mix-flest-menn-holmenkollstafetten-2025/
2025,bedrift og mosjonslag mix flest menn,34,4016,Ignite Elite (Ignite Procurement AS),1:00:03,3603.0,https://www.sportsidioten.no/resultater/bedrift-og-mosjonslag-mix-flest-menn-holmenkollstafetten-2025/
2025,bedrift og mosjonslag mix flest menn,35,6479,EY BIL Energy 1 2 (Boston Consulting group),1:00:06,3606.0,https://www.sportsidioten.no/resultater/bedrift-og-mosjonslag-mix-flest-menn-holmenkollstafetten-2025/
2025,bedrift og mosjonslag mix flest menn,36,5834,Capgemini Invent 1 (Capgemini Invent),1:00:14,3614.0,https://www.sportsidioten.no/resultater/bedrift-og-mosjonslag-mix-flest-menn-holmenkollstafetten-2025/
2025,bedrift og mosjonslag mix flest menn,37,5601,ASKO MIDT-NORGE 1 (NorgesGruppen ASA),1:00:36,3636.0,https://www.sportsidioten.no/resultater/bedrift-og-mosjonslag-mix-flest-menn-holmenkollstafetten-2025/
2025,bedrift og mosjonslag mix flest menn,38,4012,Cisco 1 (Cisco),1:00:51,3651.0,https://www.sportsidioten.no/resultater/bedrift-og-mosjonslag-mix-flest-menn-holmenkollstafetten-2025/
2025,bedrift og mosjonslag mix flest menn,39,4027,Sparebank 1 Markets 1 (Sparebank 1 Markets),1:00:54,3654.0,https://www.sportsidioten.no/resultater/bedrift-og-mosjonslag-mix-flest-menn-holmenkollstafetten-2025/
2025,bedrift og mosjonslag mix flest menn,40,6248,KPMG AS CFO A(re) 1 (KPMG AS),1:00:56,3656.0,https://www.sportsidioten.no/resultater/bedrift-og-mosjonslag-mix-flest-menn-holmenkollstafetten-2025/
2025,bedrift og mosjonslag mix flest menn,41,6402,Bekk 1 (Bekk Consulting AS),1:00:58,3658.0,https://www.sportsidioten.no/resultater/bedrift-og-mosjonslag-mix-flest-menn-holmenkollstafetten-2025/
2025,bedrift og mosjonslag mix flest menn,42,4028,Flekkerøy Løpeklubb,1:00:58,3658.0,https://www.sportsidioten.no/resultater/bedrift-og-mosjonslag-mix-flest-menn-holmenkollstafetten-2025/
2025,bedrift og mosjonslag mix flest menn,43,6299,PwC Trust 3 #1 (PricewaterhouseCoopers),1:01:08,3668.0,https://www.sportsidioten.no/resultater/bedrift-og-mosjonslag-mix-flest-menn-holmenkollstafetten-2025/
2025,bedrift og mosjonslag mix flest menn,44,4079,Bøler IF Friidrett Mix,1:01:11,3671.0,https://www.sportsidioten.no/resultater/bedrift-og-mosjonslag-mix-flest-menn-holmenkollstafetten-2025/
2025,bedrift og mosjonslag mix flest menn,45,6412,Young Solutioneers 1 (Aker Solutions),1:01:12,3672.0,https://www.sportsidioten.no/resultater/bedrift-og-mosjonslag-mix-flest-menn-holmenkollstafetten-2025/
2025,bedrift og mosjonslag mix flest menn,46,11069,BARDU BÅL OG STIFINNERLAG (Bardu Bål og stifinnerlag),1:01:25,3685.0,https://www.sportsidioten.no/resultater/bedrift-og-mosjonslag-mix-flest-menn-holmenkollstafetten-2025/
2025,bedrift og mosjonslag mix flest menn,47,5201,DNB Markets,1:01:26,3686.0,https://www.sportsidioten.no/resultater/bedrift-og-mosjonslag-mix-flest-menn-holmenkollstafetten-2025/
2025,bedrift og mosjonslag mix flest menn,48,4055,Team Kiropraktor,1:01:28,3688.0,https://www.sportsidioten.no/resultater/bedrift-og-mosjonslag-mix-flest-menn-holmenkollstafetten-2025/
2025,bedrift og mosjonslag mix flest menn,49,4018,Malling Elite 1 (Malling & Co Bedriftsidrettslag AS),1:01:28,3688.0,https://www.sportsidioten.no/resultater/bedrift-og-mosjonslag-mix-flest-menn-holmenkollstafetten-2025/
2025,bedrift og mosjonslag mix flest menn,50,10206,Clarksons Platou AS 2 (Clarksons Norge),1:01:33,3693.0,https://www.sportsidioten.no/resultater/bedrift-og-mosjonslag-mix-flest-menn-holmenkollstafetten-2025/
2025,bedrift og mosjonslag mix flest menn,51,4023,Cognite,1:01:39,3699.0,https://www.sportsidioten.no/resultater/bedrift-og-mosjonslag-mix-flest-menn-holmenkollstafetten-2025/
2025,bedrift og mosjonslag mix flest menn,52,6403,EY BIL RISK (EY),1:01:47,3707.0,https://www.sportsidioten.no/resultater/bedrift-og-mosjonslag-mix-flest-menn-holmenkollstafetten-2025/
2025,bedrift og mosjonslag mix flest menn,53,4034,Team Vingrom,1:01:50,3710.0,https://www.sportsidioten.no/resultater/bedrift-og-mosjonslag-mix-flest-menn-holmenkollstafetten-2025/
2025,bedrift og mosjonslag mix flest menn,54,4060,Bonum (Bonum AS),1:01:56,3716.0,https://www.sportsidioten.no/resultater/bedrift-og-mosjonslag-mix-flest-menn-holmenkollstafetten-2025/
2025,bedrift og mosjonslag mix flest menn,55,5221,Fredensborg Fritid,1:02:01,3721.0,https://www.sportsidioten.no/resultater/bedrift-og-mosjonslag-mix-flest-menn-holmenkollstafetten-2025/
2025,bedrift og mosjonslag mix flest menn,56,4042,Sokna/Støren,1:02:08,3728.0,https://www.sportsidioten.no/resultater/bedrift-og-mosjonslag-mix-flest-menn-holmenkollstafetten-2025/
2025,bedrift og mosjonslag mix flest menn,57,4063,Solution Seeker,1:02:10,3730.0,https://www.sportsidioten.no/resultater/bedrift-og-mosjonslag-mix-flest-menn-holmenkollstafetten-2025/
2025,bedrift og mosjonslag mix flest menn,58,4276,KLP 1 (KLP),1:02:14,3734.0,https://www.sportsidioten.no/resultater/bedrift-og-mosjonslag-mix-flest-menn-holmenkollstafetten-2025/
2025,bedrift og mosjonslag mix flest menn,59,6203,KPMG Deals 1 (KPMG AS),1:02:15,3735.0,https://www.sportsidioten.no/resultater/bedrift-og-mosjonslag-mix-flest-menn-holmenkollstafetten-2025/
2025,bedrift og mosjonslag mix flest menn,60,4022,Altor,1:02:15,3735.0,https://www.sportsidioten.no/resultater/bedrift-og-mosjonslag-mix-flest-menn-holmenkollstafetten-2025/
2025,bedrift og mosjonslag mix flest menn,61,6201,PwC Trust 1 #1 (PricewaterhouseCoopers),1:02:18,3738.0,https://www.sportsidioten.no/resultater/bedrift-og-mosjonslag-mix-flest-menn-holmenkollstafetten-2025/
2025,bedrift og mosjonslag mix flest menn,62,12266,Fiskebeinern SK,1:02:19,3739.0,https://www.sportsidioten.no/resultater/bedrift-og-mosjonslag-mix-flest-menn-holmenkollstafetten-2025/
2025,bedrift og mosjonslag mix flest menn,63,4067,HELP 1 (HELP),1:02:22,3742.0,https://www.sportsidioten.no/resultater/bedrift-og-mosjonslag-mix-flest-menn-holmenkollstafetten-2025/
2025,bedrift og mosjonslag mix flest menn,64,4017,Sopra Steria 1 (Sopra Steria),1:02:25,3745.0,https://www.sportsidioten.no/resultater/bedrift-og-mosjonslag-mix-flest-menn-holmenkollstafetten-2025/
2025,bedrift og mosjonslag mix flest menn,65,5413,Netlight 1 (Netlight),1:02:25,3745.0,https://www.sportsidioten.no/resultater/bedrift-og-mosjonslag-mix-flest-menn-holmenkollstafetten-2025/
2025,bedrift og mosjonslag mix flest menn,66,4036,Optio Incentives 1 1 (Optio Incentives AS),1:02:39,3759.0,https://www.sportsidioten.no/resultater/bedrift-og-mosjonslag-mix-flest-menn-holmenkollstafetten-2025/
2025,bedrift og mosjonslag mix flest menn,67,6404,EY BIL EY-Parthenon 1 (EY),1:02:45,3765.0,https://www.sportsidioten.no/resultater/bedrift-og-mosjonslag-mix-flest-menn-holmenkollstafetten-2025/
2025,bedrift og mosjonslag mix flest menn,68,4053,Schjødt 1 (Advokatfirmaet Schjødt AS),1:02:55,3775.0,https://www.sportsidioten.no/resultater/bedrift-og-mosjonslag-mix-flest-menn-holmenkollstafetten-2025/
2025,bedrift og mosjonslag mix flest menn,69,6007,DNB Asset Management 1 (DNB Asset Management),1:02:58,3778.0,https://www.sportsidioten.no/resultater/bedrift-og-mosjonslag-mix-flest-menn-holmenkollstafetten-2025/
2025,bedrift og mosjonslag mix flest menn,70,4218,Fred. Olsen & Co. Sportsklubb 1 (Fred. Olsen & Co. Sportsklubb),1:03:03,3783.0,https://www.sportsidioten.no/resultater/bedrift-og-mosjonslag-mix-flest-menn-holmenkollstafetten-2025/
2025,bedrift og mosjonslag mix flest menn,71,6204,KPMG AS Law I (KPMG AS),1:03:03,3783.0,https://www.sportsidioten.no/resultater/bedrift-og-mosjonslag-mix-flest-menn-holmenkollstafetten-2025/
2025,bedrift og mosjonslag mix flest menn,72,4068,Athene Accounting 1 (Athene Accounting AS),1:03:03,3783.0,https://www.sportsidioten.no/resultater/bedrift-og-mosjonslag-mix-flest-menn-holmenkollstafetten-2025/
2025,bedrift og mosjonslag mix flest menn,73,5603,ASKO VEST 1 (NorgesGruppen ASA),1:03:04,3784.0,https://www.sportsidioten.no/resultater/bedrift-og-mosjonslag-mix-flest-menn-holmenkollstafetten-2025/
2025,bedrift og mosjonslag mix flest menn,74,4073,Norges Bank IL (Norges Bank Idrettslag),1:03:08,3788.0,https://www.sportsidioten.no/resultater/bedrift-og-mosjonslag-mix-flest-menn-holmenkollstafetten-2025/
2025,bedrift og mosjonslag mix flest menn,75,10416,Taktisk Tempo (SpareBank 1 ForretningsPartner Østlandet AS),1:03:10,3790.0,https://www.sportsidioten.no/resultater/bedrift-og-mosjonslag-mix-flest-menn-holmenkollstafetten-2025/
2025,bedrift og mosjonslag mix flest menn,76,4044,"Vipps, så går det fort! (Vipps Mobilepay AS)",1:03:14,3794.0,https://www.sportsidioten.no/resultater/bedrift-og-mosjonslag-mix-flest-menn-holmenkollstafetten-2025/
2025,bedrift og mosjonslag mix flest menn,77,6002,"DNB Carnegie, Investment Banking 1 (DNB)",1:03:15,3795.0,https://www.sportsidioten.no/resultater/bedrift-og-mosjonslag-mix-flest-menn-holmenkollstafetten-2025/
2025,bedrift og mosjonslag mix flest menn,78,4209,Netcompany 1 (Netcompany),1:03:17,3797.0,https://www.sportsidioten.no/resultater/bedrift-og-mosjonslag-mix-flest-menn-holmenkollstafetten-2025/
2025,bedrift og mosjonslag mix flest menn,79,11313,Random Runners (Mosjonslag),1:03:22,3802.0,https://www.sportsidioten.no/resultater/bedrift-og-mosjonslag-mix-flest-menn-holmenkollstafetten-2025/
2025,bedrift og mosjonslag mix flest menn,80,5802,UiO-SMN Turbo (UiO – SMN),1:03:29,3809.0,https://www.sportsidioten.no/resultater/bedrift-og-mosjonslag-mix-flest-menn-holmenkollstafetten-2025/
2025,bedrift og mosjonslag mix flest menn,81,6801,Bouvet 1 Gulltoppingvin (Bouvet),1:03:40,3820.0,https://www.sportsidioten.no/resultater/bedrift-og-mosjonslag-mix-flest-menn-holmenkollstafetten-2025/
2025,bedrift og mosjonslag mix flest menn,82,4059,SpareBank 1 Nord-Norge 1 (SpareBank 1 Nord-Norge),1:03:40,3820.0,https://www.sportsidioten.no/resultater/bedrift-og-mosjonslag-mix-flest-menn-holmenkollstafetten-2025/
2025,bedrift og mosjonslag mix flest menn,83,6003,DNB Private Banking 1 (DNB),1:03:47,3827.0,https://www.sportsidioten.no/resultater/bedrift-og-mosjonslag-mix-flest-menn-holmenkollstafetten-2025/
2025,bedrift og mosjonslag mix flest menn,84,4265,Colliers Norway,1:03:47,3827.0,https://www.sportsidioten.no/resultater/bedrift-og-mosjonslag-mix-flest-menn-holmenkollstafetten-2025/
2025,bedrift og mosjonslag mix flest menn,85,11906,20 kil (WP),1:03:51,3831.0,https://www.sportsidioten.no/resultater/bedrift-og-mosjonslag-mix-flest-menn-holmenkollstafetten-2025/
2025,bedrift og mosjonslag mix flest menn,86,4020,Metier 1 (Metier),1:03:52,3832.0,https://www.sportsidioten.no/resultater/bedrift-og-mosjonslag-mix-flest-menn-holmenkollstafetten-2025/
2025,bedrift og mosjonslag mix flest menn,87,4056,TechnipFMC 1 (TechnipFMC),1:03:52,3832.0,https://www.sportsidioten.no/resultater/bedrift-og-mosjonslag-mix-flest-menn-holmenkollstafetten-2025/
2025,bedrift og mosjonslag mix flest menn,88,4047,GuttaGuttaGutta,1:03:56,3836.0,https://www.sportsidioten.no/resultater/bedrift-og-mosjonslag-mix-flest-menn-holmenkollstafetten-2025/
2025,bedrift og mosjonslag mix flest menn,89,7289,Politihøgskolen Oslo 1 (Politihøgskolen Oslo),1:03:59,3839.0,https://www.sportsidioten.no/resultater/bedrift-og-mosjonslag-mix-flest-menn-holmenkollstafetten-2025/
2025,bedrift og mosjonslag mix flest menn,90,5245,Asplan Viak 1 (Asplan Viak AS),1:04:01,3841.0,https://www.sportsidioten.no/resultater/bedrift-og-mosjonslag-mix-flest-menn-holmenkollstafetten-2025/
2025,bedrift og mosjonslag mix flest menn,91,5420,BW Powerhouse (BW Group),1:04:02,3842.0,https://www.sportsidioten.no/resultater/bedrift-og-mosjonslag-mix-flest-menn-holmenkollstafetten-2025/
2025,bedrift og mosjonslag mix flest menn,92,4075,Argentum,1:04:03,3843.0,https://www.sportsidioten.no/resultater/bedrift-og-mosjonslag-mix-flest-menn-holmenkollstafetten-2025/
2025,bedrift og mosjonslag mix flest menn,93,6401,EY BIL AI & Data 1 (EY),1:04:04,3844.0,https://www.sportsidioten.no/resultater/bedrift-og-mosjonslag-mix-flest-menn-holmenkollstafetten-2025/
2025,bedrift og mosjonslag mix flest menn,94,4024,Aker BP 1 (Aker BP),1:04:09,3849.0,https://www.sportsidioten.no/resultater/bedrift-og-mosjonslag-mix-flest-menn-holmenkollstafetten-2025/
2025,bedrift og mosjonslag mix flest menn,95,4031,Bain & Company 1 (Bain & Company),1:04:10,3850.0,https://www.sportsidioten.no/resultater/bedrift-og-mosjonslag-mix-flest-menn-holmenkollstafetten-2025/
2025,bedrift og mosjonslag mix flest menn,96,4077,HÖEGH 1 (Höegh Autoliners),1:04:10,3850.0,https://www.sportsidioten.no/resultater/bedrift-og-mosjonslag-mix-flest-menn-holmenkollstafetten-2025/
2025,bedrift og mosjonslag mix flest menn,97,10279,TORSHOV SPORT RUNNERS 1 (TORSHOV SPORT AS),1:04:11,3851.0,https://www.sportsidioten.no/resultater/bedrift-og-mosjonslag-mix-flest-menn-holmenkollstafetten-2025/
2025,bedrift og mosjonslag mix flest menn,98,5209,Cardo Partners (Cardo Partners AS),1:04:13,3853.0,https://www.sportsidioten.no/resultater/bedrift-og-mosjonslag-mix-flest-menn-holmenkollstafetten-2025/
2025,bedrift og mosjonslag mix flest menn,99,4267,Kristelig Gymnasium,1:04:14,3854.0,https://www.sportsidioten.no/resultater/bedrift-og-mosjonslag-mix-flest-menn-holmenkollstafetten-2025/
2025,bedrift og mosjonslag mix flest menn,100,11309,Ludo klubben grei (PHS Stavern),1:04:18,3858.0,https://www.sportsidioten.no/resultater/bedrift-og-mosjonslag-mix-flest-menn-holmenkollstafetten-2025/
2025,bedrift og mosjonslag mix flest menn,101,4041,Knowit Management Consulting,1:04:19,3859.0,https://www.sportsidioten.no/resultater/bedrift-og-mosjonslag-mix-flest-menn-holmenkollstafetten-2025/
2025,bedrift og mosjonslag mix flest menn,102,4065,NIH Streberne 1 (Norges idrettshøgskole),1:04:21,3861.0,https://www.sportsidioten.no/resultater/bedrift-og-mosjonslag-mix-flest-menn-holmenkollstafetten-2025/
2025,bedrift og mosjonslag mix flest menn,103,4260,IF Forsikring 1 (IF Skadeforsikring),1:04:25,3865.0,https://www.sportsidioten.no/resultater/bedrift-og-mosjonslag-mix-flest-menn-holmenkollstafetten-2025/
2025,bedrift og mosjonslag mix flest menn,104,11641,KL Running,1:04:28,3868.0,https://www.sportsidioten.no/resultater/bedrift-og-mosjonslag-mix-flest-menn-holmenkollstafetten-2025/
2025,bedrift og mosjonslag mix flest menn,105,4008,FOAK 1,1:04:33,3873.0,https://www.sportsidioten.no/resultater/bedrift-og-mosjonslag-mix-flest-menn-holmenkollstafetten-2025/
2025,bedrift og mosjonslag mix flest menn,106,5270,Appfarm 1 (Appfarm),1:04:34,3874.0,https://www.sportsidioten.no/resultater/bedrift-og-mosjonslag-mix-flest-menn-holmenkollstafetten-2025/
2025,bedrift og mosjonslag mix flest menn,107,4202,Scan Survey AS,1:04:36,3876.0,https://www.sportsidioten.no/resultater/bedrift-og-mosjonslag-mix-flest-menn-holmenkollstafetten-2025/
2025,bedrift og mosjonslag mix flest menn,108,7004,Tripletex AS 1 (Tripletex AS),1:04:38,3878.0,https://www.sportsidioten.no/resultater/bedrift-og-mosjonslag-mix-flest-menn-holmenkollstafetten-2025/
2025,bedrift og mosjonslag mix flest menn,109,4039,Kvale Advokatfirma 1 (Kvale Advokatfirma),1:04:41,3881.0,https://www.sportsidioten.no/resultater/bedrift-og-mosjonslag-mix-flest-menn-holmenkollstafetten-2025/
2025,bedrift og mosjonslag mix flest menn,110,4226,"OUS Ullevål og Aker Ortopedene (OUS Ortopedisk avdeling, Ullevål og Aker)",1:04:46,3886.0,https://www.sportsidioten.no/resultater/bedrift-og-mosjonslag-mix-flest-menn-holmenkollstafetten-2025/
2025,bedrift og mosjonslag mix flest menn,111,6205,KPMG Large Enterprise 1 (KPMG AS),1:04:50,3890.0,https://www.sportsidioten.no/resultater/bedrift-og-mosjonslag-mix-flest-menn-holmenkollstafetten-2025/
2025,bedrift og mosjonslag mix flest menn,112,7719,Antler,1:04:51,3891.0,https://www.sportsidioten.no/resultater/bedrift-og-mosjonslag-mix-flest-menn-holmenkollstafetten-2025/
2025,bedrift og mosjonslag mix flest menn,113,5237,Aider Elite (Aider),1:04:52,3892.0,https://www.sportsidioten.no/resultater/bedrift-og-mosjonslag-mix-flest-menn-holmenkollstafetten-2025/
2025,bedrift og mosjonslag mix flest menn,114,4046,PHS Running Club,1:04:53,3893.0,https://www.sportsidioten.no/resultater/bedrift-og-mosjonslag-mix-flest-menn-holmenkollstafetten-2025/
2025,bedrift og mosjonslag mix flest menn,115,4230,Team Celsia (Celsia),1:04:55,3895.0,https://www.sportsidioten.no/resultater/bedrift-og-mosjonslag-mix-flest-menn-holmenkollstafetten-2025/
2025,bedrift og mosjonslag mix flest menn,116,4216,FOSS Sport (FOSS Sport AS),1:04:57,3897.0,https://www.sportsidioten.no/resultater/bedrift-og-mosjonslag-mix-flest-menn-holmenkollstafetten-2025/
2025,bedrift og mosjonslag mix flest menn,117,6016,DNB Trondheim Elite (DNB),1:04:58,3898.0,https://www.sportsidioten.no/resultater/bedrift-og-mosjonslag-mix-flest-menn-holmenkollstafetten-2025/
2025,bedrift og mosjonslag mix flest menn,118,4051,Handelshøyskolen BI 1 (Handelshøyskolen BI),1:05:01,3901.0,https://www.sportsidioten.no/resultater/bedrift-og-mosjonslag-mix-flest-menn-holmenkollstafetten-2025/
2025,bedrift og mosjonslag mix flest menn,119,4222,twoday 1 (twoday),1:05:02,3902.0,https://www.sportsidioten.no/resultater/bedrift-og-mosjonslag-mix-flest-menn-holmenkollstafetten-2025/
2025,bedrift og mosjonslag mix flest menn,120,5905,BDO Romerike 1 (BDO AS),1:05:03,3903.0,https://www.sportsidioten.no/resultater/bedrift-og-mosjonslag-mix-flest-menn-holmenkollstafetten-2025/
2025,bedrift og mosjonslag mix flest menn,121,4248,Economic Mind,1:05:04,3904.0,https://www.sportsidioten.no/resultater/bedrift-og-mosjonslag-mix-flest-menn-holmenkollstafetten-2025/
2025,bedrift og mosjonslag mix flest menn,122,4057,Advokatfirmaet CLP 1 (Advokatfirmaet CLP DA),1:05:14,3914.0,https://www.sportsidioten.no/resultater/bedrift-og-mosjonslag-mix-flest-menn-holmenkollstafetten-2025/
2025,bedrift og mosjonslag mix flest menn,123,4208,Heimdall Power,1:05:23,3923.0,https://www.sportsidioten.no/resultater/bedrift-og-mosjonslag-mix-flest-menn-holmenkollstafetten-2025/
2025,bedrift og mosjonslag mix flest menn,124,5244,Gjensidige Sport Oslo (Gjensidige Forsikring ASA),1:05:28,3928.0,https://www.sportsidioten.no/resultater/bedrift-og-mosjonslag-mix-flest-menn-holmenkollstafetten-2025/
2025,bedrift og mosjonslag mix flest menn,125,4239,(©NTB) (Norsk Telegrambyrå (NTB)),1:05:33,3933.0,https://www.sportsidioten.no/resultater/bedrift-og-mosjonslag-mix-flest-menn-holmenkollstafetten-2025/
2025,bedrift og mosjonslag mix flest menn,126,4242,Sør-Vekkom Lauparlag 1 (Sør-Vekkom Lauparlag),1:05:35,3935.0,https://www.sportsidioten.no/resultater/bedrift-og-mosjonslag-mix-flest-menn-holmenkollstafetten-2025/
2025,bedrift og mosjonslag mix flest menn,127,4280,Kristelig Gymnasium Elever (Kristelig Gymnasium),1:05:37,3937.0,https://www.sportsidioten.no/resultater/bedrift-og-mosjonslag-mix-flest-menn-holmenkollstafetten-2025/
2025,bedrift og mosjonslag mix flest menn,128,4264,Team Einar,1:05:38,3938.0,https://www.sportsidioten.no/resultater/bedrift-og-mosjonslag-mix-flest-menn-holmenkollstafetten-2025/
2025,bedrift og mosjonslag mix flest menn,129,4243,Kearney,1:05:42,3942.0,https://www.sportsidioten.no/resultater/bedrift-og-mosjonslag-mix-flest-menn-holmenkollstafetten-2025/
2025,bedrift og mosjonslag mix flest menn,130,7720,Trafalgar (Wilhelmsen),1:05:43,3943.0,https://www.sportsidioten.no/resultater/bedrift-og-mosjonslag-mix-flest-menn-holmenkollstafetten-2025/
2025,bedrift og mosjonslag mix flest menn,131,6306,PwC Consulting 1 (PricewaterhouseCoopers),1:05:48,3948.0,https://www.sportsidioten.no/resultater/bedrift-og-mosjonslag-mix-flest-menn-holmenkollstafetten-2025/
2025,bedrift og mosjonslag mix flest menn,132,8665,Dr.Dropin 1 (Dr.Dropin AS),1:05:50,3950.0,https://www.sportsidioten.no/resultater/bedrift-og-mosjonslag-mix-flest-menn-holmenkollstafetten-2025/
2025,bedrift og mosjonslag mix flest menn,133,4247,Runtime Error,1:05:53,3953.0,https://www.sportsidioten.no/resultater/bedrift-og-mosjonslag-mix-flest-menn-holmenkollstafetten-2025/
2025,bedrift og mosjonslag mix flest menn,134,4235,"Echo Oslo (Oslo politidistrikt, UEH)",1:05:53,3953.0,https://www.sportsidioten.no/resultater/bedrift-og-mosjonslag-mix-flest-menn-holmenkollstafetten-2025/
2025,bedrift og mosjonslag mix flest menn,135,4240,Spenst Sørumsand,1:05:54,3954.0,https://www.sportsidioten.no/resultater/bedrift-og-mosjonslag-mix-flest-menn-holmenkollstafetten-2025/
2025,bedrift og mosjonslag mix flest menn,136,5605,ASKO OSLOFJORD 1 (NorgesGruppen ASA),1:05:55,3955.0,https://www.sportsidioten.no/resultater/bedrift-og-mosjonslag-mix-flest-menn-holmenkollstafetten-2025/
2025,bedrift og mosjonslag mix flest menn,137,4049,Pareto Bank 1 (Pareto Bank ASA),1:05:58,3958.0,https://www.sportsidioten.no/resultater/bedrift-og-mosjonslag-mix-flest-menn-holmenkollstafetten-2025/
2025,bedrift og mosjonslag mix flest menn,138,10209,Daimyo AS,1:05:59,3959.0,https://www.sportsidioten.no/resultater/bedrift-og-mosjonslag-mix-flest-menn-holmenkollstafetten-2025/
2025,bedrift og mosjonslag mix flest menn,139,5225,Helsedirektoratet S-laget (Helsedirektoratet),1:06:00,3960.0,https://www.sportsidioten.no/resultater/bedrift-og-mosjonslag-mix-flest-menn-holmenkollstafetten-2025/
2025,bedrift og mosjonslag mix flest menn,140,4076,UiO Matematisk institutt,1:06:07,3967.0,https://www.sportsidioten.no/resultater/bedrift-og-mosjonslag-mix-flest-menn-holmenkollstafetten-2025/
2025,bedrift og mosjonslag mix flest menn,141,5211,OUS Oncorunners (Oslo Universitetssykehus),1:06:07,3967.0,https://www.sportsidioten.no/resultater/bedrift-og-mosjonslag-mix-flest-menn-holmenkollstafetten-2025/
2025,bedrift og mosjonslag mix flest menn,142,4045,SANDS Advokatfirma DA,1:06:09,3969.0,https://www.sportsidioten.no/resultater/bedrift-og-mosjonslag-mix-flest-menn-holmenkollstafetten-2025/
2025,bedrift og mosjonslag mix flest menn,143,5459,Statsbygg BIL 1 (Statsbygg),1:06:09,3969.0,https://www.sportsidioten.no/resultater/bedrift-og-mosjonslag-mix-flest-menn-holmenkollstafetten-2025/
2025,bedrift og mosjonslag mix flest menn,144,4234,Amer Sports,1:06:11,3971.0,https://www.sportsidioten.no/resultater/bedrift-og-mosjonslag-mix-flest-menn-holmenkollstafetten-2025/
2025,bedrift og mosjonslag mix flest menn,145,4061,Advokatfirmaet Føyen 1,1:06:17,3977.0,https://www.sportsidioten.no/resultater/bedrift-og-mosjonslag-mix-flest-menn-holmenkollstafetten-2025/
2025,bedrift og mosjonslag mix flest menn,146,6906,Avosome (Avo Consulting),1:06:20,3980.0,https://www.sportsidioten.no/resultater/bedrift-og-mosjonslag-mix-flest-menn-holmenkollstafetten-2025/
2025,bedrift og mosjonslag mix flest menn,147,10622,OHGutta (Vennegjeng),1:06:22,3982.0,https://www.sportsidioten.no/resultater/bedrift-og-mosjonslag-mix-flest-menn-holmenkollstafetten-2025/
2025,bedrift og mosjonslag mix flest menn,148,5606,ASKO HEDMARK 1 (NorgesGruppen ASA),1:06:23,3983.0,https://www.sportsidioten.no/resultater/bedrift-og-mosjonslag-mix-flest-menn-holmenkollstafetten-2025/
2025,bedrift og mosjonslag mix flest menn,149,4206,BearingPoint 1 (BearingPoint Norge AS),1:06:27,3987.0,https://www.sportsidioten.no/resultater/bedrift-og-mosjonslag-mix-flest-menn-holmenkollstafetten-2025/
2025,bedrift og mosjonslag mix flest menn,150,4069,mnemonic mobil 1.0 (mnemonic AS),1:06:32,3992.0,https://www.sportsidioten.no/resultater/bedrift-og-mosjonslag-mix-flest-menn-holmenkollstafetten-2025/
2025,bedrift og mosjonslag mix flest menn,151,7006,Framsikt AS,1:06:38,3998.0,https://www.sportsidioten.no/resultater/bedrift-og-mosjonslag-mix-flest-menn-holmenkollstafetten-2025/
2025,bedrift og mosjonslag mix flest menn,152,4213,Ultimate Nordic AS,1:06:43,4003.0,https://www.sportsidioten.no/resultater/bedrift-og-mosjonslag-mix-flest-menn-holmenkollstafetten-2025/
2025,bedrift og mosjonslag mix flest menn,153,5608,KIWI 1 (NORGESGRUPPEN ASA),1:06:43,4003.0,https://www.sportsidioten.no/resultater/bedrift-og-mosjonslag-mix-flest-menn-holmenkollstafetten-2025/
2025,bedrift og mosjonslag mix flest menn,154,6282,Deloitte 25 (Deloitte BIL),1:06:43,4003.0,https://www.sportsidioten.no/resultater/bedrift-og-mosjonslag-mix-flest-menn-holmenkollstafetten-2025/
2025,bedrift og mosjonslag mix flest menn,155,5273,Prokura (Prokura AS),1:06:48,4008.0,https://www.sportsidioten.no/resultater/bedrift-og-mosjonslag-mix-flest-menn-holmenkollstafetten-2025/
2025,bedrift og mosjonslag mix flest menn,156,10224,Arctic 1 2 (Arctic Securities AS),1:06:50,4010.0,https://www.sportsidioten.no/resultater/bedrift-og-mosjonslag-mix-flest-menn-holmenkollstafetten-2025/
2025,bedrift og mosjonslag mix flest menn,157,5234,Söderberg & Partners 1 1 (Söderberg & Partners),1:06:52,4012.0,https://www.sportsidioten.no/resultater/bedrift-og-mosjonslag-mix-flest-menn-holmenkollstafetten-2025/
2025,bedrift og mosjonslag mix flest menn,158,4238,Hovedorganisasjonen Virke 1 (Hovedorganisasjonen Virke),1:06:55,4015.0,https://www.sportsidioten.no/resultater/bedrift-og-mosjonslag-mix-flest-menn-holmenkollstafetten-2025/
2025,bedrift og mosjonslag mix flest menn,159,6202,Deloitte 1 (Deloitte BIL),1:06:57,4017.0,https://www.sportsidioten.no/resultater/bedrift-og-mosjonslag-mix-flest-menn-holmenkollstafetten-2025/
2025,bedrift og mosjonslag mix flest menn,160,6206,KPMG AS Customer & Operations 1 (KPMG AS),1:06:57,4017.0,https://www.sportsidioten.no/resultater/bedrift-og-mosjonslag-mix-flest-menn-holmenkollstafetten-2025/
2025,bedrift og mosjonslag mix flest menn,161,5895,BDO Business Services – Digital 1 (BDO AS),1:06:57,4017.0,https://www.sportsidioten.no/resultater/bedrift-og-mosjonslag-mix-flest-menn-holmenkollstafetten-2025/
2025,bedrift og mosjonslag mix flest menn,162,6207,Gard AS 1 (Gard AS),1:06:58,4018.0,https://www.sportsidioten.no/resultater/bedrift-og-mosjonslag-mix-flest-menn-holmenkollstafetten-2025/
2025,bedrift og mosjonslag mix flest menn,163,6407,EY BIL Finance Consulting (EY),1:06:59,4019.0,https://www.sportsidioten.no/resultater/bedrift-og-mosjonslag-mix-flest-menn-holmenkollstafetten-2025/
2025,bedrift og mosjonslag mix flest menn,164,6898,EY Trondheim,1:07:00,4020.0,https://www.sportsidioten.no/resultater/bedrift-og-mosjonslag-mix-flest-menn-holmenkollstafetten-2025/
2025,bedrift og mosjonslag mix flest menn,165,5212,Advokatfirmaet Thallaug,1:07:00,4020.0,https://www.sportsidioten.no/resultater/bedrift-og-mosjonslag-mix-flest-menn-holmenkollstafetten-2025/
2025,bedrift og mosjonslag mix flest menn,166,5463,SK Holding 2 (E-Wheels Norge AS),1:07:01,4021.0,https://www.sportsidioten.no/resultater/bedrift-og-mosjonslag-mix-flest-menn-holmenkollstafetten-2025/
2025,bedrift og mosjonslag mix flest menn,167,4244,Aker BP 2 (Aker BP),1:07:03,4023.0,https://www.sportsidioten.no/resultater/bedrift-og-mosjonslag-mix-flest-menn-holmenkollstafetten-2025/
2025,bedrift og mosjonslag mix flest menn,168,5261,CBRE Elite (CBRE),1:07:03,4023.0,https://www.sportsidioten.no/resultater/bedrift-og-mosjonslag-mix-flest-menn-holmenkollstafetten-2025/
2025,bedrift og mosjonslag mix flest menn,169,5240,Høydalsmo Idrottslag,1:07:06,4026.0,https://www.sportsidioten.no/resultater/bedrift-og-mosjonslag-mix-flest-menn-holmenkollstafetten-2025/
2025,bedrift og mosjonslag mix flest menn,170,4259,Kommunalbanken,1:07:06,4026.0,https://www.sportsidioten.no/resultater/bedrift-og-mosjonslag-mix-flest-menn-holmenkollstafetten-2025/
2025,bedrift og mosjonslag mix flest menn,171,5438,Odin Forvaltning,1:07:07,4027.0,https://www.sportsidioten.no/resultater/bedrift-og-mosjonslag-mix-flest-menn-holmenkollstafetten-2025/
2025,bedrift og mosjonslag mix flest menn,172,10300,KWC (KWC AS),1:07:10,4030.0,https://www.sportsidioten.no/resultater/bedrift-og-mosjonslag-mix-flest-menn-holmenkollstafetten-2025/
2025,bedrift og mosjonslag mix flest menn,173,4064,Askeladden & Co – Elite (Askeladden & Co AS),1:07:12,4032.0,https://www.sportsidioten.no/resultater/bedrift-og-mosjonslag-mix-flest-menn-holmenkollstafetten-2025/
2025,bedrift og mosjonslag mix flest menn,174,5457,Valler vgs (Valler videregående skole),1:07:13,4033.0,https://www.sportsidioten.no/resultater/bedrift-og-mosjonslag-mix-flest-menn-holmenkollstafetten-2025/
2025,bedrift og mosjonslag mix flest menn,175,6208,KPMG AS ADC 1 (KPMG AS),1:07:17,4037.0,https://www.sportsidioten.no/resultater/bedrift-og-mosjonslag-mix-flest-menn-holmenkollstafetten-2025/
2025,bedrift og mosjonslag mix flest menn,176,5450,Mittanbud 1 (Mittanbud Marketplaces AS),1:07:20,4040.0,https://www.sportsidioten.no/resultater/bedrift-og-mosjonslag-mix-flest-menn-holmenkollstafetten-2025/
2025,bedrift og mosjonslag mix flest menn,177,4271,Rambøll Geolaget (Rambøll Norge AS),1:07:24,4044.0,https://www.sportsidioten.no/resultater/bedrift-og-mosjonslag-mix-flest-menn-holmenkollstafetten-2025/
2025,bedrift og mosjonslag mix flest menn,178,11702,Domstolene i Oslo 1 (Domstolene i Oslo),1:07:25,4045.0,https://www.sportsidioten.no/resultater/bedrift-og-mosjonslag-mix-flest-menn-holmenkollstafetten-2025/
2025,bedrift og mosjonslag mix flest menn,179,5278,4Subsea,1:07:37,4057.0,https://www.sportsidioten.no/resultater/bedrift-og-mosjonslag-mix-flest-menn-holmenkollstafetten-2025/
2025,bedrift og mosjonslag mix flest menn,180,6216,KLP 7 (KLP),1:07:38,4058.0,https://www.sportsidioten.no/resultater/bedrift-og-mosjonslag-mix-flest-menn-holmenkollstafetten-2025/
2025,bedrift og mosjonslag mix flest menn,181,10663,KLDBIL – Klima- og miljødepartementet (Klima- og miljødepartementet),1:07:40,4060.0,https://www.sportsidioten.no/resultater/bedrift-og-mosjonslag-mix-flest-menn-holmenkollstafetten-2025/
2025,bedrift og mosjonslag mix flest menn,182,6316,PwC Tromsø (PricewaterhouseCoopers),1:07:44,4064.0,https://www.sportsidioten.no/resultater/bedrift-og-mosjonslag-mix-flest-menn-holmenkollstafetten-2025/
2025,bedrift og mosjonslag mix flest menn,183,4217,Team Jordanes 1 (Scandza Norge AS),1:07:46,4066.0,https://www.sportsidioten.no/resultater/bedrift-og-mosjonslag-mix-flest-menn-holmenkollstafetten-2025/
2025,bedrift og mosjonslag mix flest menn,184,6317,PwC Trust 2 #1 (PricewaterhouseCoopers),1:07:47,4067.0,https://www.sportsidioten.no/resultater/bedrift-og-mosjonslag-mix-flest-menn-holmenkollstafetten-2025/
2025,bedrift og mosjonslag mix flest menn,185,5295,Geodata BIL 1 (Geodata AS),1:07:48,4068.0,https://www.sportsidioten.no/resultater/bedrift-og-mosjonslag-mix-flest-menn-holmenkollstafetten-2025/
2025,bedrift og mosjonslag mix flest menn,186,7699,Equinor SBIL Mix 1 2 (Equinor),1:07:49,4069.0,https://www.sportsidioten.no/resultater/bedrift-og-mosjonslag-mix-flest-menn-holmenkollstafetten-2025/
2025,bedrift og mosjonslag mix flest menn,187,4205,Holte Consulting,1:07:52,4072.0,https://www.sportsidioten.no/resultater/bedrift-og-mosjonslag-mix-flest-menn-holmenkollstafetten-2025/
2025,bedrift og mosjonslag mix flest menn,188,5290,Valle Hovin videregående skole,1:07:52,4072.0,https://www.sportsidioten.no/resultater/bedrift-og-mosjonslag-mix-flest-menn-holmenkollstafetten-2025/
2025,bedrift og mosjonslag mix flest menn,189,5204,KDA Advanced Solutions 1 (Kongsberg Defence & Aerospace),1:07:52,4072.0,https://www.sportsidioten.no/resultater/bedrift-og-mosjonslag-mix-flest-menn-holmenkollstafetten-2025/
2025,bedrift og mosjonslag mix flest menn,190,7202,Nordea BB Region Oslo (Nordea),1:07:54,4074.0,https://www.sportsidioten.no/resultater/bedrift-og-mosjonslag-mix-flest-menn-holmenkollstafetten-2025/
2025,bedrift og mosjonslag mix flest menn,191,5228,XXL Sport og Villmark – HQ (XXL Sport og Villmark AS),1:07:56,4076.0,https://www.sportsidioten.no/resultater/bedrift-og-mosjonslag-mix-flest-menn-holmenkollstafetten-2025/
2025,bedrift og mosjonslag mix flest menn,192,4231,Knowit Experience Oslo,1:07:58,4078.0,https://www.sportsidioten.no/resultater/bedrift-og-mosjonslag-mix-flest-menn-holmenkollstafetten-2025/
2025,bedrift og mosjonslag mix flest menn,193,5297,Oslo Handelsgymnasium-Lærerne (Oslo Handelsgymnasium),1:07:59,4079.0,https://www.sportsidioten.no/resultater/bedrift-og-mosjonslag-mix-flest-menn-holmenkollstafetten-2025/
2025,bedrift og mosjonslag mix flest menn,194,6277,Deloitte 17 (Deloitte BIL),1:07:59,4079.0,https://www.sportsidioten.no/resultater/bedrift-og-mosjonslag-mix-flest-menn-holmenkollstafetten-2025/
2025,bedrift og mosjonslag mix flest menn,195,6608,Unloc (Unloc AS),1:07:59,4079.0,https://www.sportsidioten.no/resultater/bedrift-og-mosjonslag-mix-flest-menn-holmenkollstafetten-2025/
2025,bedrift og mosjonslag mix flest menn,196,5604,ASKO ØST 1 (NorgesGruppen ASA),1:07:59,4079.0,https://www.sportsidioten.no/resultater/bedrift-og-mosjonslag-mix-flest-menn-holmenkollstafetten-2025/
2025,bedrift og mosjonslag mix flest menn,197,5426,FOPIL – IØPS (Staten),1:08:01,4081.0,https://www.sportsidioten.no/resultater/bedrift-og-mosjonslag-mix-flest-menn-holmenkollstafetten-2025/
2025,bedrift og mosjonslag mix flest menn,198,5284,Equinor Deep and Harsh (Equinor),1:08:02,4082.0,https://www.sportsidioten.no/resultater/bedrift-og-mosjonslag-mix-flest-menn-holmenkollstafetten-2025/
2025,bedrift og mosjonslag mix flest menn,199,10911,OmniMod,1:08:06,4086.0,https://www.sportsidioten.no/resultater/bedrift-og-mosjonslag-mix-flest-menn-holmenkollstafetten-2025/
2025,bedrift og mosjonslag mix flest menn,200,9458,Aibel Asker BIL 2 (Aibel AS),1:08:10,4090.0,https://www.sportsidioten.no/resultater/bedrift-og-mosjonslag-mix-flest-menn-holmenkollstafetten-2025/
2025,bedrift og mosjonslag mix flest menn,201,6237,KPMG AS Financial Services (KPMG AS),1:08:10,4090.0,https://www.sportsidioten.no/resultater/bedrift-og-mosjonslag-mix-flest-menn-holmenkollstafetten-2025/
2025,bedrift og mosjonslag mix flest menn,202,4214,NVE 1 (Norges vassdrags- og energidirektorat),1:08:11,4091.0,https://www.sportsidioten.no/resultater/bedrift-og-mosjonslag-mix-flest-menn-holmenkollstafetten-2025/
2025,bedrift og mosjonslag mix flest menn,203,10630,Landkreditt 1 (Landkreditt Bank AS),1:08:12,4092.0,https://www.sportsidioten.no/resultater/bedrift-og-mosjonslag-mix-flest-menn-holmenkollstafetten-2025/
2025,bedrift og mosjonslag mix flest menn,204,4204,Circle K 1 1 (Circle K),1:08:13,4093.0,https://www.sportsidioten.no/resultater/bedrift-og-mosjonslag-mix-flest-menn-holmenkollstafetten-2025/
2025,bedrift og mosjonslag mix flest menn,205,11289,Majorstua janitsjar 1 2 (Majorstua janitsjar),1:08:14,4094.0,https://www.sportsidioten.no/resultater/bedrift-og-mosjonslag-mix-flest-menn-holmenkollstafetten-2025/
2025,bedrift og mosjonslag mix flest menn,206,11824,Advokatfirmaet Glittertind (Advokatfirmaet Glittertind AS),1:08:14,4094.0,https://www.sportsidioten.no/resultater/bedrift-og-mosjonslag-mix-flest-menn-holmenkollstafetten-2025/
2025,bedrift og mosjonslag mix flest menn,207,4263,Akershus Eiendom,1:08:14,4094.0,https://www.sportsidioten.no/resultater/bedrift-og-mosjonslag-mix-flest-menn-holmenkollstafetten-2025/
2025,bedrift og mosjonslag mix flest menn,208,4266,Vitamin Well Norge (Vitamin Well),1:08:15,4095.0,https://www.sportsidioten.no/resultater/bedrift-og-mosjonslag-mix-flest-menn-holmenkollstafetten-2025/
2025,bedrift og mosjonslag mix flest menn,209,4050,Regjeringsadvokaten,1:08:18,4098.0,https://www.sportsidioten.no/resultater/bedrift-og-mosjonslag-mix-flest-menn-holmenkollstafetten-2025/
2025,bedrift og mosjonslag mix flest menn,210,5602,NG KI 1 (NORGESGRUPPEN ASA),1:08:20,4100.0,https://www.sportsidioten.no/resultater/bedrift-og-mosjonslag-mix-flest-menn-holmenkollstafetten-2025/
2025,bedrift og mosjonslag mix flest menn,211,7048,HENT AS – LVB (HENT AS),1:08:20,4100.0,https://www.sportsidioten.no/resultater/bedrift-og-mosjonslag-mix-flest-menn-holmenkollstafetten-2025/
2025,bedrift og mosjonslag mix flest menn,212,11045,BAJER,1:08:22,4102.0,https://www.sportsidioten.no/resultater/bedrift-og-mosjonslag-mix-flest-menn-holmenkollstafetten-2025/
2025,bedrift og mosjonslag mix flest menn,213,5458,Kringsjå skole (Barneskole),1:08:22,4102.0,https://www.sportsidioten.no/resultater/bedrift-og-mosjonslag-mix-flest-menn-holmenkollstafetten-2025/
2025,bedrift og mosjonslag mix flest menn,214,4058,Kredinor 1 (Kredinor AS),1:08:24,4104.0,https://www.sportsidioten.no/resultater/bedrift-og-mosjonslag-mix-flest-menn-holmenkollstafetten-2025/
2025,bedrift og mosjonslag mix flest menn,215,6648,Wolt (Wolt Norway AS),1:08:28,4108.0,https://www.sportsidioten.no/resultater/bedrift-og-mosjonslag-mix-flest-menn-holmenkollstafetten-2025/
2025,bedrift og mosjonslag mix flest menn,216,11643,Trønderbataljonen (Norsk Lut),1:08:29,4109.0,https://www.sportsidioten.no/resultater/bedrift-og-mosjonslag-mix-flest-menn-holmenkollstafetten-2025/
2025,bedrift og mosjonslag mix flest menn,217,5219,Team Fåsetbru/Sandtrøen/Kildal,1:08:32,4112.0,https://www.sportsidioten.no/resultater/bedrift-og-mosjonslag-mix-flest-menn-holmenkollstafetten-2025/
2025,bedrift og mosjonslag mix flest menn,218,5440,Finanstilsynet 1 (Finanstilsynet),1:08:36,4116.0,https://www.sportsidioten.no/resultater/bedrift-og-mosjonslag-mix-flest-menn-holmenkollstafetten-2025/
2025,bedrift og mosjonslag mix flest menn,219,5908,BDO Salg (BDO AS),1:08:38,4118.0,https://www.sportsidioten.no/resultater/bedrift-og-mosjonslag-mix-flest-menn-holmenkollstafetten-2025/
2025,bedrift og mosjonslag mix flest menn,220,12077,Langesund Tri,1:08:43,4123.0,https://www.sportsidioten.no/resultater/bedrift-og-mosjonslag-mix-flest-menn-holmenkollstafetten-2025/
2025,bedrift og mosjonslag mix flest menn,221,6249,KPMG Forensic 1 (KPMG AS),1:08:43,4123.0,https://www.sportsidioten.no/resultater/bedrift-og-mosjonslag-mix-flest-menn-holmenkollstafetten-2025/
2025,bedrift og mosjonslag mix flest menn,222,5243,Lovisenberg Medisin Leger (Lovisenberg Diakonale sykehus),1:08:44,4124.0,https://www.sportsidioten.no/resultater/bedrift-og-mosjonslag-mix-flest-menn-holmenkollstafetten-2025/
2025,bedrift og mosjonslag mix flest menn,223,12267,Møller Bil x MMG avd Teppeland (Møller Bil x MMG),1:08:45,4125.0,https://www.sportsidioten.no/resultater/bedrift-og-mosjonslag-mix-flest-menn-holmenkollstafetten-2025/
2025,bedrift og mosjonslag mix flest menn,224,10470,Orkla Foods Norge 3 (Orkla Foods Norge),1:08:45,4125.0,https://www.sportsidioten.no/resultater/bedrift-og-mosjonslag-mix-flest-menn-holmenkollstafetten-2025/
2025,bedrift og mosjonslag mix flest menn,225,6009,DNB Energy (DNB),1:08:46,4126.0,https://www.sportsidioten.no/resultater/bedrift-og-mosjonslag-mix-flest-menn-holmenkollstafetten-2025/
2025,bedrift og mosjonslag mix flest menn,226,4273,Running Scared,1:08:46,4126.0,https://www.sportsidioten.no/resultater/bedrift-og-mosjonslag-mix-flest-menn-holmenkollstafetten-2025/
2025,bedrift og mosjonslag mix flest menn,227,11484,Nordvik Bolig (Nordvik Bolig AS),1:08:47,4127.0,https://www.sportsidioten.no/resultater/bedrift-og-mosjonslag-mix-flest-menn-holmenkollstafetten-2025/
2025,bedrift og mosjonslag mix flest menn,228,6708,DNB Carnegie Old Guns (DNB Markets),1:08:48,4128.0,https://www.sportsidioten.no/resultater/bedrift-og-mosjonslag-mix-flest-menn-holmenkollstafetten-2025/
2025,bedrift og mosjonslag mix flest menn,229,6504,Bekk 5 (Bekk Consulting AS),1:08:48,4128.0,https://www.sportsidioten.no/resultater/bedrift-og-mosjonslag-mix-flest-menn-holmenkollstafetten-2025/
2025,bedrift og mosjonslag mix flest menn,230,5736,MENY Brotorvet Grønn 1 (NORGESGRUPPEN ASA),1:08:48,4128.0,https://www.sportsidioten.no/resultater/bedrift-og-mosjonslag-mix-flest-menn-holmenkollstafetten-2025/
2025,bedrift og mosjonslag mix flest menn,231,6812,Bayer AS 1 (Bayer AS),1:08:51,4131.0,https://www.sportsidioten.no/resultater/bedrift-og-mosjonslag-mix-flest-menn-holmenkollstafetten-2025/
2025,bedrift og mosjonslag mix flest menn,232,5257,Advokatfirmaet Selmer 1 1 (Advokatfirmaet Selmer AS),1:08:51,4131.0,https://www.sportsidioten.no/resultater/bedrift-og-mosjonslag-mix-flest-menn-holmenkollstafetten-2025/
2025,bedrift og mosjonslag mix flest menn,233,8001,Fredensborg (Heimstaden Group Norway AS),1:08:53,4133.0,https://www.sportsidioten.no/resultater/bedrift-og-mosjonslag-mix-flest-menn-holmenkollstafetten-2025/
2025,bedrift og mosjonslag mix flest menn,234,5258,Stovner videregående skole 1 (Stovner vgs),1:08:53,4133.0,https://www.sportsidioten.no/resultater/bedrift-og-mosjonslag-mix-flest-menn-holmenkollstafetten-2025/
2025,bedrift og mosjonslag mix flest menn,235,7207,Nordea Markets + LC&I (Nordea Markets),1:08:55,4135.0,https://www.sportsidioten.no/resultater/bedrift-og-mosjonslag-mix-flest-menn-holmenkollstafetten-2025/
2025,bedrift og mosjonslag mix flest menn,236,4262,FrontRunners (Frontline),1:08:56,4136.0,https://www.sportsidioten.no/resultater/bedrift-og-mosjonslag-mix-flest-menn-holmenkollstafetten-2025/
2025,bedrift og mosjonslag mix flest menn,237,5232,Differ Strategy Consulting,1:08:59,4139.0,https://www.sportsidioten.no/resultater/bedrift-og-mosjonslag-mix-flest-menn-holmenkollstafetten-2025/
2025,bedrift og mosjonslag mix flest menn,238,4229,FINBIL 1 (Finansdepartementet),1:09:00,4140.0,https://www.sportsidioten.no/resultater/bedrift-og-mosjonslag-mix-flest-menn-holmenkollstafetten-2025/
2025,bedrift og mosjonslag mix flest menn,239,7227,Kinver Run Club (Kinver),1:09:02,4142.0,https://www.sportsidioten.no/resultater/bedrift-og-mosjonslag-mix-flest-menn-holmenkollstafetten-2025/
2025,bedrift og mosjonslag mix flest menn,240,5892,"BDO Revisjon – Bygg, Anlegg og Teknologi 1 (BDO AS)",1:09:05,4145.0,https://www.sportsidioten.no/resultater/bedrift-og-mosjonslag-mix-flest-menn-holmenkollstafetten-2025/
2025,bedrift og mosjonslag mix flest menn,241,5296,Kongsvinger politiidrettslag (KPIL) (Innlandet politidistrikt),1:09:06,4146.0,https://www.sportsidioten.no/resultater/bedrift-og-mosjonslag-mix-flest-menn-holmenkollstafetten-2025/
2025,bedrift og mosjonslag mix flest menn,242,12100,Schibsted Media 1 2 (Schibsted Media AS),1:09:06,4146.0,https://www.sportsidioten.no/resultater/bedrift-og-mosjonslag-mix-flest-menn-holmenkollstafetten-2025/
2025,bedrift og mosjonslag mix flest menn,243,6013,DNB BMN Østlandet (DNB),1:09:06,4146.0,https://www.sportsidioten.no/resultater/bedrift-og-mosjonslag-mix-flest-menn-holmenkollstafetten-2025/
2025,bedrift og mosjonslag mix flest menn,244,5609,ASKO ROGALAND 1 (NorgesGruppen ASA),1:09:08,4148.0,https://www.sportsidioten.no/resultater/bedrift-og-mosjonslag-mix-flest-menn-holmenkollstafetten-2025/
2025,bedrift og mosjonslag mix flest menn,245,4201,Entra BIL (Entra ASA),1:09:08,4148.0,https://www.sportsidioten.no/resultater/bedrift-og-mosjonslag-mix-flest-menn-holmenkollstafetten-2025/
2025,bedrift og mosjonslag mix flest menn,246,11249,PrivatMegleren Aksept,1:09:10,4150.0,https://www.sportsidioten.no/resultater/bedrift-og-mosjonslag-mix-flest-menn-holmenkollstafetten-2025/
2025,bedrift og mosjonslag mix flest menn,247,5224,Kernel AS,1:09:11,4151.0,https://www.sportsidioten.no/resultater/bedrift-og-mosjonslag-mix-flest-menn-holmenkollstafetten-2025/
2025,bedrift og mosjonslag mix flest menn,248,8002,DNV Pipeliners (DNV),1:09:11,4151.0,https://www.sportsidioten.no/resultater/bedrift-og-mosjonslag-mix-flest-menn-holmenkollstafetten-2025/
2025,bedrift og mosjonslag mix flest menn,249,6643,BearingPoint Capital,1:09:13,4153.0,https://www.sportsidioten.no/resultater/bedrift-og-mosjonslag-mix-flest-menn-holmenkollstafetten-2025/
2025,bedrift og mosjonslag mix flest menn,250,7268,Turbo Trainees (Statkraft),1:09:14,4154.0,https://www.sportsidioten.no/resultater/bedrift-og-mosjonslag-mix-flest-menn-holmenkollstafetten-2025/
2025,bedrift og mosjonslag mix flest menn,251,5246,Evidi AS – Lag 1 (Evidi AS),1:09:14,4154.0,https://www.sportsidioten.no/resultater/bedrift-og-mosjonslag-mix-flest-menn-holmenkollstafetten-2025/
2025,bedrift og mosjonslag mix flest menn,252,5896,BDO Risk Advisory Service (BDO AS),1:09:15,4155.0,https://www.sportsidioten.no/resultater/bedrift-og-mosjonslag-mix-flest-menn-holmenkollstafetten-2025/
2025,bedrift og mosjonslag mix flest menn,253,11282,Helgerud Runners,1:09:16,4156.0,https://www.sportsidioten.no/resultater/bedrift-og-mosjonslag-mix-flest-menn-holmenkollstafetten-2025/
2025,bedrift og mosjonslag mix flest menn,254,6618,REQ,1:09:17,4157.0,https://www.sportsidioten.no/resultater/bedrift-og-mosjonslag-mix-flest-menn-holmenkollstafetten-2025/
2025,bedrift og mosjonslag mix flest menn,255,5478,Gungnir of Norway (Gungnir AS),1:09:18,4158.0,https://www.sportsidioten.no/resultater/bedrift-og-mosjonslag-mix-flest-menn-holmenkollstafetten-2025/
2025,bedrift og mosjonslag mix flest menn,256,6004,DNB Markets Securities Services (DNB),1:09:18,4158.0,https://www.sportsidioten.no/resultater/bedrift-og-mosjonslag-mix-flest-menn-holmenkollstafetten-2025/
2025,bedrift og mosjonslag mix flest menn,257,5217,Rykkinnskauen Friidrettslag,1:09:20,4160.0,https://www.sportsidioten.no/resultater/bedrift-og-mosjonslag-mix-flest-menn-holmenkollstafetten-2025/
2025,bedrift og mosjonslag mix flest menn,258,4236,Global Maritime (Global Maritime AS),1:09:22,4162.0,https://www.sportsidioten.no/resultater/bedrift-og-mosjonslag-mix-flest-menn-holmenkollstafetten-2025/
2025,bedrift og mosjonslag mix flest menn,259,6816,Trifid (Trifid Norge AS),1:09:23,4163.0,https://www.sportsidioten.no/resultater/bedrift-og-mosjonslag-mix-flest-menn-holmenkollstafetten-2025/
2025,bedrift og mosjonslag mix flest menn,260,8671,RSM Norge 1 (RSM Norge AS),1:09:23,4163.0,https://www.sportsidioten.no/resultater/bedrift-og-mosjonslag-mix-flest-menn-holmenkollstafetten-2025/
2025,bedrift og mosjonslag mix flest menn,261,4224,"Euronext Securities & Oslo Børs (Euronext Oslo Børs, Euronext Securities)",1:09:24,4164.0,https://www.sportsidioten.no/resultater/bedrift-og-mosjonslag-mix-flest-menn-holmenkollstafetten-2025/
2025,bedrift og mosjonslag mix flest menn,262,4219,SATS,1:09:25,4165.0,https://www.sportsidioten.no/resultater/bedrift-og-mosjonslag-mix-flest-menn-holmenkollstafetten-2025/
2025,bedrift og mosjonslag mix flest menn,263,4210,Eik & Friends (Eik Norge),1:09:26,4166.0,https://www.sportsidioten.no/resultater/bedrift-og-mosjonslag-mix-flest-menn-holmenkollstafetten-2025/
2025,bedrift og mosjonslag mix flest menn,264,10062,TV 2 Sporten,1:09:26,4166.0,https://www.sportsidioten.no/resultater/bedrift-og-mosjonslag-mix-flest-menn-holmenkollstafetten-2025/
2025,bedrift og mosjonslag mix flest menn,265,5403,Azets Consulting (Azets Consulting AS),1:09:26,4166.0,https://www.sportsidioten.no/resultater/bedrift-og-mosjonslag-mix-flest-menn-holmenkollstafetten-2025/
2025,bedrift og mosjonslag mix flest menn,266,4254,Forte Digital 1 (Forte Digital AS),1:09:27,4167.0,https://www.sportsidioten.no/resultater/bedrift-og-mosjonslag-mix-flest-menn-holmenkollstafetten-2025/
2025,bedrift og mosjonslag mix flest menn,267,4223,Tikampen.no,1:09:27,4167.0,https://www.sportsidioten.no/resultater/bedrift-og-mosjonslag-mix-flest-menn-holmenkollstafetten-2025/
2025,bedrift og mosjonslag mix flest menn,268,6270,Deloitte 24 (Deloitte BIL),1:09:27,4167.0,https://www.sportsidioten.no/resultater/bedrift-og-mosjonslag-mix-flest-menn-holmenkollstafetten-2025/
2025,bedrift og mosjonslag mix flest menn,269,5404,SPK 1 (SPK),1:09:28,4168.0,https://www.sportsidioten.no/resultater/bedrift-og-mosjonslag-mix-flest-menn-holmenkollstafetten-2025/
2025,bedrift og mosjonslag mix flest menn,270,6406,EY BIL FA + Ccass Lag 1 (EY),1:09:30,4170.0,https://www.sportsidioten.no/resultater/bedrift-og-mosjonslag-mix-flest-menn-holmenkollstafetten-2025/
2025,bedrift og mosjonslag mix flest menn,271,5210,THEMActive (THEMA Consulting Group),1:09:32,4172.0,https://www.sportsidioten.no/resultater/bedrift-og-mosjonslag-mix-flest-menn-holmenkollstafetten-2025/
2025,bedrift og mosjonslag mix flest menn,272,6676,IGnite & Run 2.0 (Telenor),1:09:34,4174.0,https://www.sportsidioten.no/resultater/bedrift-og-mosjonslag-mix-flest-menn-holmenkollstafetten-2025/
2025,bedrift og mosjonslag mix flest menn,273,5897,BDO Samfunns- og forretningsutvikling (BDO AS),1:09:35,4175.0,https://www.sportsidioten.no/resultater/bedrift-og-mosjonslag-mix-flest-menn-holmenkollstafetten-2025/
2025,bedrift og mosjonslag mix flest menn,274,6418,EY BIL Shipping 1 (EY),1:09:35,4175.0,https://www.sportsidioten.no/resultater/bedrift-og-mosjonslag-mix-flest-menn-holmenkollstafetten-2025/
2025,bedrift og mosjonslag mix flest menn,275,11409,Sopra Steria RaaS (Sopra Steria),1:09:36,4176.0,https://www.sportsidioten.no/resultater/bedrift-og-mosjonslag-mix-flest-menn-holmenkollstafetten-2025/
2025,bedrift og mosjonslag mix flest menn,276,5828,Crayon Consulting 1 (Crayon AS),1:09:36,4176.0,https://www.sportsidioten.no/resultater/bedrift-og-mosjonslag-mix-flest-menn-holmenkollstafetten-2025/
2025,bedrift og mosjonslag mix flest menn,277,5831,Norsk Gjenvinning 1 (Norsk Gjenvinning AS),1:09:37,4177.0,https://www.sportsidioten.no/resultater/bedrift-og-mosjonslag-mix-flest-menn-holmenkollstafetten-2025/
2025,bedrift og mosjonslag mix flest menn,278,7914,TGS ASA 2 (TGS ASA),1:09:39,4179.0,https://www.sportsidioten.no/resultater/bedrift-og-mosjonslag-mix-flest-menn-holmenkollstafetten-2025/
2025,bedrift og mosjonslag mix flest menn,279,4032,Sankthanshaugen løpeklubb 1 (Sankthanshaugen løpeklubb),1:09:40,4180.0,https://www.sportsidioten.no/resultater/bedrift-og-mosjonslag-mix-flest-menn-holmenkollstafetten-2025/
2025,bedrift og mosjonslag mix flest menn,280,5498,CTMS,1:09:42,4182.0,https://www.sportsidioten.no/resultater/bedrift-og-mosjonslag-mix-flest-menn-holmenkollstafetten-2025/
2025,bedrift og mosjonslag mix flest menn,281,5447,Inocean Wave Runners (Inocean AS),1:09:44,4184.0,https://www.sportsidioten.no/resultater/bedrift-og-mosjonslag-mix-flest-menn-holmenkollstafetten-2025/
2025,bedrift og mosjonslag mix flest menn,282,4215,PIL (Teledyne FLIR),1:09:46,4186.0,https://www.sportsidioten.no/resultater/bedrift-og-mosjonslag-mix-flest-menn-holmenkollstafetten-2025/
2025,bedrift og mosjonslag mix flest menn,283,7007,Visma Software 1 (Visma Software AS),1:09:47,4187.0,https://www.sportsidioten.no/resultater/bedrift-og-mosjonslag-mix-flest-menn-holmenkollstafetten-2025/
2025,bedrift og mosjonslag mix flest menn,284,4250,FOAK 2 (FOAK),1:09:47,4187.0,https://www.sportsidioten.no/resultater/bedrift-og-mosjonslag-mix-flest-menn-holmenkollstafetten-2025/
2025,bedrift og mosjonslag mix flest menn,285,4066,Pareto Asset Management AS,1:09:47,4187.0,https://www.sportsidioten.no/resultater/bedrift-og-mosjonslag-mix-flest-menn-holmenkollstafetten-2025/
2025,bedrift og mosjonslag mix flest menn,286,6214,KPMG AS C&S Sikkerhetssprinterne (KPMG AS),1:09:48,4188.0,https://www.sportsidioten.no/resultater/bedrift-og-mosjonslag-mix-flest-menn-holmenkollstafetten-2025/
2025,bedrift og mosjonslag mix flest menn,287,5811,Samferdselsdepartementet,1:09:49,4189.0,https://www.sportsidioten.no/resultater/bedrift-og-mosjonslag-mix-flest-menn-holmenkollstafetten-2025/
2025,bedrift og mosjonslag mix flest menn,288,5497,Team NordicSemi 1 (Nordic Semiconductor ASA),1:09:49,4189.0,https://www.sportsidioten.no/resultater/bedrift-og-mosjonslag-mix-flest-menn-holmenkollstafetten-2025/
2025,bedrift og mosjonslag mix flest menn,289,6477,Norsok’s Etterstrebere (Aker Solutions Verdal),1:09:50,4190.0,https://www.sportsidioten.no/resultater/bedrift-og-mosjonslag-mix-flest-menn-holmenkollstafetten-2025/
2025,bedrift og mosjonslag mix flest menn,290,7078,Vinst (Visma Advantage AS),1:09:50,4190.0,https://www.sportsidioten.no/resultater/bedrift-og-mosjonslag-mix-flest-menn-holmenkollstafetten-2025/
2025,bedrift og mosjonslag mix flest menn,291,5810,Team WANG Ung Follo (WANG Ung Follo),1:09:50,4190.0,https://www.sportsidioten.no/resultater/bedrift-og-mosjonslag-mix-flest-menn-holmenkollstafetten-2025/
2025,bedrift og mosjonslag mix flest menn,292,8076,Credo Partners,1:09:51,4191.0,https://www.sportsidioten.no/resultater/bedrift-og-mosjonslag-mix-flest-menn-holmenkollstafetten-2025/
2025,bedrift og mosjonslag mix flest menn,293,11662,Noteless (Noteless AS),1:09:51,4191.0,https://www.sportsidioten.no/resultater/bedrift-og-mosjonslag-mix-flest-menn-holmenkollstafetten-2025/
2025,bedrift og mosjonslag mix flest menn,294,11420,DIPS AS 2 (DIPS AS),1:09:51,4191.0,https://www.sportsidioten.no/resultater/bedrift-og-mosjonslag-mix-flest-menn-holmenkollstafetten-2025/
2025,bedrift og mosjonslag mix flest menn,295,6603,Hydro Aktiv – Markets & Friends (Hydro),1:09:51,4191.0,https://www.sportsidioten.no/resultater/bedrift-og-mosjonslag-mix-flest-menn-holmenkollstafetten-2025/
2025,bedrift og mosjonslag mix flest menn,296,5443,Norsk Regnesentral 1 (Norsk Regnesentral),1:09:53,4193.0,https://www.sportsidioten.no/resultater/bedrift-og-mosjonslag-mix-flest-menn-holmenkollstafetten-2025/
2025,bedrift og mosjonslag mix flest menn,297,4253,Wikborg Rein BIL 2 (Wikborg Rein Advokatfirma AS),1:09:53,4193.0,https://www.sportsidioten.no/resultater/bedrift-og-mosjonslag-mix-flest-menn-holmenkollstafetten-2025/
2025,bedrift og mosjonslag mix flest menn,298,8401,Nexans Oslo 1 (Nexans Norway AS),1:09:55,4195.0,https://www.sportsidioten.no/resultater/bedrift-og-mosjonslag-mix-flest-menn-holmenkollstafetten-2025/
2025,bedrift og mosjonslag mix flest menn,299,5293,KSAT Team A (KSAT – BIL),1:09:59,4199.0,https://www.sportsidioten.no/resultater/bedrift-og-mosjonslag-mix-flest-menn-holmenkollstafetten-2025/
2025,bedrift og mosjonslag mix flest menn,300,6022,DNB advokatene (DNB Bank ASA),1:09:59,4199.0,https://www.sportsidioten.no/resultater/bedrift-og-mosjonslag-mix-flest-menn-holmenkollstafetten-2025/
2025,bedrift og mosjonslag mix flest menn,301,7468,REITAN RETAIL – REMA 1000 ØKONOMI 2 (REITAN RETAIL),1:10:01,4201.0,https://www.sportsidioten.no/resultater/bedrift-og-mosjonslag-mix-flest-menn-holmenkollstafetten-2025/
2025,bedrift og mosjonslag mix flest menn,302,7444,ABPIL – Asker (Asker og Bærum politiidrettslag),1:10:01,4201.0,https://www.sportsidioten.no/resultater/bedrift-og-mosjonslag-mix-flest-menn-holmenkollstafetten-2025/
2025,bedrift og mosjonslag mix flest menn,303,7263,Nordea IB&E + LevFin (Nordea),1:10:01,4201.0,https://www.sportsidioten.no/resultater/bedrift-og-mosjonslag-mix-flest-menn-holmenkollstafetten-2025/
2025,bedrift og mosjonslag mix flest menn,304,6609,Sporveien – CBTC (Sporveien AS),1:10:02,4202.0,https://www.sportsidioten.no/resultater/bedrift-og-mosjonslag-mix-flest-menn-holmenkollstafetten-2025/
2025,bedrift og mosjonslag mix flest menn,305,4078,Advokatfirma DLA Piper 1 (Advokatfirma DLA Piper Norway),1:10:05,4205.0,https://www.sportsidioten.no/resultater/bedrift-og-mosjonslag-mix-flest-menn-holmenkollstafetten-2025/
2025,bedrift og mosjonslag mix flest menn,306,6622,Team Aker ASA (Aker ASA),1:10:05,4205.0,https://www.sportsidioten.no/resultater/bedrift-og-mosjonslag-mix-flest-menn-holmenkollstafetten-2025/
2025,bedrift og mosjonslag mix flest menn,307,6819,Elkjøp Nordic 1 (Elkjøp Nordic),1:10:06,4206.0,https://www.sportsidioten.no/resultater/bedrift-og-mosjonslag-mix-flest-menn-holmenkollstafetten-2025/
2025,bedrift og mosjonslag mix flest menn,308,7243,Gritera,1:10:07,4207.0,https://www.sportsidioten.no/resultater/bedrift-og-mosjonslag-mix-flest-menn-holmenkollstafetten-2025/
2025,bedrift og mosjonslag mix flest menn,309,12066,Otovo,1:10:08,4208.0,https://www.sportsidioten.no/resultater/bedrift-og-mosjonslag-mix-flest-menn-holmenkollstafetten-2025/
2025,bedrift og mosjonslag mix flest menn,310,7060,Siemenslaget 1 (Siemens),1:10:09,4209.0,https://www.sportsidioten.no/resultater/bedrift-og-mosjonslag-mix-flest-menn-holmenkollstafetten-2025/
2025,bedrift og mosjonslag mix flest menn,311,6635,Team Enduring 1 (Abbott Diagnostics Technology),1:10:10,4210.0,https://www.sportsidioten.no/resultater/bedrift-og-mosjonslag-mix-flest-menn-holmenkollstafetten-2025/
2025,bedrift og mosjonslag mix flest menn,312,5406,Sparebank 1 SMN Oslo (Sparebank 1 SMN),1:10:10,4210.0,https://www.sportsidioten.no/resultater/bedrift-og-mosjonslag-mix-flest-menn-holmenkollstafetten-2025/
2025,bedrift og mosjonslag mix flest menn,313,4237,Adamstuen Løpeklubb,1:10:12,4212.0,https://www.sportsidioten.no/resultater/bedrift-og-mosjonslag-mix-flest-menn-holmenkollstafetten-2025/
2025,bedrift og mosjonslag mix flest menn,314,5286,Genus 1 (Genus),1:10:15,4215.0,https://www.sportsidioten.no/resultater/bedrift-og-mosjonslag-mix-flest-menn-holmenkollstafetten-2025/
2025,bedrift og mosjonslag mix flest menn,315,5205,KDA Land Systems 1 (Kongsberg Defence & Aerospace AS),1:10:18,4218.0,https://www.sportsidioten.no/resultater/bedrift-og-mosjonslag-mix-flest-menn-holmenkollstafetten-2025/
2025,bedrift og mosjonslag mix flest menn,316,6642,Nofence GOAT 1 (Nofence AS),1:10:23,4223.0,https://www.sportsidioten.no/resultater/bedrift-og-mosjonslag-mix-flest-menn-holmenkollstafetten-2025/
2025,bedrift og mosjonslag mix flest menn,317,7017,VG,1:10:23,4223.0,https://www.sportsidioten.no/resultater/bedrift-og-mosjonslag-mix-flest-menn-holmenkollstafetten-2025/
2025,bedrift og mosjonslag mix flest menn,318,6241,Deloitte 33 (Deloitte BIL),1:10:25,4225.0,https://www.sportsidioten.no/resultater/bedrift-og-mosjonslag-mix-flest-menn-holmenkollstafetten-2025/
2025,bedrift og mosjonslag mix flest menn,319,5222,Finans og miljø (OPD),1:10:26,4226.0,https://www.sportsidioten.no/resultater/bedrift-og-mosjonslag-mix-flest-menn-holmenkollstafetten-2025/
2025,bedrift og mosjonslag mix flest menn,320,5229,Madserud Gård (Oro Eiendom AS),1:10:26,4226.0,https://www.sportsidioten.no/resultater/bedrift-og-mosjonslag-mix-flest-menn-holmenkollstafetten-2025/
2025,bedrift og mosjonslag mix flest menn,321,6497,Team fast track (Akershus Universitetssykehus),1:10:27,4227.0,https://www.sportsidioten.no/resultater/bedrift-og-mosjonslag-mix-flest-menn-holmenkollstafetten-2025/
2025,bedrift og mosjonslag mix flest menn,322,5265,Win or De Feet,1:10:28,4228.0,https://www.sportsidioten.no/resultater/bedrift-og-mosjonslag-mix-flest-menn-holmenkollstafetten-2025/
2025,bedrift og mosjonslag mix flest menn,323,5414,Patentstyrets bedriftsidrettslag (Patentstyret),1:10:28,4228.0,https://www.sportsidioten.no/resultater/bedrift-og-mosjonslag-mix-flest-menn-holmenkollstafetten-2025/
2025,bedrift og mosjonslag mix flest menn,324,7480,Eidsiva & Hafslund BIL 3 (Eidsiva & Hafslund),1:10:29,4229.0,https://www.sportsidioten.no/resultater/bedrift-og-mosjonslag-mix-flest-menn-holmenkollstafetten-2025/
2025,bedrift og mosjonslag mix flest menn,325,10516,Furnes ungdomsskole 1 (Furnes ungdomsskole),1:10:30,4230.0,https://www.sportsidioten.no/resultater/bedrift-og-mosjonslag-mix-flest-menn-holmenkollstafetten-2025/
2025,bedrift og mosjonslag mix flest menn,326,10281,Astrup Fearnley 3 (Astrup Fearnley AS),1:10:31,4231.0,https://www.sportsidioten.no/resultater/bedrift-og-mosjonslag-mix-flest-menn-holmenkollstafetten-2025/
2025,bedrift og mosjonslag mix flest menn,327,4062,Columbus Elite 1 (Columbus Norge),1:10:32,4232.0,https://www.sportsidioten.no/resultater/bedrift-og-mosjonslag-mix-flest-menn-holmenkollstafetten-2025/
2025,bedrift og mosjonslag mix flest menn,328,10448,Kverva/Kvarv 1 (Kverva AS),1:10:33,4233.0,https://www.sportsidioten.no/resultater/bedrift-og-mosjonslag-mix-flest-menn-holmenkollstafetten-2025/
2025,bedrift og mosjonslag mix flest menn,329,5213,Tunable,1:10:39,4239.0,https://www.sportsidioten.no/resultater/bedrift-og-mosjonslag-mix-flest-menn-holmenkollstafetten-2025/
2025,bedrift og mosjonslag mix flest menn,330,7254,Ahus LIS1 (Ahus),1:10:40,4240.0,https://www.sportsidioten.no/resultater/bedrift-og-mosjonslag-mix-flest-menn-holmenkollstafetten-2025/
2025,bedrift og mosjonslag mix flest menn,331,11893,CB Running,1:10:42,4242.0,https://www.sportsidioten.no/resultater/bedrift-og-mosjonslag-mix-flest-menn-holmenkollstafetten-2025/
2025,bedrift og mosjonslag mix flest menn,332,5215,Team Mosjon 1.lag (Team Mosjon),1:10:42,4242.0,https://www.sportsidioten.no/resultater/bedrift-og-mosjonslag-mix-flest-menn-holmenkollstafetten-2025/
2025,bedrift og mosjonslag mix flest menn,333,7404,CGI Norge 1 (CGI Norge),1:10:43,4243.0,https://www.sportsidioten.no/resultater/bedrift-og-mosjonslag-mix-flest-menn-holmenkollstafetten-2025/
2025,bedrift og mosjonslag mix flest menn,334,7660,Urmaker Bjerke 1 (URMAKER BJERKE AS),1:10:44,4244.0,https://www.sportsidioten.no/resultater/bedrift-og-mosjonslag-mix-flest-menn-holmenkollstafetten-2025/
2025,bedrift og mosjonslag mix flest menn,335,11874,Asplan Viak 4 (Asplan Viak AS),1:10:44,4244.0,https://www.sportsidioten.no/resultater/bedrift-og-mosjonslag-mix-flest-menn-holmenkollstafetten-2025/
2025,bedrift og mosjonslag mix flest menn,336,6848,EFLA AS,1:10:45,4245.0,https://www.sportsidioten.no/resultater/bedrift-og-mosjonslag-mix-flest-menn-holmenkollstafetten-2025/
2025,bedrift og mosjonslag mix flest menn,337,6017,DNB Ocean Industries (DNB Bank ASA),1:10:46,4246.0,https://www.sportsidioten.no/resultater/bedrift-og-mosjonslag-mix-flest-menn-holmenkollstafetten-2025/
2025,bedrift og mosjonslag mix flest menn,338,5247,Falken Sportsklubb,1:10:48,4248.0,https://www.sportsidioten.no/resultater/bedrift-og-mosjonslag-mix-flest-menn-holmenkollstafetten-2025/
2025,bedrift og mosjonslag mix flest menn,339,4225,Advokatfirmaet Wiersholm 3 (Advokatfirmaet Wiersholm),1:10:51,4251.0,https://www.sportsidioten.no/resultater/bedrift-og-mosjonslag-mix-flest-menn-holmenkollstafetten-2025/
2025,bedrift og mosjonslag mix flest menn,340,9478,AFRY 6 (AFRY NORWAY AS),1:10:51,4251.0,https://www.sportsidioten.no/resultater/bedrift-og-mosjonslag-mix-flest-menn-holmenkollstafetten-2025/
2025,bedrift og mosjonslag mix flest menn,341,7050,E24,1:10:52,4252.0,https://www.sportsidioten.no/resultater/bedrift-og-mosjonslag-mix-flest-menn-holmenkollstafetten-2025/
2025,bedrift og mosjonslag mix flest menn,342,5230,Analysys Mason,1:10:54,4254.0,https://www.sportsidioten.no/resultater/bedrift-og-mosjonslag-mix-flest-menn-holmenkollstafetten-2025/
2025,bedrift og mosjonslag mix flest menn,343,7236,Perfectly Competitive (Universitet i Oslo),1:10:54,4254.0,https://www.sportsidioten.no/resultater/bedrift-og-mosjonslag-mix-flest-menn-holmenkollstafetten-2025/
2025,bedrift og mosjonslag mix flest menn,344,7885,dunnhumby Norge AS,1:10:56,4256.0,https://www.sportsidioten.no/resultater/bedrift-og-mosjonslag-mix-flest-menn-holmenkollstafetten-2025/
2025,bedrift og mosjonslag mix flest menn,345,12208,Albatross Velferdsfond 1 (Kongsberg Maritime),1:10:57,4257.0,https://www.sportsidioten.no/resultater/bedrift-og-mosjonslag-mix-flest-menn-holmenkollstafetten-2025/
2025,bedrift og mosjonslag mix flest menn,346,5285,Genus 2 (Genus),1:10:57,4257.0,https://www.sportsidioten.no/resultater/bedrift-og-mosjonslag-mix-flest-menn-holmenkollstafetten-2025/
2025,bedrift og mosjonslag mix flest menn,347,10441,Team HEIR (Familien Heir),1:10:57,4257.0,https://www.sportsidioten.no/resultater/bedrift-og-mosjonslag-mix-flest-menn-holmenkollstafetten-2025/
2025,bedrift og mosjonslag mix flest menn,348,12043,Gjensidige Forretningsstyring Privat + venner (Gjensidige),1:11:02,4262.0,https://www.sportsidioten.no/resultater/bedrift-og-mosjonslag-mix-flest-menn-holmenkollstafetten-2025/
2025,bedrift og mosjonslag mix flest menn,349,7840,Aboveit 1 (Aboveit),1:11:08,4268.0,https://www.sportsidioten.no/resultater/bedrift-og-mosjonslag-mix-flest-menn-holmenkollstafetten-2025/
2025,bedrift og mosjonslag mix flest menn,350,7478,Jotron Grønt (Jotron),1:11:08,4268.0,https://www.sportsidioten.no/resultater/bedrift-og-mosjonslag-mix-flest-menn-holmenkollstafetten-2025/
2025,bedrift og mosjonslag mix flest menn,351,5409,Sandvika vgs 1 (Sandvika videregående skole),1:11:10,4270.0,https://www.sportsidioten.no/resultater/bedrift-og-mosjonslag-mix-flest-menn-holmenkollstafetten-2025/
2025,bedrift og mosjonslag mix flest menn,352,12056,Team Furutangen 2 (Furutangen Aktivitetssenter AS),1:11:10,4270.0,https://www.sportsidioten.no/resultater/bedrift-og-mosjonslag-mix-flest-menn-holmenkollstafetten-2025/
2025,bedrift og mosjonslag mix flest menn,353,5829,Fondberg Beverage Group,1:11:11,4271.0,https://www.sportsidioten.no/resultater/bedrift-og-mosjonslag-mix-flest-menn-holmenkollstafetten-2025/
2025,bedrift og mosjonslag mix flest menn,354,6809,Norne Securities,1:11:14,4274.0,https://www.sportsidioten.no/resultater/bedrift-og-mosjonslag-mix-flest-menn-holmenkollstafetten-2025/
2025,bedrift og mosjonslag mix flest menn,355,5819,Bredvid,1:11:14,4274.0,https://www.sportsidioten.no/resultater/bedrift-og-mosjonslag-mix-flest-menn-holmenkollstafetten-2025/
2025,bedrift og mosjonslag mix flest menn,356,5202,Meteorologen BIL kuling (Meteorologisk institutt),1:11:14,4274.0,https://www.sportsidioten.no/resultater/bedrift-og-mosjonslag-mix-flest-menn-holmenkollstafetten-2025/
2025,bedrift og mosjonslag mix flest menn,357,6606,Amedia/Direktesport (Amedia AS),1:11:16,4276.0,https://www.sportsidioten.no/resultater/bedrift-og-mosjonslag-mix-flest-menn-holmenkollstafetten-2025/
2025,bedrift og mosjonslag mix flest menn,358,5823,AutoStore 1 (AutoStore),1:11:16,4276.0,https://www.sportsidioten.no/resultater/bedrift-og-mosjonslag-mix-flest-menn-holmenkollstafetten-2025/
2025,bedrift og mosjonslag mix flest menn,359,10872,CIO Turbo Express (Sopra Steria),1:11:16,4276.0,https://www.sportsidioten.no/resultater/bedrift-og-mosjonslag-mix-flest-menn-holmenkollstafetten-2025/
2025,bedrift og mosjonslag mix flest menn,360,7431,Saga Robotics (Saga Robotics AS),1:11:17,4277.0,https://www.sportsidioten.no/resultater/bedrift-og-mosjonslag-mix-flest-menn-holmenkollstafetten-2025/
2025,bedrift og mosjonslag mix flest menn,361,7846,NIRAS(K) (NIRAS As),1:11:21,4281.0,https://www.sportsidioten.no/resultater/bedrift-og-mosjonslag-mix-flest-menn-holmenkollstafetten-2025/
2025,bedrift og mosjonslag mix flest menn,362,6674,Telenor 8 (Telenor),1:11:22,4282.0,https://www.sportsidioten.no/resultater/bedrift-og-mosjonslag-mix-flest-menn-holmenkollstafetten-2025/
2025,bedrift og mosjonslag mix flest menn,363,5836,DeepOcean Oslo,1:11:23,4283.0,https://www.sportsidioten.no/resultater/bedrift-og-mosjonslag-mix-flest-menn-holmenkollstafetten-2025/
2025,bedrift og mosjonslag mix flest menn,364,5412,Aon Norway,1:11:24,4284.0,https://www.sportsidioten.no/resultater/bedrift-og-mosjonslag-mix-flest-menn-holmenkollstafetten-2025/
2025,bedrift og mosjonslag mix flest menn,365,10720,NTG Bodø,1:11:25,4285.0,https://www.sportsidioten.no/resultater/bedrift-og-mosjonslag-mix-flest-menn-holmenkollstafetten-2025/
2025,bedrift og mosjonslag mix flest menn,366,11099,Team LegeLeasing 2 (Knowit Solutions Data & Tech),1:11:26,4286.0,https://www.sportsidioten.no/resultater/bedrift-og-mosjonslag-mix-flest-menn-holmenkollstafetten-2025/
2025,bedrift og mosjonslag mix flest menn,367,7601,Thermopylae (Wilhelmsen),1:11:26,4286.0,https://www.sportsidioten.no/resultater/bedrift-og-mosjonslag-mix-flest-menn-holmenkollstafetten-2025/
2025,bedrift og mosjonslag mix flest menn,368,7403,Eidsiva & Hafslund BIL 13 (Eidsiva & Hafslund),1:11:28,4288.0,https://www.sportsidioten.no/resultater/bedrift-og-mosjonslag-mix-flest-menn-holmenkollstafetten-2025/
2025,bedrift og mosjonslag mix flest menn,369,6008,DNB Næringsmegling,1:11:28,4288.0,https://www.sportsidioten.no/resultater/bedrift-og-mosjonslag-mix-flest-menn-holmenkollstafetten-2025/
2025,bedrift og mosjonslag mix flest menn,370,4261,NAV Kunnskap,1:11:29,4289.0,https://www.sportsidioten.no/resultater/bedrift-og-mosjonslag-mix-flest-menn-holmenkollstafetten-2025/
2025,bedrift og mosjonslag mix flest menn,371,5469,ØVIP 1 (Økokrim),1:11:30,4290.0,https://www.sportsidioten.no/resultater/bedrift-og-mosjonslag-mix-flest-menn-holmenkollstafetten-2025/
2025,bedrift og mosjonslag mix flest menn,372,11049,FACET+venner,1:11:30,4290.0,https://www.sportsidioten.no/resultater/bedrift-og-mosjonslag-mix-flest-menn-holmenkollstafetten-2025/
2025,bedrift og mosjonslag mix flest menn,373,6324,Deloitte 36 (Deloitte BIL),1:11:30,4290.0,https://www.sportsidioten.no/resultater/bedrift-og-mosjonslag-mix-flest-menn-holmenkollstafetten-2025/
2025,bedrift og mosjonslag mix flest menn,374,5272,AFRY 1 (AFRY NORWAY AS),1:11:31,4291.0,https://www.sportsidioten.no/resultater/bedrift-og-mosjonslag-mix-flest-menn-holmenkollstafetten-2025/
2025,bedrift og mosjonslag mix flest menn,375,5279,Norges Bank IL – PPO (Norges Bank Idrettslag),1:11:31,4291.0,https://www.sportsidioten.no/resultater/bedrift-og-mosjonslag-mix-flest-menn-holmenkollstafetten-2025/
2025,bedrift og mosjonslag mix flest menn,376,4281,NOCCO Norge,1:11:32,4292.0,https://www.sportsidioten.no/resultater/bedrift-og-mosjonslag-mix-flest-menn-holmenkollstafetten-2025/
2025,bedrift og mosjonslag mix flest menn,377,7009,Visma Enterprise – Happy Racers (Visma Enterprise AS),1:11:32,4292.0,https://www.sportsidioten.no/resultater/bedrift-og-mosjonslag-mix-flest-menn-holmenkollstafetten-2025/
2025,bedrift og mosjonslag mix flest menn,378,7619,Statnett BIL Mix 1 (Statnett SF),1:11:32,4292.0,https://www.sportsidioten.no/resultater/bedrift-og-mosjonslag-mix-flest-menn-holmenkollstafetten-2025/
2025,bedrift og mosjonslag mix flest menn,379,4257,Olympiatroppen (Norges Idrettsforbund-Olympiatoppen),1:11:34,4294.0,https://www.sportsidioten.no/resultater/bedrift-og-mosjonslag-mix-flest-menn-holmenkollstafetten-2025/
2025,bedrift og mosjonslag mix flest menn,380,5294,Norges Bank IL – Gull (Norges Bank Idrettslag),1:11:34,4294.0,https://www.sportsidioten.no/resultater/bedrift-og-mosjonslag-mix-flest-menn-holmenkollstafetten-2025/
2025,bedrift og mosjonslag mix flest menn,381,5888,BDO Revisjon – Eiendom 1 (BDO AS),1:11:35,4295.0,https://www.sportsidioten.no/resultater/bedrift-og-mosjonslag-mix-flest-menn-holmenkollstafetten-2025/
2025,bedrift og mosjonslag mix flest menn,382,6614,Blank Bedriftsidrettslag,1:11:36,4296.0,https://www.sportsidioten.no/resultater/bedrift-og-mosjonslag-mix-flest-menn-holmenkollstafetten-2025/
2025,bedrift og mosjonslag mix flest menn,383,6416,EY BIL Technology Audit Oslo 1 (EY),1:11:36,4296.0,https://www.sportsidioten.no/resultater/bedrift-og-mosjonslag-mix-flest-menn-holmenkollstafetten-2025/
2025,bedrift og mosjonslag mix flest menn,384,7018,DMA Runners 1 (Kongsberg Defence & Aerospace AS),1:11:36,4296.0,https://www.sportsidioten.no/resultater/bedrift-og-mosjonslag-mix-flest-menn-holmenkollstafetten-2025/
2025,bedrift og mosjonslag mix flest menn,385,6645,Oksenøya Skole,1:11:38,4298.0,https://www.sportsidioten.no/resultater/bedrift-og-mosjonslag-mix-flest-menn-holmenkollstafetten-2025/
2025,bedrift og mosjonslag mix flest menn,386,6107,"DNB Carnegie, Investment Banking Big Guns (DNB)",1:11:38,4298.0,https://www.sportsidioten.no/resultater/bedrift-og-mosjonslag-mix-flest-menn-holmenkollstafetten-2025/
2025,bedrift og mosjonslag mix flest menn,387,6421,EY BIL EY-Parthenon 2 (EY),1:11:38,4298.0,https://www.sportsidioten.no/resultater/bedrift-og-mosjonslag-mix-flest-menn-holmenkollstafetten-2025/
2025,bedrift og mosjonslag mix flest menn,388,6660,Hydro Aktiv – AM finance & friends (Hydro),1:11:38,4298.0,https://www.sportsidioten.no/resultater/bedrift-og-mosjonslag-mix-flest-menn-holmenkollstafetten-2025/
2025,bedrift og mosjonslag mix flest menn,389,5281,Cappelen Damm 1 (Cappelen Damm AS),1:11:38,4298.0,https://www.sportsidioten.no/resultater/bedrift-og-mosjonslag-mix-flest-menn-holmenkollstafetten-2025/
2025,bedrift og mosjonslag mix flest menn,390,4251,TIKAMPEN – Siden 1992,1:11:38,4298.0,https://www.sportsidioten.no/resultater/bedrift-og-mosjonslag-mix-flest-menn-holmenkollstafetten-2025/
2025,bedrift og mosjonslag mix flest menn,391,5460,Mattilsynet 1 (Mattilsynet),1:11:40,4300.0,https://www.sportsidioten.no/resultater/bedrift-og-mosjonslag-mix-flest-menn-holmenkollstafetten-2025/
2025,bedrift og mosjonslag mix flest menn,392,6111,DNB Eiendom Innlandet (DNB Eiendom),1:11:41,4301.0,https://www.sportsidioten.no/resultater/bedrift-og-mosjonslag-mix-flest-menn-holmenkollstafetten-2025/
2025,bedrift og mosjonslag mix flest menn,393,5231,Uniconsult BIL 1 (Uniconsult),1:11:44,4304.0,https://www.sportsidioten.no/resultater/bedrift-og-mosjonslag-mix-flest-menn-holmenkollstafetten-2025/
2025,bedrift og mosjonslag mix flest menn,394,6295,PwC CFO Solutions (PricewaterhouseCoopers),1:11:46,4306.0,https://www.sportsidioten.no/resultater/bedrift-og-mosjonslag-mix-flest-menn-holmenkollstafetten-2025/
2025,bedrift og mosjonslag mix flest menn,395,5263,wheel.me (wheel.me AS),1:11:46,4306.0,https://www.sportsidioten.no/resultater/bedrift-og-mosjonslag-mix-flest-menn-holmenkollstafetten-2025/
2025,bedrift og mosjonslag mix flest menn,396,6232,Deloitte 34 (Deloitte BIL),1:11:47,4307.0,https://www.sportsidioten.no/resultater/bedrift-og-mosjonslag-mix-flest-menn-holmenkollstafetten-2025/
2025,bedrift og mosjonslag mix flest menn,397,11607,Sopra Speedia (Sopra Steria),1:11:47,4307.0,https://www.sportsidioten.no/resultater/bedrift-og-mosjonslag-mix-flest-menn-holmenkollstafetten-2025/
2025,bedrift og mosjonslag mix flest menn,398,7027,NVE 5 (Norges vassdrags og energidirektorat),1:11:48,4308.0,https://www.sportsidioten.no/resultater/bedrift-og-mosjonslag-mix-flest-menn-holmenkollstafetten-2025/
2025,bedrift og mosjonslag mix flest menn,399,5454,Airthings Athletics 1 (Airthings),1:11:49,4309.0,https://www.sportsidioten.no/resultater/bedrift-og-mosjonslag-mix-flest-menn-holmenkollstafetten-2025/
2025,bedrift og mosjonslag mix flest menn,400,5607,ASKO OSLO 1 (NorgesGruppen ASA),1:11:50,4310.0,https://www.sportsidioten.no/resultater/bedrift-og-mosjonslag-mix-flest-menn-holmenkollstafetten-2025/
2025,bedrift og mosjonslag mix flest menn,401,4241,Thales Norway (Thales Norway AS),1:11:50,4310.0,https://www.sportsidioten.no/resultater/bedrift-og-mosjonslag-mix-flest-menn-holmenkollstafetten-2025/
2025,bedrift og mosjonslag mix flest menn,402,5419,FRAM STÅR BAK (Fram Eiendom AS),1:11:50,4310.0,https://www.sportsidioten.no/resultater/bedrift-og-mosjonslag-mix-flest-menn-holmenkollstafetten-2025/
2025,bedrift og mosjonslag mix flest menn,403,11310,Jensen`s disipler (PHS Stavern),1:11:51,4311.0,https://www.sportsidioten.no/resultater/bedrift-og-mosjonslag-mix-flest-menn-holmenkollstafetten-2025/
2025,bedrift og mosjonslag mix flest menn,404,5268,Unacast (Unacast AS),1:11:53,4313.0,https://www.sportsidioten.no/resultater/bedrift-og-mosjonslag-mix-flest-menn-holmenkollstafetten-2025/
2025,bedrift og mosjonslag mix flest menn,405,5815,HoloCare,1:11:54,4314.0,https://www.sportsidioten.no/resultater/bedrift-og-mosjonslag-mix-flest-menn-holmenkollstafetten-2025/
2025,bedrift og mosjonslag mix flest menn,406,5252,"NRP (Ness, Risan & Partners)",1:11:56,4316.0,https://www.sportsidioten.no/resultater/bedrift-og-mosjonslag-mix-flest-menn-holmenkollstafetten-2025/
2025,bedrift og mosjonslag mix flest menn,407,6006,DNB Carnegie Young Guns (DNB Markets),1:11:58,4318.0,https://www.sportsidioten.no/resultater/bedrift-og-mosjonslag-mix-flest-menn-holmenkollstafetten-2025/
2025,bedrift og mosjonslag mix flest menn,408,11273,Kongsberg Maritime 2 (Kongsberg Maritime),1:11:58,4318.0,https://www.sportsidioten.no/resultater/bedrift-og-mosjonslag-mix-flest-menn-holmenkollstafetten-2025/
2025,bedrift og mosjonslag mix flest menn,409,7666,NIF BIL 1 (NIF BIL),1:11:58,4318.0,https://www.sportsidioten.no/resultater/bedrift-og-mosjonslag-mix-flest-menn-holmenkollstafetten-2025/
2025,bedrift og mosjonslag mix flest menn,410,7721,Capra 2 (Capra),1:11:58,4318.0,https://www.sportsidioten.no/resultater/bedrift-og-mosjonslag-mix-flest-menn-holmenkollstafetten-2025/
2025,bedrift og mosjonslag mix flest menn,411,10249,Viking Venture (Viking Growth),1:12:01,4321.0,https://www.sportsidioten.no/resultater/bedrift-og-mosjonslag-mix-flest-menn-holmenkollstafetten-2025/
2025,bedrift og mosjonslag mix flest menn,412,5422,Pecunia med LT (Pecunia AS),1:12:03,4323.0,https://www.sportsidioten.no/resultater/bedrift-og-mosjonslag-mix-flest-menn-holmenkollstafetten-2025/
2025,bedrift og mosjonslag mix flest menn,413,7276,Nordea GFCP 1 (Nordea Bank Abp),1:12:04,4324.0,https://www.sportsidioten.no/resultater/bedrift-og-mosjonslag-mix-flest-menn-holmenkollstafetten-2025/
2025,bedrift og mosjonslag mix flest menn,414,6298,PwC TLS Tax (PricewaterhouseCoopers),1:12:05,4325.0,https://www.sportsidioten.no/resultater/bedrift-og-mosjonslag-mix-flest-menn-holmenkollstafetten-2025/
2025,bedrift og mosjonslag mix flest menn,415,10605,Equinor SBIL Mix 1 3 (Equinor),1:12:06,4326.0,https://www.sportsidioten.no/resultater/bedrift-og-mosjonslag-mix-flest-menn-holmenkollstafetten-2025/
2025,bedrift og mosjonslag mix flest menn,416,6108,DNB Carnegie Investment Banking Young Guns (DNB),1:12:06,4326.0,https://www.sportsidioten.no/resultater/bedrift-og-mosjonslag-mix-flest-menn-holmenkollstafetten-2025/
2025,bedrift og mosjonslag mix flest menn,417,12072,Quantum,1:12:06,4326.0,https://www.sportsidioten.no/resultater/bedrift-og-mosjonslag-mix-flest-menn-holmenkollstafetten-2025/
2025,bedrift og mosjonslag mix flest menn,418,12081,Deloitte Trondheim (Deloitte AS),1:12:07,4327.0,https://www.sportsidioten.no/resultater/bedrift-og-mosjonslag-mix-flest-menn-holmenkollstafetten-2025/
2025,bedrift og mosjonslag mix flest menn,419,5472,BEIN Engineering (BEIN Engineering AS),1:12:07,4327.0,https://www.sportsidioten.no/resultater/bedrift-og-mosjonslag-mix-flest-menn-holmenkollstafetten-2025/
2025,bedrift og mosjonslag mix flest menn,420,7830,Equinor EST Oslo (Equinor ASA),1:12:08,4328.0,https://www.sportsidioten.no/resultater/bedrift-og-mosjonslag-mix-flest-menn-holmenkollstafetten-2025/
2025,bedrift og mosjonslag mix flest menn,421,7228,OBOS-banken,1:12:08,4328.0,https://www.sportsidioten.no/resultater/bedrift-og-mosjonslag-mix-flest-menn-holmenkollstafetten-2025/
2025,bedrift og mosjonslag mix flest menn,422,5274,FundingPartner (FundingPartner AS),1:12:09,4329.0,https://www.sportsidioten.no/resultater/bedrift-og-mosjonslag-mix-flest-menn-holmenkollstafetten-2025/
2025,bedrift og mosjonslag mix flest menn,423,4268,Svett rakett,1:12:13,4333.0,https://www.sportsidioten.no/resultater/bedrift-og-mosjonslag-mix-flest-menn-holmenkollstafetten-2025/
2025,bedrift og mosjonslag mix flest menn,424,7638,Ens&#333; (Konsulentselskapet Ens&#333; AS),1:12:14,4334.0,https://www.sportsidioten.no/resultater/bedrift-og-mosjonslag-mix-flest-menn-holmenkollstafetten-2025/
2025,bedrift og mosjonslag mix flest menn,425,5466,Team Sysint (Sysint AS),1:12:14,4334.0,https://www.sportsidioten.no/resultater/bedrift-og-mosjonslag-mix-flest-menn-holmenkollstafetten-2025/
2025,bedrift og mosjonslag mix flest menn,426,5253,Cermaq – Run to win (Cermaq),1:12:15,4335.0,https://www.sportsidioten.no/resultater/bedrift-og-mosjonslag-mix-flest-menn-holmenkollstafetten-2025/
2025,bedrift og mosjonslag mix flest menn,427,8068,Orkla 1 (Orkla),1:12:19,4339.0,https://www.sportsidioten.no/resultater/bedrift-og-mosjonslag-mix-flest-menn-holmenkollstafetten-2025/
2025,bedrift og mosjonslag mix flest menn,428,6213,PwC Bergen 1 1 (PricewaterhouseCoopers AS),1:12:19,4339.0,https://www.sportsidioten.no/resultater/bedrift-og-mosjonslag-mix-flest-menn-holmenkollstafetten-2025/
2025,bedrift og mosjonslag mix flest menn,429,5808,Birkenes IL (Birkenes Idrettslag),1:12:20,4340.0,https://www.sportsidioten.no/resultater/bedrift-og-mosjonslag-mix-flest-menn-holmenkollstafetten-2025/
2025,bedrift og mosjonslag mix flest menn,430,7621,Norsk helsenett (Norsk helsenett SF),1:12:21,4341.0,https://www.sportsidioten.no/resultater/bedrift-og-mosjonslag-mix-flest-menn-holmenkollstafetten-2025/
2025,bedrift og mosjonslag mix flest menn,431,6632,Permian (Permian AS),1:12:22,4342.0,https://www.sportsidioten.no/resultater/bedrift-og-mosjonslag-mix-flest-menn-holmenkollstafetten-2025/
2025,bedrift og mosjonslag mix flest menn,432,6319,PwC Turst 3 #4 (PricewaterhouseCoopers),1:12:24,4344.0,https://www.sportsidioten.no/resultater/bedrift-og-mosjonslag-mix-flest-menn-holmenkollstafetten-2025/
2025,bedrift og mosjonslag mix flest menn,433,7893,T-2 (T-2 Prosjekt AS),1:12:24,4344.0,https://www.sportsidioten.no/resultater/bedrift-og-mosjonslag-mix-flest-menn-holmenkollstafetten-2025/
2025,bedrift og mosjonslag mix flest menn,434,11213,Wärtsilä Gas Solutions,1:12:26,4346.0,https://www.sportsidioten.no/resultater/bedrift-og-mosjonslag-mix-flest-menn-holmenkollstafetten-2025/
2025,bedrift og mosjonslag mix flest menn,435,7624,Boitano Running Club (Boitano),1:12:27,4347.0,https://www.sportsidioten.no/resultater/bedrift-og-mosjonslag-mix-flest-menn-holmenkollstafetten-2025/
2025,bedrift og mosjonslag mix flest menn,436,7312,LOE (Lille Oslo Eiendom AS),1:12:27,4347.0,https://www.sportsidioten.no/resultater/bedrift-og-mosjonslag-mix-flest-menn-holmenkollstafetten-2025/
2025,bedrift og mosjonslag mix flest menn,437,5835,Strise (Strise AS),1:12:27,4347.0,https://www.sportsidioten.no/resultater/bedrift-og-mosjonslag-mix-flest-menn-holmenkollstafetten-2025/
2025,bedrift og mosjonslag mix flest menn,438,6628,Equinor BIL Just for Fun (Equinor),1:12:28,4348.0,https://www.sportsidioten.no/resultater/bedrift-og-mosjonslag-mix-flest-menn-holmenkollstafetten-2025/
2025,bedrift og mosjonslag mix flest menn,439,5277,CLOUDRUNNERS (Cloudberry Clean Energy ASA),1:12:28,4348.0,https://www.sportsidioten.no/resultater/bedrift-og-mosjonslag-mix-flest-menn-holmenkollstafetten-2025/
2025,bedrift og mosjonslag mix flest menn,440,11248,ViaONE (Vianode),1:12:30,4350.0,https://www.sportsidioten.no/resultater/bedrift-og-mosjonslag-mix-flest-menn-holmenkollstafetten-2025/
2025,bedrift og mosjonslag mix flest menn,441,6617,Syklotronsenteret,1:12:30,4350.0,https://www.sportsidioten.no/resultater/bedrift-og-mosjonslag-mix-flest-menn-holmenkollstafetten-2025/
2025,bedrift og mosjonslag mix flest menn,442,5288,Ringnes,1:12:31,4351.0,https://www.sportsidioten.no/resultater/bedrift-og-mosjonslag-mix-flest-menn-holmenkollstafetten-2025/
2025,bedrift og mosjonslag mix flest menn,443,6904,JM Norge AS 1 (JM Norge AS),1:12:32,4352.0,https://www.sportsidioten.no/resultater/bedrift-og-mosjonslag-mix-flest-menn-holmenkollstafetten-2025/
2025,bedrift og mosjonslag mix flest menn,444,5470,Team Brav (Brav AS),1:12:32,4352.0,https://www.sportsidioten.no/resultater/bedrift-og-mosjonslag-mix-flest-menn-holmenkollstafetten-2025/
2025,bedrift og mosjonslag mix flest menn,445,5235,Folketrygdfondet,1:12:33,4353.0,https://www.sportsidioten.no/resultater/bedrift-og-mosjonslag-mix-flest-menn-holmenkollstafetten-2025/
2025,bedrift og mosjonslag mix flest menn,446,5435,Salvesen & Thams (Salvesen & Thams AS),1:12:34,4354.0,https://www.sportsidioten.no/resultater/bedrift-og-mosjonslag-mix-flest-menn-holmenkollstafetten-2025/
2025,bedrift og mosjonslag mix flest menn,447,4255,Bane NOR Verdens beste prosjektenhet Region Midt (Bane NOR),1:12:34,4354.0,https://www.sportsidioten.no/resultater/bedrift-og-mosjonslag-mix-flest-menn-holmenkollstafetten-2025/
2025,bedrift og mosjonslag mix flest menn,448,5453,Webstep 1 (Webstep AS),1:12:35,4355.0,https://www.sportsidioten.no/resultater/bedrift-og-mosjonslag-mix-flest-menn-holmenkollstafetten-2025/
2025,bedrift og mosjonslag mix flest menn,449,7843,NFD 1 (Nærings- og fiskeridepartementet),1:12:35,4355.0,https://www.sportsidioten.no/resultater/bedrift-og-mosjonslag-mix-flest-menn-holmenkollstafetten-2025/
2025,bedrift og mosjonslag mix flest menn,450,6803,BAMA 2 (BAMA Gruppen AS),1:12:35,4355.0,https://www.sportsidioten.no/resultater/bedrift-og-mosjonslag-mix-flest-menn-holmenkollstafetten-2025/
2025,bedrift og mosjonslag mix flest menn,451,6840,Bank Norwegian 1 (Bank Norwegian),1:12:35,4355.0,https://www.sportsidioten.no/resultater/bedrift-og-mosjonslag-mix-flest-menn-holmenkollstafetten-2025/
2025,bedrift og mosjonslag mix flest menn,452,4275,Mizuno Anton Sport Snø (Anton Sport Snø),1:12:36,4356.0,https://www.sportsidioten.no/resultater/bedrift-og-mosjonslag-mix-flest-menn-holmenkollstafetten-2025/
2025,bedrift og mosjonslag mix flest menn,453,11262,Elseko AS,1:12:37,4357.0,https://www.sportsidioten.no/resultater/bedrift-og-mosjonslag-mix-flest-menn-holmenkollstafetten-2025/
2025,bedrift og mosjonslag mix flest menn,454,6269,Deloitte 18 (Deloitte BIL),1:12:40,4360.0,https://www.sportsidioten.no/resultater/bedrift-og-mosjonslag-mix-flest-menn-holmenkollstafetten-2025/
2025,bedrift og mosjonslag mix flest menn,455,7023,Unitech Power Systems 1 (Unitech Power Systems AS),1:12:41,4361.0,https://www.sportsidioten.no/resultater/bedrift-og-mosjonslag-mix-flest-menn-holmenkollstafetten-2025/
2025,bedrift og mosjonslag mix flest menn,456,5493,"Fysiologi, MF (Universitetet i Oslo)",1:12:42,4362.0,https://www.sportsidioten.no/resultater/bedrift-og-mosjonslag-mix-flest-menn-holmenkollstafetten-2025/
2025,bedrift og mosjonslag mix flest menn,457,7037,Viaplay 1 (Viaplay),1:12:43,4363.0,https://www.sportsidioten.no/resultater/bedrift-og-mosjonslag-mix-flest-menn-holmenkollstafetten-2025/
2025,bedrift og mosjonslag mix flest menn,458,7432,Persbråten vgs,1:12:44,4364.0,https://www.sportsidioten.no/resultater/bedrift-og-mosjonslag-mix-flest-menn-holmenkollstafetten-2025/
2025,bedrift og mosjonslag mix flest menn,459,11904,Hakone Run Club (Hakone Coffee Union),1:12:45,4365.0,https://www.sportsidioten.no/resultater/bedrift-og-mosjonslag-mix-flest-menn-holmenkollstafetten-2025/
2025,bedrift og mosjonslag mix flest menn,460,5267,Recover AS,1:12:45,4365.0,https://www.sportsidioten.no/resultater/bedrift-og-mosjonslag-mix-flest-menn-holmenkollstafetten-2025/
2025,bedrift og mosjonslag mix flest menn,461,8280,GOLAR LNG (Golar Management AS),1:12:48,4368.0,https://www.sportsidioten.no/resultater/bedrift-og-mosjonslag-mix-flest-menn-holmenkollstafetten-2025/
2025,bedrift og mosjonslag mix flest menn,462,9018,Ledidi (Ledidi AS),1:12:49,4369.0,https://www.sportsidioten.no/resultater/bedrift-og-mosjonslag-mix-flest-menn-holmenkollstafetten-2025/
2025,bedrift og mosjonslag mix flest menn,463,5480,ABB BIL 4 (ABB),1:12:51,4371.0,https://www.sportsidioten.no/resultater/bedrift-og-mosjonslag-mix-flest-menn-holmenkollstafetten-2025/
2025,bedrift og mosjonslag mix flest menn,464,5907,BDO Revisjon – Samfunn & Bærekraft (BDO AS),1:12:51,4371.0,https://www.sportsidioten.no/resultater/bedrift-og-mosjonslag-mix-flest-menn-holmenkollstafetten-2025/
2025,bedrift og mosjonslag mix flest menn,465,6624,IFE Energisystemer Allstars (IFE – Institutt for Energiteknikk),1:12:52,4372.0,https://www.sportsidioten.no/resultater/bedrift-og-mosjonslag-mix-flest-menn-holmenkollstafetten-2025/
2025,bedrift og mosjonslag mix flest menn,466,5492,Moss Maritime,1:12:52,4372.0,https://www.sportsidioten.no/resultater/bedrift-og-mosjonslag-mix-flest-menn-holmenkollstafetten-2025/
2025,bedrift og mosjonslag mix flest menn,467,5424,NRK Sport,1:12:52,4372.0,https://www.sportsidioten.no/resultater/bedrift-og-mosjonslag-mix-flest-menn-holmenkollstafetten-2025/
2025,bedrift og mosjonslag mix flest menn,468,7040,FFI 1 (Forsvarets forskningsinstitutt (FFI)),1:12:53,4373.0,https://www.sportsidioten.no/resultater/bedrift-og-mosjonslag-mix-flest-menn-holmenkollstafetten-2025/
2025,bedrift og mosjonslag mix flest menn,469,5468,CogKnights (Cognite),1:12:54,4374.0,https://www.sportsidioten.no/resultater/bedrift-og-mosjonslag-mix-flest-menn-holmenkollstafetten-2025/
2025,bedrift og mosjonslag mix flest menn,470,8462,DNB Karl Johan 1 (DNB),1:12:54,4374.0,https://www.sportsidioten.no/resultater/bedrift-og-mosjonslag-mix-flest-menn-holmenkollstafetten-2025/
2025,bedrift og mosjonslag mix flest menn,471,10310,70 års laget U og 70 års laget V 1,1:12:54,4374.0,https://www.sportsidioten.no/resultater/bedrift-og-mosjonslag-mix-flest-menn-holmenkollstafetten-2025/
2025,bedrift og mosjonslag mix flest menn,472,7644,BraCom AS,1:12:55,4375.0,https://www.sportsidioten.no/resultater/bedrift-og-mosjonslag-mix-flest-menn-holmenkollstafetten-2025/
2025,bedrift og mosjonslag mix flest menn,473,10453,Lag 1 1 (Posten & Bring BIL Oslo),1:12:55,4375.0,https://www.sportsidioten.no/resultater/bedrift-og-mosjonslag-mix-flest-menn-holmenkollstafetten-2025/
2025,bedrift og mosjonslag mix flest menn,474,6602,Riksrevisjonen BIL 1 (Riksrevisjonen),1:12:55,4375.0,https://www.sportsidioten.no/resultater/bedrift-og-mosjonslag-mix-flest-menn-holmenkollstafetten-2025/
2025,bedrift og mosjonslag mix flest menn,475,11117,Team Intersport Kongsberg (Intersport Kongsberg),1:12:57,4377.0,https://www.sportsidioten.no/resultater/bedrift-og-mosjonslag-mix-flest-menn-holmenkollstafetten-2025/
2025,bedrift og mosjonslag mix flest menn,476,7242,Dentsu (Dentsu Norge),1:12:57,4377.0,https://www.sportsidioten.no/resultater/bedrift-og-mosjonslag-mix-flest-menn-holmenkollstafetten-2025/
2025,bedrift og mosjonslag mix flest menn,477,7878,Statsadvokatene (Oslo statsadvokatembeter),1:12:59,4379.0,https://www.sportsidioten.no/resultater/bedrift-og-mosjonslag-mix-flest-menn-holmenkollstafetten-2025/
2025,bedrift og mosjonslag mix flest menn,478,7408,Volkswagen Møller Bilfinans 1 (Volkswagen Møller Bilfinans),1:12:59,4379.0,https://www.sportsidioten.no/resultater/bedrift-og-mosjonslag-mix-flest-menn-holmenkollstafetten-2025/
2025,bedrift og mosjonslag mix flest menn,479,6701,Hydro Aktiv – Extrusion (Hydro),1:13:01,4381.0,https://www.sportsidioten.no/resultater/bedrift-og-mosjonslag-mix-flest-menn-holmenkollstafetten-2025/
2025,bedrift og mosjonslag mix flest menn,480,6832,Frogner House Apartments (Merkantilbygg AS),1:13:01,4381.0,https://www.sportsidioten.no/resultater/bedrift-og-mosjonslag-mix-flest-menn-holmenkollstafetten-2025/
2025,bedrift og mosjonslag mix flest menn,481,5259,FFI FØK (Forsvarets forskningsinstitutt (FFI)),1:13:01,4381.0,https://www.sportsidioten.no/resultater/bedrift-og-mosjonslag-mix-flest-menn-holmenkollstafetten-2025/
2025,bedrift og mosjonslag mix flest menn,482,6273,Deloitte 2 (Deloitte BIL),1:13:01,4381.0,https://www.sportsidioten.no/resultater/bedrift-og-mosjonslag-mix-flest-menn-holmenkollstafetten-2025/
2025,bedrift og mosjonslag mix flest menn,483,7670,Sofienberg skole,1:13:01,4381.0,https://www.sportsidioten.no/resultater/bedrift-og-mosjonslag-mix-flest-menn-holmenkollstafetten-2025/
2025,bedrift og mosjonslag mix flest menn,484,5415,Ball & Jekkert,1:13:03,4383.0,https://www.sportsidioten.no/resultater/bedrift-og-mosjonslag-mix-flest-menn-holmenkollstafetten-2025/
2025,bedrift og mosjonslag mix flest menn,485,10094,RunwayFBU (RunwayFBU AS),1:13:03,4383.0,https://www.sportsidioten.no/resultater/bedrift-og-mosjonslag-mix-flest-menn-holmenkollstafetten-2025/
2025,bedrift og mosjonslag mix flest menn,486,5849,Avisa Oslo,1:13:05,4385.0,https://www.sportsidioten.no/resultater/bedrift-og-mosjonslag-mix-flest-menn-holmenkollstafetten-2025/
2025,bedrift og mosjonslag mix flest menn,487,5477,SEB 1 (SEB),1:13:06,4386.0,https://www.sportsidioten.no/resultater/bedrift-og-mosjonslag-mix-flest-menn-holmenkollstafetten-2025/
2025,bedrift og mosjonslag mix flest menn,488,8027,Behandlerverket (Behandlerverket AS),1:13:06,4386.0,https://www.sportsidioten.no/resultater/bedrift-og-mosjonslag-mix-flest-menn-holmenkollstafetten-2025/
2025,bedrift og mosjonslag mix flest menn,489,5451,Anestesiavdelingen Ullevål,1:13:07,4387.0,https://www.sportsidioten.no/resultater/bedrift-og-mosjonslag-mix-flest-menn-holmenkollstafetten-2025/
2025,bedrift og mosjonslag mix flest menn,490,5402,Alpha Corporate Finance,1:13:09,4389.0,https://www.sportsidioten.no/resultater/bedrift-og-mosjonslag-mix-flest-menn-holmenkollstafetten-2025/
2025,bedrift og mosjonslag mix flest menn,491,5611,ASKO AGDER 1 (NorgesGruppen ASA),1:13:09,4389.0,https://www.sportsidioten.no/resultater/bedrift-og-mosjonslag-mix-flest-menn-holmenkollstafetten-2025/
2025,bedrift og mosjonslag mix flest menn,492,4269,Reiulf Ramstad Arkitekter,1:13:10,4390.0,https://www.sportsidioten.no/resultater/bedrift-og-mosjonslag-mix-flest-menn-holmenkollstafetten-2025/
2025,bedrift og mosjonslag mix flest menn,493,6320,PwC Trondheim (PricewaterhouseCoopers),1:13:10,4390.0,https://www.sportsidioten.no/resultater/bedrift-og-mosjonslag-mix-flest-menn-holmenkollstafetten-2025/
2025,bedrift og mosjonslag mix flest menn,494,5251,Smuglergods,1:13:11,4391.0,https://www.sportsidioten.no/resultater/bedrift-og-mosjonslag-mix-flest-menn-holmenkollstafetten-2025/
2025,bedrift og mosjonslag mix flest menn,495,5241,Team Maskin,1:13:11,4391.0,https://www.sportsidioten.no/resultater/bedrift-og-mosjonslag-mix-flest-menn-holmenkollstafetten-2025/
2025,bedrift og mosjonslag mix flest menn,496,5817,SLB Oslo 1 (SLB),1:13:12,4392.0,https://www.sportsidioten.no/resultater/bedrift-og-mosjonslag-mix-flest-menn-holmenkollstafetten-2025/
2025,bedrift og mosjonslag mix flest menn,497,6304,PwC Agder (PricewaterhouseCoopers),1:13:13,4393.0,https://www.sportsidioten.no/resultater/bedrift-og-mosjonslag-mix-flest-menn-holmenkollstafetten-2025/
2025,bedrift og mosjonslag mix flest menn,498,5484,Morgenbladet,1:13:13,4393.0,https://www.sportsidioten.no/resultater/bedrift-og-mosjonslag-mix-flest-menn-holmenkollstafetten-2025/
2025,bedrift og mosjonslag mix flest menn,499,5884,BDO Advokater (BDO AS),1:13:14,4394.0,https://www.sportsidioten.no/resultater/bedrift-og-mosjonslag-mix-flest-menn-holmenkollstafetten-2025/
2025,bedrift og mosjonslag mix flest menn,500,5809,Malling Rekrutt (Malling & Co Bedriftsidrettslag AS),1:13:15,4395.0,https://www.sportsidioten.no/resultater/bedrift-og-mosjonslag-mix-flest-menn-holmenkollstafetten-2025/
2025,bedrift og mosjonslag mix flest menn,501,5423,Lønnebakken 1 (Lønnebakken skole),1:13:16,4396.0,https://www.sportsidioten.no/resultater/bedrift-og-mosjonslag-mix-flest-menn-holmenkollstafetten-2025/
2025,bedrift og mosjonslag mix flest menn,502,5482,ABB BIL 3 (ABB),1:13:16,4396.0,https://www.sportsidioten.no/resultater/bedrift-og-mosjonslag-mix-flest-menn-holmenkollstafetten-2025/
2025,bedrift og mosjonslag mix flest menn,503,4207,SSB Førstelaget (Statistisk sentralbyrå),1:13:18,4398.0,https://www.sportsidioten.no/resultater/bedrift-og-mosjonslag-mix-flest-menn-holmenkollstafetten-2025/
2025,bedrift og mosjonslag mix flest menn,504,9211,BERTEL O. STEEN 2 (Bertel O. Steen),1:13:19,4399.0,https://www.sportsidioten.no/resultater/bedrift-og-mosjonslag-mix-flest-menn-holmenkollstafetten-2025/
2025,bedrift og mosjonslag mix flest menn,505,7204,Maritime Advisory 2 (DNV),1:13:19,4399.0,https://www.sportsidioten.no/resultater/bedrift-og-mosjonslag-mix-flest-menn-holmenkollstafetten-2025/
2025,bedrift og mosjonslag mix flest menn,506,5226,7Waves,1:13:20,4400.0,https://www.sportsidioten.no/resultater/bedrift-og-mosjonslag-mix-flest-menn-holmenkollstafetten-2025/
2025,bedrift og mosjonslag mix flest menn,507,6695,EIE eiendomsmegling 4 (EIE eiendomsmegling),1:13:22,4402.0,https://www.sportsidioten.no/resultater/bedrift-og-mosjonslag-mix-flest-menn-holmenkollstafetten-2025/
2025,bedrift og mosjonslag mix flest menn,508,8627,UiO HONning,1:13:23,4403.0,https://www.sportsidioten.no/resultater/bedrift-og-mosjonslag-mix-flest-menn-holmenkollstafetten-2025/
2025,bedrift og mosjonslag mix flest menn,509,5837,Autodesk,1:13:23,4403.0,https://www.sportsidioten.no/resultater/bedrift-og-mosjonslag-mix-flest-menn-holmenkollstafetten-2025/
2025,bedrift og mosjonslag mix flest menn,510,4245,Halmsås og omegn skilag,1:13:23,4403.0,https://www.sportsidioten.no/resultater/bedrift-og-mosjonslag-mix-flest-menn-holmenkollstafetten-2025/
2025,bedrift og mosjonslag mix flest menn,511,6081,DNB Treasury (DNB Bank ASA),1:13:24,4404.0,https://www.sportsidioten.no/resultater/bedrift-og-mosjonslag-mix-flest-menn-holmenkollstafetten-2025/
2025,bedrift og mosjonslag mix flest menn,512,7005,Resolve (Visma Resolve AS),1:13:24,4404.0,https://www.sportsidioten.no/resultater/bedrift-og-mosjonslag-mix-flest-menn-holmenkollstafetten-2025/
2025,bedrift og mosjonslag mix flest menn,513,8686,Pareto Bank 2 (Pareto Bank ASA),1:13:24,4404.0,https://www.sportsidioten.no/resultater/bedrift-og-mosjonslag-mix-flest-menn-holmenkollstafetten-2025/
2025,bedrift og mosjonslag mix flest menn,514,9106,Vy Bein for Tog (Vy),1:13:25,4405.0,https://www.sportsidioten.no/resultater/bedrift-og-mosjonslag-mix-flest-menn-holmenkollstafetten-2025/
2025,bedrift og mosjonslag mix flest menn,515,6281,Deloitte 20 (Deloitte BIL),1:13:26,4406.0,https://www.sportsidioten.no/resultater/bedrift-og-mosjonslag-mix-flest-menn-holmenkollstafetten-2025/
2025,bedrift og mosjonslag mix flest menn,516,6706,Ung i Sporveien (Sporveien AS),1:13:27,4407.0,https://www.sportsidioten.no/resultater/bedrift-og-mosjonslag-mix-flest-menn-holmenkollstafetten-2025/
2025,bedrift og mosjonslag mix flest menn,517,5445,Ahusortopedene (Ahus),1:13:27,4407.0,https://www.sportsidioten.no/resultater/bedrift-og-mosjonslag-mix-flest-menn-holmenkollstafetten-2025/
2025,bedrift og mosjonslag mix flest menn,518,6210,Deloitte 31 (Deloitte BIL),1:13:28,4408.0,https://www.sportsidioten.no/resultater/bedrift-og-mosjonslag-mix-flest-menn-holmenkollstafetten-2025/
2025,bedrift og mosjonslag mix flest menn,519,8859,Ocab R8 (OCAB AS),1:13:29,4409.0,https://www.sportsidioten.no/resultater/bedrift-og-mosjonslag-mix-flest-menn-holmenkollstafetten-2025/
2025,bedrift og mosjonslag mix flest menn,520,5883,BDO Asker & Bærum (BDO AS),1:13:30,4410.0,https://www.sportsidioten.no/resultater/bedrift-og-mosjonslag-mix-flest-menn-holmenkollstafetten-2025/
2025,bedrift og mosjonslag mix flest menn,521,5491,Støre Arkitekter (Støre Arkitekter AS),1:13:31,4411.0,https://www.sportsidioten.no/resultater/bedrift-og-mosjonslag-mix-flest-menn-holmenkollstafetten-2025/
2025,bedrift og mosjonslag mix flest menn,522,7675,HENT AS 2 (HENT AS),1:13:31,4411.0,https://www.sportsidioten.no/resultater/bedrift-og-mosjonslag-mix-flest-menn-holmenkollstafetten-2025/
2025,bedrift og mosjonslag mix flest menn,523,5280,Arctic Real Estate Management AS,1:13:32,4412.0,https://www.sportsidioten.no/resultater/bedrift-og-mosjonslag-mix-flest-menn-holmenkollstafetten-2025/
2025,bedrift og mosjonslag mix flest menn,524,10657,Hæhre Entreprenør – REGION MIDT (Hæhre Entreprenør AS),1:13:33,4413.0,https://www.sportsidioten.no/resultater/bedrift-og-mosjonslag-mix-flest-menn-holmenkollstafetten-2025/
2025,bedrift og mosjonslag mix flest menn,525,6827,Hitecvision,1:13:33,4413.0,https://www.sportsidioten.no/resultater/bedrift-og-mosjonslag-mix-flest-menn-holmenkollstafetten-2025/
2025,bedrift og mosjonslag mix flest menn,526,10070,Fædrelandsvennen 1 (Fædrelandsvennen),1:13:34,4414.0,https://www.sportsidioten.no/resultater/bedrift-og-mosjonslag-mix-flest-menn-holmenkollstafetten-2025/
2025,bedrift og mosjonslag mix flest menn,527,5239,Prodecon 1 (Prodecon AS),1:13:34,4414.0,https://www.sportsidioten.no/resultater/bedrift-og-mosjonslag-mix-flest-menn-holmenkollstafetten-2025/
2025,bedrift og mosjonslag mix flest menn,528,6422,Power Solutions Superheroes 1 (Aker Solutions),1:13:35,4415.0,https://www.sportsidioten.no/resultater/bedrift-og-mosjonslag-mix-flest-menn-holmenkollstafetten-2025/
2025,bedrift og mosjonslag mix flest menn,529,4256,Bane NOR Marienborg (Bane NOR),1:13:36,4416.0,https://www.sportsidioten.no/resultater/bedrift-og-mosjonslag-mix-flest-menn-holmenkollstafetten-2025/
2025,bedrift og mosjonslag mix flest menn,530,7657,Akvaplan-Niva sprinters (Akvaplan-Niva AS),1:13:37,4417.0,https://www.sportsidioten.no/resultater/bedrift-og-mosjonslag-mix-flest-menn-holmenkollstafetten-2025/
2025,bedrift og mosjonslag mix flest menn,531,9498,Advokatfirmaet Solver,1:13:38,4418.0,https://www.sportsidioten.no/resultater/bedrift-og-mosjonslag-mix-flest-menn-holmenkollstafetten-2025/
2025,bedrift og mosjonslag mix flest menn,532,6041,DNB – KapitalKondis 2.0 (DNB),1:13:39,4419.0,https://www.sportsidioten.no/resultater/bedrift-og-mosjonslag-mix-flest-menn-holmenkollstafetten-2025/
2025,bedrift og mosjonslag mix flest menn,533,10602,KDA Kjeller 1 (Kongsberg Defence & Aerospace),1:13:41,4421.0,https://www.sportsidioten.no/resultater/bedrift-og-mosjonslag-mix-flest-menn-holmenkollstafetten-2025/
2025,bedrift og mosjonslag mix flest menn,534,8003,Santander 1 (Santander Consumer Bank),1:13:41,4421.0,https://www.sportsidioten.no/resultater/bedrift-og-mosjonslag-mix-flest-menn-holmenkollstafetten-2025/
2025,bedrift og mosjonslag mix flest menn,535,5461,Dyrløkkeåsen Skole i Drøbak (Dyrløkkeåsen skole),1:13:42,4422.0,https://www.sportsidioten.no/resultater/bedrift-og-mosjonslag-mix-flest-menn-holmenkollstafetten-2025/
2025,bedrift og mosjonslag mix flest menn,536,9092,Ris skole,1:13:42,4422.0,https://www.sportsidioten.no/resultater/bedrift-og-mosjonslag-mix-flest-menn-holmenkollstafetten-2025/
2025,bedrift og mosjonslag mix flest menn,537,6441,EY BIL Energy 2 (Ernst & Young),1:13:44,4424.0,https://www.sportsidioten.no/resultater/bedrift-og-mosjonslag-mix-flest-menn-holmenkollstafetten-2025/
2025,bedrift og mosjonslag mix flest menn,538,5266,Kongsberg Maritime,1:13:45,4425.0,https://www.sportsidioten.no/resultater/bedrift-og-mosjonslag-mix-flest-menn-holmenkollstafetten-2025/
2025,bedrift og mosjonslag mix flest menn,539,9120,DNV Ship Classification 2 (DNV),1:13:46,4426.0,https://www.sportsidioten.no/resultater/bedrift-og-mosjonslag-mix-flest-menn-holmenkollstafetten-2025/
2025,bedrift og mosjonslag mix flest menn,540,6211,Deloitte Innlandet (Deloitte),1:13:47,4427.0,https://www.sportsidioten.no/resultater/bedrift-og-mosjonslag-mix-flest-menn-holmenkollstafetten-2025/
2025,bedrift og mosjonslag mix flest menn,541,7282,Realkapitalgruppen (Realkapital AS),1:13:49,4429.0,https://www.sportsidioten.no/resultater/bedrift-og-mosjonslag-mix-flest-menn-holmenkollstafetten-2025/
2025,bedrift og mosjonslag mix flest menn,542,7485,Eidsiva & Hafslund BIL 16 (Eidsiva & Hafslund),1:13:49,4429.0,https://www.sportsidioten.no/resultater/bedrift-og-mosjonslag-mix-flest-menn-holmenkollstafetten-2025/
2025,bedrift og mosjonslag mix flest menn,543,6646,Norges Fotballforbund,1:13:51,4431.0,https://www.sportsidioten.no/resultater/bedrift-og-mosjonslag-mix-flest-menn-holmenkollstafetten-2025/
2025,bedrift og mosjonslag mix flest menn,544,6626,Huddly,1:13:51,4431.0,https://www.sportsidioten.no/resultater/bedrift-og-mosjonslag-mix-flest-menn-holmenkollstafetten-2025/
2025,bedrift og mosjonslag mix flest menn,545,6284,Deloitte 22 (Deloitte BIL),1:13:51,4431.0,https://www.sportsidioten.no/resultater/bedrift-og-mosjonslag-mix-flest-menn-holmenkollstafetten-2025/
2025,bedrift og mosjonslag mix flest menn,546,8211,Accenture 8 (Accenture),1:13:52,4432.0,https://www.sportsidioten.no/resultater/bedrift-og-mosjonslag-mix-flest-menn-holmenkollstafetten-2025/
2025,bedrift og mosjonslag mix flest menn,547,9444,Advokatfirmaet BAHR AS 5 (Advokatfirmaet BAHR AS),1:13:53,4433.0,https://www.sportsidioten.no/resultater/bedrift-og-mosjonslag-mix-flest-menn-holmenkollstafetten-2025/
2025,bedrift og mosjonslag mix flest menn,548,9417,OUS Øyeavdelingen,1:13:53,4433.0,https://www.sportsidioten.no/resultater/bedrift-og-mosjonslag-mix-flest-menn-holmenkollstafetten-2025/
2025,bedrift og mosjonslag mix flest menn,549,5220,SPG (Scandinavian Property Group),1:13:54,4434.0,https://www.sportsidioten.no/resultater/bedrift-og-mosjonslag-mix-flest-menn-holmenkollstafetten-2025/
2025,bedrift og mosjonslag mix flest menn,550,11419,Kraftlaget Sognekraft (Sognekraft AS),1:13:55,4435.0,https://www.sportsidioten.no/resultater/bedrift-og-mosjonslag-mix-flest-menn-holmenkollstafetten-2025/
2025,bedrift og mosjonslag mix flest menn,551,5283,Justis- og beredskapsdepartementet 1 (Justis- og beredskapsdepartementet –),1:13:55,4435.0,https://www.sportsidioten.no/resultater/bedrift-og-mosjonslag-mix-flest-menn-holmenkollstafetten-2025/
2025,bedrift og mosjonslag mix flest menn,552,10256,Brødrene Jensen,1:13:56,4436.0,https://www.sportsidioten.no/resultater/bedrift-og-mosjonslag-mix-flest-menn-holmenkollstafetten-2025/
2025,bedrift og mosjonslag mix flest menn,553,11843,Team Coop 7 (Coop Norge SA),1:13:57,4437.0,https://www.sportsidioten.no/resultater/bedrift-og-mosjonslag-mix-flest-menn-holmenkollstafetten-2025/
2025,bedrift og mosjonslag mix flest menn,554,5255,Finansforbundet,1:13:57,4437.0,https://www.sportsidioten.no/resultater/bedrift-og-mosjonslag-mix-flest-menn-holmenkollstafetten-2025/
2025,bedrift og mosjonslag mix flest menn,555,10612,Rambøll Bygg (Rambøll Norge AS),1:13:58,4438.0,https://www.sportsidioten.no/resultater/bedrift-og-mosjonslag-mix-flest-menn-holmenkollstafetten-2025/
2025,bedrift og mosjonslag mix flest menn,556,6218,KPMG AS Silicon Sprinters (KPMG AS),1:13:58,4438.0,https://www.sportsidioten.no/resultater/bedrift-og-mosjonslag-mix-flest-menn-holmenkollstafetten-2025/
2025,bedrift og mosjonslag mix flest menn,557,6820,Progit Consulting AS,1:13:58,4438.0,https://www.sportsidioten.no/resultater/bedrift-og-mosjonslag-mix-flest-menn-holmenkollstafetten-2025/
2025,bedrift og mosjonslag mix flest menn,558,5227,Skuld 1 (Skuld),1:13:59,4439.0,https://www.sportsidioten.no/resultater/bedrift-og-mosjonslag-mix-flest-menn-holmenkollstafetten-2025/
2025,bedrift og mosjonslag mix flest menn,559,5233,Itera 1 (Itera),1:13:59,4439.0,https://www.sportsidioten.no/resultater/bedrift-og-mosjonslag-mix-flest-menn-holmenkollstafetten-2025/
2025,bedrift og mosjonslag mix flest menn,560,11284,"PAMS 1 (Paramedisinernes studentforening, PAMS)",1:13:59,4439.0,https://www.sportsidioten.no/resultater/bedrift-og-mosjonslag-mix-flest-menn-holmenkollstafetten-2025/
2025,bedrift og mosjonslag mix flest menn,561,6605,Heltberg Gymnas (Stiftelsen Heltberg),1:13:59,4439.0,https://www.sportsidioten.no/resultater/bedrift-og-mosjonslag-mix-flest-menn-holmenkollstafetten-2025/
2025,bedrift og mosjonslag mix flest menn,562,6436,EY Kristiansand,1:14:00,4440.0,https://www.sportsidioten.no/resultater/bedrift-og-mosjonslag-mix-flest-menn-holmenkollstafetten-2025/
2025,bedrift og mosjonslag mix flest menn,563,10452,løpTT (Lime Green Digital),1:14:00,4440.0,https://www.sportsidioten.no/resultater/bedrift-og-mosjonslag-mix-flest-menn-holmenkollstafetten-2025/
2025,bedrift og mosjonslag mix flest menn,564,9236,Future Technology (Future Technology AS),1:14:01,4441.0,https://www.sportsidioten.no/resultater/bedrift-og-mosjonslag-mix-flest-menn-holmenkollstafetten-2025/
2025,bedrift og mosjonslag mix flest menn,565,6015,"Buy low, run fast (DNB Markets)",1:14:01,4441.0,https://www.sportsidioten.no/resultater/bedrift-og-mosjonslag-mix-flest-menn-holmenkollstafetten-2025/
2025,bedrift og mosjonslag mix flest menn,566,5476,Juicy Joggers (Galleon Embedded Computing AS),1:14:02,4442.0,https://www.sportsidioten.no/resultater/bedrift-og-mosjonslag-mix-flest-menn-holmenkollstafetten-2025/
2025,bedrift og mosjonslag mix flest menn,567,7297,Statkraft Hy5 (Statkraft),1:14:02,4442.0,https://www.sportsidioten.no/resultater/bedrift-og-mosjonslag-mix-flest-menn-holmenkollstafetten-2025/
2025,bedrift og mosjonslag mix flest menn,568,5216,NTG-U Asker,1:14:03,4443.0,https://www.sportsidioten.no/resultater/bedrift-og-mosjonslag-mix-flest-menn-holmenkollstafetten-2025/
2025,bedrift og mosjonslag mix flest menn,569,6856,Norske SAS-flygeres forening,1:14:04,4444.0,https://www.sportsidioten.no/resultater/bedrift-og-mosjonslag-mix-flest-menn-holmenkollstafetten-2025/
2025,bedrift og mosjonslag mix flest menn,570,5439,Advokatfirmaet Vialto Partners 1 (Advokatfirmaet Vialto Partners AS),1:14:04,4444.0,https://www.sportsidioten.no/resultater/bedrift-og-mosjonslag-mix-flest-menn-holmenkollstafetten-2025/
2025,bedrift og mosjonslag mix flest menn,571,7053,Team Craft (New Wave Norway AS),1:14:04,4444.0,https://www.sportsidioten.no/resultater/bedrift-og-mosjonslag-mix-flest-menn-holmenkollstafetten-2025/
2025,bedrift og mosjonslag mix flest menn,572,10485,HCG (Horisont consulting group),1:14:06,4446.0,https://www.sportsidioten.no/resultater/bedrift-og-mosjonslag-mix-flest-menn-holmenkollstafetten-2025/
2025,bedrift og mosjonslag mix flest menn,573,11015,Integreat + DSB (University of Oslo),1:14:07,4447.0,https://www.sportsidioten.no/resultater/bedrift-og-mosjonslag-mix-flest-menn-holmenkollstafetten-2025/
2025,bedrift og mosjonslag mix flest menn,574,7056,Unitech Power Systems 2 (Unitech Power Systems AS),1:14:07,4447.0,https://www.sportsidioten.no/resultater/bedrift-og-mosjonslag-mix-flest-menn-holmenkollstafetten-2025/
2025,bedrift og mosjonslag mix flest menn,575,6279,Deloitte 14 (Deloitte BIL),1:14:11,4451.0,https://www.sportsidioten.no/resultater/bedrift-og-mosjonslag-mix-flest-menn-holmenkollstafetten-2025/
2025,bedrift og mosjonslag mix flest menn,576,7456,Eidsiva & Hafslund BIL 5 (Eidsiva & Hafslund),1:14:13,4453.0,https://www.sportsidioten.no/resultater/bedrift-og-mosjonslag-mix-flest-menn-holmenkollstafetten-2025/
2025,bedrift og mosjonslag mix flest menn,577,6824,BW LNG (BW LNG AS),1:14:13,4453.0,https://www.sportsidioten.no/resultater/bedrift-og-mosjonslag-mix-flest-menn-holmenkollstafetten-2025/
2025,bedrift og mosjonslag mix flest menn,578,5841,Scelto,1:14:13,4453.0,https://www.sportsidioten.no/resultater/bedrift-og-mosjonslag-mix-flest-menn-holmenkollstafetten-2025/
2025,bedrift og mosjonslag mix flest menn,579,6227,KPMG AS Human Capital (KPMG AS),1:14:13,4453.0,https://www.sportsidioten.no/resultater/bedrift-og-mosjonslag-mix-flest-menn-holmenkollstafetten-2025/
2025,bedrift og mosjonslag mix flest menn,580,7476,Eidsiva & Hafslund BIL 4 (Eidsiva & Hafslund),1:14:14,4454.0,https://www.sportsidioten.no/resultater/bedrift-og-mosjonslag-mix-flest-menn-holmenkollstafetten-2025/
2025,bedrift og mosjonslag mix flest menn,581,12261,Sats Ringnes Park (Sats),1:14:15,4455.0,https://www.sportsidioten.no/resultater/bedrift-og-mosjonslag-mix-flest-menn-holmenkollstafetten-2025/
2025,bedrift og mosjonslag mix flest menn,582,5844,Infront,1:14:15,4455.0,https://www.sportsidioten.no/resultater/bedrift-og-mosjonslag-mix-flest-menn-holmenkollstafetten-2025/
2025,bedrift og mosjonslag mix flest menn,583,7875,Sportradar (Sportradar AS),1:14:17,4457.0,https://www.sportsidioten.no/resultater/bedrift-og-mosjonslag-mix-flest-menn-holmenkollstafetten-2025/
2025,bedrift og mosjonslag mix flest menn,584,4227,Vatne Capital,1:14:17,4457.0,https://www.sportsidioten.no/resultater/bedrift-og-mosjonslag-mix-flest-menn-holmenkollstafetten-2025/
2025,bedrift og mosjonslag mix flest menn,585,8694,Oliasoft (Oliasoft AS),1:14:18,4458.0,https://www.sportsidioten.no/resultater/bedrift-og-mosjonslag-mix-flest-menn-holmenkollstafetten-2025/
2025,bedrift og mosjonslag mix flest menn,586,12104,Flow Technologies (Flow Technologies AS),1:14:18,4458.0,https://www.sportsidioten.no/resultater/bedrift-og-mosjonslag-mix-flest-menn-holmenkollstafetten-2025/
2025,bedrift og mosjonslag mix flest menn,587,6625,Statnett BIL Mix 2 (Statnett SF),1:14:19,4459.0,https://www.sportsidioten.no/resultater/bedrift-og-mosjonslag-mix-flest-menn-holmenkollstafetten-2025/
2025,bedrift og mosjonslag mix flest menn,588,7015,CICERO,1:14:19,4459.0,https://www.sportsidioten.no/resultater/bedrift-og-mosjonslag-mix-flest-menn-holmenkollstafetten-2025/
2025,bedrift og mosjonslag mix flest menn,589,6300,PwC Innlandet (PricewaterhouseCoopers),1:14:19,4459.0,https://www.sportsidioten.no/resultater/bedrift-og-mosjonslag-mix-flest-menn-holmenkollstafetten-2025/
2025,bedrift og mosjonslag mix flest menn,590,8820,Carbon Circle,1:14:20,4460.0,https://www.sportsidioten.no/resultater/bedrift-og-mosjonslag-mix-flest-menn-holmenkollstafetten-2025/
2025,bedrift og mosjonslag mix flest menn,591,12103,Oslo Skadelegevakt,1:14:21,4461.0,https://www.sportsidioten.no/resultater/bedrift-og-mosjonslag-mix-flest-menn-holmenkollstafetten-2025/
2025,bedrift og mosjonslag mix flest menn,592,5292,Ascender,1:14:22,4462.0,https://www.sportsidioten.no/resultater/bedrift-og-mosjonslag-mix-flest-menn-holmenkollstafetten-2025/
2025,bedrift og mosjonslag mix flest menn,593,6419,EY BIL EY-Parthenon 3 (EY),1:14:22,4462.0,https://www.sportsidioten.no/resultater/bedrift-og-mosjonslag-mix-flest-menn-holmenkollstafetten-2025/
2025,bedrift og mosjonslag mix flest menn,594,6021,DNB PDI IMP (DNB),1:14:23,4463.0,https://www.sportsidioten.no/resultater/bedrift-og-mosjonslag-mix-flest-menn-holmenkollstafetten-2025/
2025,bedrift og mosjonslag mix flest menn,595,7483,Eidsiva & Hafslund BIL 15 (Eidsiva & Hafslund),1:14:25,4465.0,https://www.sportsidioten.no/resultater/bedrift-og-mosjonslag-mix-flest-menn-holmenkollstafetten-2025/
2025,bedrift og mosjonslag mix flest menn,596,7035,PKF ReVisjon (PKF ReVisjon AS),1:14:26,4466.0,https://www.sportsidioten.no/resultater/bedrift-og-mosjonslag-mix-flest-menn-holmenkollstafetten-2025/
2025,bedrift og mosjonslag mix flest menn,597,7205,"Nordea Personal Banking (Nordea Bank Abp, filial i Norge)",1:14:26,4466.0,https://www.sportsidioten.no/resultater/bedrift-og-mosjonslag-mix-flest-menn-holmenkollstafetten-2025/
2025,bedrift og mosjonslag mix flest menn,598,8687,Team ØHjelp 2 (SI Reinsvoll),1:14:26,4466.0,https://www.sportsidioten.no/resultater/bedrift-og-mosjonslag-mix-flest-menn-holmenkollstafetten-2025/
2025,bedrift og mosjonslag mix flest menn,599,6852,"Vipps, så går det passe fort! (Vipps Mobilepay AS)",1:14:26,4466.0,https://www.sportsidioten.no/resultater/bedrift-og-mosjonslag-mix-flest-menn-holmenkollstafetten-2025/
2025,bedrift og mosjonslag mix flest menn,600,11891,Adigo Mekatronikk + DAT (Adigo Mekatronikk),1:14:28,4468.0,https://www.sportsidioten.no/resultater/bedrift-og-mosjonslag-mix-flest-menn-holmenkollstafetten-2025/
2025,bedrift og mosjonslag mix flest menn,601,11103,Nisseforeningen,1:14:28,4468.0,https://www.sportsidioten.no/resultater/bedrift-og-mosjonslag-mix-flest-menn-holmenkollstafetten-2025/
2025,bedrift og mosjonslag mix flest menn,602,11679,Familien Nikkers (Einar Film og Fortellinger AS),1:14:29,4469.0,https://www.sportsidioten.no/resultater/bedrift-og-mosjonslag-mix-flest-menn-holmenkollstafetten-2025/
2025,bedrift og mosjonslag mix flest menn,603,11063,SVS (Skedsmo videregående skole),1:14:31,4471.0,https://www.sportsidioten.no/resultater/bedrift-og-mosjonslag-mix-flest-menn-holmenkollstafetten-2025/
2025,bedrift og mosjonslag mix flest menn,604,7837,Asker vgs (Asker videregående skole),1:14:32,4472.0,https://www.sportsidioten.no/resultater/bedrift-og-mosjonslag-mix-flest-menn-holmenkollstafetten-2025/
2025,bedrift og mosjonslag mix flest menn,605,6610,Newsec (Newsec PAM AS),1:14:32,4472.0,https://www.sportsidioten.no/resultater/bedrift-og-mosjonslag-mix-flest-menn-holmenkollstafetten-2025/
2025,bedrift og mosjonslag mix flest menn,606,7881,Sommerro Stars (Sommerrogata Hotelldrift),1:14:34,4474.0,https://www.sportsidioten.no/resultater/bedrift-og-mosjonslag-mix-flest-menn-holmenkollstafetten-2025/
2025,bedrift og mosjonslag mix flest menn,607,5223,Treningscamp,1:14:35,4475.0,https://www.sportsidioten.no/resultater/bedrift-og-mosjonslag-mix-flest-menn-holmenkollstafetten-2025/
2025,bedrift og mosjonslag mix flest menn,608,10311,Nitschke (Nitschke AS),1:14:35,4475.0,https://www.sportsidioten.no/resultater/bedrift-og-mosjonslag-mix-flest-menn-holmenkollstafetten-2025/
2025,bedrift og mosjonslag mix flest menn,609,5475,Norges Bank IL – FST (Norges Bank Idrettslag),1:14:36,4476.0,https://www.sportsidioten.no/resultater/bedrift-og-mosjonslag-mix-flest-menn-holmenkollstafetten-2025/
2025,bedrift og mosjonslag mix flest menn,610,5276,PrivatMegleren Panorama,1:14:37,4477.0,https://www.sportsidioten.no/resultater/bedrift-og-mosjonslag-mix-flest-menn-holmenkollstafetten-2025/
2025,bedrift og mosjonslag mix flest menn,611,11601,Equinor Bil Oslo 2 (Equinor),1:14:37,4477.0,https://www.sportsidioten.no/resultater/bedrift-og-mosjonslag-mix-flest-menn-holmenkollstafetten-2025/
2025,bedrift og mosjonslag mix flest menn,612,5275,B-laget,1:14:38,4478.0,https://www.sportsidioten.no/resultater/bedrift-og-mosjonslag-mix-flest-menn-holmenkollstafetten-2025/
2025,bedrift og mosjonslag mix flest menn,613,6815,USBL 1 (Boligbyggelaget USBL),1:14:38,4478.0,https://www.sportsidioten.no/resultater/bedrift-og-mosjonslag-mix-flest-menn-holmenkollstafetten-2025/
2025,bedrift og mosjonslag mix flest menn,614,8022,URRA 1 (Uranienborg skole),1:14:41,4481.0,https://www.sportsidioten.no/resultater/bedrift-og-mosjonslag-mix-flest-menn-holmenkollstafetten-2025/
2025,bedrift og mosjonslag mix flest menn,615,7687,Knightec (Knightec Group),1:14:41,4481.0,https://www.sportsidioten.no/resultater/bedrift-og-mosjonslag-mix-flest-menn-holmenkollstafetten-2025/
2025,bedrift og mosjonslag mix flest menn,616,7224,AFRY 4 (AFRY NORWAY AS),1:14:44,4484.0,https://www.sportsidioten.no/resultater/bedrift-og-mosjonslag-mix-flest-menn-holmenkollstafetten-2025/
2025,bedrift og mosjonslag mix flest menn,617,7406,Eidsiva & Hafslund BIL 2 (Eidsiva & Hafslund),1:14:44,4484.0,https://www.sportsidioten.no/resultater/bedrift-og-mosjonslag-mix-flest-menn-holmenkollstafetten-2025/
2025,bedrift og mosjonslag mix flest menn,618,11672,Morgenstern,1:14:44,4484.0,https://www.sportsidioten.no/resultater/bedrift-og-mosjonslag-mix-flest-menn-holmenkollstafetten-2025/
2025,bedrift og mosjonslag mix flest menn,619,6104,DNB Gjøvik KS 2 (DNB),1:14:45,4485.0,https://www.sportsidioten.no/resultater/bedrift-og-mosjonslag-mix-flest-menn-holmenkollstafetten-2025/
2025,bedrift og mosjonslag mix flest menn,620,8646,Bane Nor Data & AI (Bane Nor SF),1:14:45,4485.0,https://www.sportsidioten.no/resultater/bedrift-og-mosjonslag-mix-flest-menn-holmenkollstafetten-2025/
2025,bedrift og mosjonslag mix flest menn,621,10876,Team BD (Business development Oslo) (Sopra Steria),1:14:45,4485.0,https://www.sportsidioten.no/resultater/bedrift-og-mosjonslag-mix-flest-menn-holmenkollstafetten-2025/
2025,bedrift og mosjonslag mix flest menn,622,7225,Jernbanedirektoratet,1:14:45,4485.0,https://www.sportsidioten.no/resultater/bedrift-og-mosjonslag-mix-flest-menn-holmenkollstafetten-2025/
2025,bedrift og mosjonslag mix flest menn,623,8652,Nettavisen,1:14:45,4485.0,https://www.sportsidioten.no/resultater/bedrift-og-mosjonslag-mix-flest-menn-holmenkollstafetten-2025/
2025,bedrift og mosjonslag mix flest menn,624,8116,DNB WMSI/STR TEAM 1 (DNB Bank ASA),1:14:46,4486.0,https://www.sportsidioten.no/resultater/bedrift-og-mosjonslag-mix-flest-menn-holmenkollstafetten-2025/
2025,bedrift og mosjonslag mix flest menn,625,7436,Asset Buyout Partners (Asset Buyout Partners AS),1:14:46,4486.0,https://www.sportsidioten.no/resultater/bedrift-og-mosjonslag-mix-flest-menn-holmenkollstafetten-2025/
2025,bedrift og mosjonslag mix flest menn,626,6258,KPMG AS CFO A(re) 2 (KPMG AS),1:14:48,4488.0,https://www.sportsidioten.no/resultater/bedrift-og-mosjonslag-mix-flest-menn-holmenkollstafetten-2025/
2025,bedrift og mosjonslag mix flest menn,627,6293,PwC Consulting Strategy (PricewaterhouseCoopers),1:14:49,4489.0,https://www.sportsidioten.no/resultater/bedrift-og-mosjonslag-mix-flest-menn-holmenkollstafetten-2025/
2025,bedrift og mosjonslag mix flest menn,628,7689,Fornebrur FK (Fornebu FK),1:14:49,4489.0,https://www.sportsidioten.no/resultater/bedrift-og-mosjonslag-mix-flest-menn-holmenkollstafetten-2025/
2025,bedrift og mosjonslag mix flest menn,629,6804,Sørum IL,1:14:49,4489.0,https://www.sportsidioten.no/resultater/bedrift-og-mosjonslag-mix-flest-menn-holmenkollstafetten-2025/
2025,bedrift og mosjonslag mix flest menn,630,7865,KAMS 1 (KAMS),1:14:49,4489.0,https://www.sportsidioten.no/resultater/bedrift-og-mosjonslag-mix-flest-menn-holmenkollstafetten-2025/
2025,bedrift og mosjonslag mix flest menn,631,4270,Techfolk (Techfolk AS),1:14:49,4489.0,https://www.sportsidioten.no/resultater/bedrift-og-mosjonslag-mix-flest-menn-holmenkollstafetten-2025/
2025,bedrift og mosjonslag mix flest menn,632,5410,SINTEF Matte & Kyb (SINTEF),1:14:50,4490.0,https://www.sportsidioten.no/resultater/bedrift-og-mosjonslag-mix-flest-menn-holmenkollstafetten-2025/
2025,bedrift og mosjonslag mix flest menn,633,9492,GKN Aerospace GAN BIL 1 (GKN Aerospace Norway AS),1:14:51,4491.0,https://www.sportsidioten.no/resultater/bedrift-og-mosjonslag-mix-flest-menn-holmenkollstafetten-2025/
2025,bedrift og mosjonslag mix flest menn,634,10833,Ås Ungdomsskole,1:14:52,4492.0,https://www.sportsidioten.no/resultater/bedrift-og-mosjonslag-mix-flest-menn-holmenkollstafetten-2025/
2025,bedrift og mosjonslag mix flest menn,635,5804,Klassekampen,1:14:52,4492.0,https://www.sportsidioten.no/resultater/bedrift-og-mosjonslag-mix-flest-menn-holmenkollstafetten-2025/
2025,bedrift og mosjonslag mix flest menn,636,11900,Marsh McLennan,1:14:54,4494.0,https://www.sportsidioten.no/resultater/bedrift-og-mosjonslag-mix-flest-menn-holmenkollstafetten-2025/
2025,bedrift og mosjonslag mix flest menn,637,5627,ASKO SENTRALLAGER 1 (NorgesGruppen ASA),1:14:54,4494.0,https://www.sportsidioten.no/resultater/bedrift-og-mosjonslag-mix-flest-menn-holmenkollstafetten-2025/
2025,bedrift og mosjonslag mix flest menn,638,8475,ShareLab (ShareLab AS),1:14:56,4496.0,https://www.sportsidioten.no/resultater/bedrift-og-mosjonslag-mix-flest-menn-holmenkollstafetten-2025/
2025,bedrift og mosjonslag mix flest menn,639,12202,Equinor team Trøndelag (Equinor),1:14:57,4497.0,https://www.sportsidioten.no/resultater/bedrift-og-mosjonslag-mix-flest-menn-holmenkollstafetten-2025/
2025,bedrift og mosjonslag mix flest menn,640,7651,Rambøll Veg Sør-Øst (Rambøll Norge AS),1:14:57,4497.0,https://www.sportsidioten.no/resultater/bedrift-og-mosjonslag-mix-flest-menn-holmenkollstafetten-2025/
2025,bedrift og mosjonslag mix flest menn,641,7876,Bane NOR – Signal Oslo (Bane NOR),1:14:58,4498.0,https://www.sportsidioten.no/resultater/bedrift-og-mosjonslag-mix-flest-menn-holmenkollstafetten-2025/
2025,bedrift og mosjonslag mix flest menn,642,5467,Nav DIR 1 1 (NAV-DIREKTORATET BEDRIFTSIDRETTSLAG),1:14:58,4498.0,https://www.sportsidioten.no/resultater/bedrift-og-mosjonslag-mix-flest-menn-holmenkollstafetten-2025/
2025,bedrift og mosjonslag mix flest menn,643,7303,Statkraft CFO (Statkraft),1:14:59,4499.0,https://www.sportsidioten.no/resultater/bedrift-og-mosjonslag-mix-flest-menn-holmenkollstafetten-2025/
2025,bedrift og mosjonslag mix flest menn,644,8654,Medisitm Dragons (Medistim),1:14:59,4499.0,https://www.sportsidioten.no/resultater/bedrift-og-mosjonslag-mix-flest-menn-holmenkollstafetten-2025/
2025,bedrift og mosjonslag mix flest menn,645,6070,Sparebankstiftelsen DNB,1:14:59,4499.0,https://www.sportsidioten.no/resultater/bedrift-og-mosjonslag-mix-flest-menn-holmenkollstafetten-2025/
2025,bedrift og mosjonslag mix flest menn,646,7686,DNV Safety Risk (DNV),1:15:00,4500.0,https://www.sportsidioten.no/resultater/bedrift-og-mosjonslag-mix-flest-menn-holmenkollstafetten-2025/
2025,bedrift og mosjonslag mix flest menn,647,7802,Stacc (Stacc AS),1:15:01,4501.0,https://www.sportsidioten.no/resultater/bedrift-og-mosjonslag-mix-flest-menn-holmenkollstafetten-2025/
2025,bedrift og mosjonslag mix flest menn,648,10074,Orkla 4 (Orkla),1:15:02,4502.0,https://www.sportsidioten.no/resultater/bedrift-og-mosjonslag-mix-flest-menn-holmenkollstafetten-2025/
2025,bedrift og mosjonslag mix flest menn,649,7633,ECOnnect Energy (ECOnnect Energy AS),1:15:02,4502.0,https://www.sportsidioten.no/resultater/bedrift-og-mosjonslag-mix-flest-menn-holmenkollstafetten-2025/
2025,bedrift og mosjonslag mix flest menn,650,6297,PwC Deals 2 (PricewaterhouseCoopers),1:15:03,4503.0,https://www.sportsidioten.no/resultater/bedrift-og-mosjonslag-mix-flest-menn-holmenkollstafetten-2025/
2025,bedrift og mosjonslag mix flest menn,651,7661,Capra 1 (Capra),1:15:03,4503.0,https://www.sportsidioten.no/resultater/bedrift-og-mosjonslag-mix-flest-menn-holmenkollstafetten-2025/
2025,bedrift og mosjonslag mix flest menn,652,7808,Tjøme Løpeklubb,1:15:04,4504.0,https://www.sportsidioten.no/resultater/bedrift-og-mosjonslag-mix-flest-menn-holmenkollstafetten-2025/
2025,bedrift og mosjonslag mix flest menn,653,7001,McKinsey & Company 1 (McKinsey & Company),1:15:05,4505.0,https://www.sportsidioten.no/resultater/bedrift-og-mosjonslag-mix-flest-menn-holmenkollstafetten-2025/
2025,bedrift og mosjonslag mix flest menn,654,5851,CCSE/CompSci (Universitetet i Oslo – CompSci/CCSE),1:15:05,4505.0,https://www.sportsidioten.no/resultater/bedrift-og-mosjonslag-mix-flest-menn-holmenkollstafetten-2025/
2025,bedrift og mosjonslag mix flest menn,655,4246,Aize,1:15:06,4506.0,https://www.sportsidioten.no/resultater/bedrift-og-mosjonslag-mix-flest-menn-holmenkollstafetten-2025/
2025,bedrift og mosjonslag mix flest menn,656,5264,Eiendomsverdi AS,1:15:06,4506.0,https://www.sportsidioten.no/resultater/bedrift-og-mosjonslag-mix-flest-menn-holmenkollstafetten-2025/
2025,bedrift og mosjonslag mix flest menn,657,7036,Capgemini Invent 3 (Capgemini Invent),1:15:07,4507.0,https://www.sportsidioten.no/resultater/bedrift-og-mosjonslag-mix-flest-menn-holmenkollstafetten-2025/
2025,bedrift og mosjonslag mix flest menn,658,7868,TØI – forskning i bevegelse 1 (Transportøkonomisk Institutt),1:15:07,4507.0,https://www.sportsidioten.no/resultater/bedrift-og-mosjonslag-mix-flest-menn-holmenkollstafetten-2025/
2025,bedrift og mosjonslag mix flest menn,659,11613,Norske tog,1:15:07,4507.0,https://www.sportsidioten.no/resultater/bedrift-og-mosjonslag-mix-flest-menn-holmenkollstafetten-2025/
2025,bedrift og mosjonslag mix flest menn,660,5214,Vend (Schibsted ASA),1:15:09,4509.0,https://www.sportsidioten.no/resultater/bedrift-og-mosjonslag-mix-flest-menn-holmenkollstafetten-2025/
2025,bedrift og mosjonslag mix flest menn,661,7618,Eiendoms- og byfornyelsesetaten,1:15:09,4509.0,https://www.sportsidioten.no/resultater/bedrift-og-mosjonslag-mix-flest-menn-holmenkollstafetten-2025/
2025,bedrift og mosjonslag mix flest menn,662,6409,Young Solutioneers 2 (Aker Solutions),1:15:10,4510.0,https://www.sportsidioten.no/resultater/bedrift-og-mosjonslag-mix-flest-menn-holmenkollstafetten-2025/
2025,bedrift og mosjonslag mix flest menn,663,4233,Team Coop 1 (Coop Norge),1:15:10,4510.0,https://www.sportsidioten.no/resultater/bedrift-og-mosjonslag-mix-flest-menn-holmenkollstafetten-2025/
2025,bedrift og mosjonslag mix flest menn,664,7804,Svelgen Turn og Idrettsforening,1:15:11,4511.0,https://www.sportsidioten.no/resultater/bedrift-og-mosjonslag-mix-flest-menn-holmenkollstafetten-2025/
2025,bedrift og mosjonslag mix flest menn,665,7465,REITAN RETAIL – REMA 1000 P&A (REITAN RETAIL),1:15:11,4511.0,https://www.sportsidioten.no/resultater/bedrift-og-mosjonslag-mix-flest-menn-holmenkollstafetten-2025/
2025,bedrift og mosjonslag mix flest menn,666,4249,UNION Gruppen,1:15:12,4512.0,https://www.sportsidioten.no/resultater/bedrift-og-mosjonslag-mix-flest-menn-holmenkollstafetten-2025/
2025,bedrift og mosjonslag mix flest menn,667,10238,Longship (Longship AS),1:15:12,4512.0,https://www.sportsidioten.no/resultater/bedrift-og-mosjonslag-mix-flest-menn-holmenkollstafetten-2025/
2025,bedrift og mosjonslag mix flest menn,668,7858,Magnus Legal (Advokatfirmaet Magnus Legal AS),1:15:13,4513.0,https://www.sportsidioten.no/resultater/bedrift-og-mosjonslag-mix-flest-menn-holmenkollstafetten-2025/
2025,bedrift og mosjonslag mix flest menn,669,10857,Talkmore (Talkmore AS),1:15:14,4514.0,https://www.sportsidioten.no/resultater/bedrift-og-mosjonslag-mix-flest-menn-holmenkollstafetten-2025/
2025,bedrift og mosjonslag mix flest menn,670,5812,Novartis (Novartis Norge AS),1:15:15,4515.0,https://www.sportsidioten.no/resultater/bedrift-og-mosjonslag-mix-flest-menn-holmenkollstafetten-2025/
2025,bedrift og mosjonslag mix flest menn,671,6478,EY BIL Shipping 3 (EY),1:15:15,4515.0,https://www.sportsidioten.no/resultater/bedrift-og-mosjonslag-mix-flest-menn-holmenkollstafetten-2025/
2025,bedrift og mosjonslag mix flest menn,672,6275,Deloitte 19 (Deloitte BIL),1:15:15,4515.0,https://www.sportsidioten.no/resultater/bedrift-og-mosjonslag-mix-flest-menn-holmenkollstafetten-2025/
2025,bedrift og mosjonslag mix flest menn,673,6487,Telia Finans (Telia Norge),1:15:15,4515.0,https://www.sportsidioten.no/resultater/bedrift-og-mosjonslag-mix-flest-menn-holmenkollstafetten-2025/
2025,bedrift og mosjonslag mix flest menn,674,11291,Råholt ungdomsskole,1:15:16,4516.0,https://www.sportsidioten.no/resultater/bedrift-og-mosjonslag-mix-flest-menn-holmenkollstafetten-2025/
2025,bedrift og mosjonslag mix flest menn,675,7616,Statsbygg BIL 2 (Statsbygg),1:15:16,4516.0,https://www.sportsidioten.no/resultater/bedrift-og-mosjonslag-mix-flest-menn-holmenkollstafetten-2025/
2025,bedrift og mosjonslag mix flest menn,676,8117,Team Nordic (Nordic Padel),1:15:16,4516.0,https://www.sportsidioten.no/resultater/bedrift-og-mosjonslag-mix-flest-menn-holmenkollstafetten-2025/
2025,bedrift og mosjonslag mix flest menn,677,6311,PwC Consulting PIM (PricewaterhouseCoopers),1:15:17,4517.0,https://www.sportsidioten.no/resultater/bedrift-og-mosjonslag-mix-flest-menn-holmenkollstafetten-2025/
2025,bedrift og mosjonslag mix flest menn,678,10111,REBIL (Rebil Mobility AS),1:15:18,4518.0,https://www.sportsidioten.no/resultater/bedrift-og-mosjonslag-mix-flest-menn-holmenkollstafetten-2025/
2025,bedrift og mosjonslag mix flest menn,679,5432,Grieg Team (Grieg Maturitas II),1:15:18,4518.0,https://www.sportsidioten.no/resultater/bedrift-og-mosjonslag-mix-flest-menn-holmenkollstafetten-2025/
2025,bedrift og mosjonslag mix flest menn,680,10319,Fortum 2 (Fortum),1:15:19,4519.0,https://www.sportsidioten.no/resultater/bedrift-og-mosjonslag-mix-flest-menn-holmenkollstafetten-2025/
2025,bedrift og mosjonslag mix flest menn,681,7304,Statkraft 1 (Statkraft),1:15:19,4519.0,https://www.sportsidioten.no/resultater/bedrift-og-mosjonslag-mix-flest-menn-holmenkollstafetten-2025/
2025,bedrift og mosjonslag mix flest menn,682,8489,Bertel O. Steen Logistikk,1:15:21,4521.0,https://www.sportsidioten.no/resultater/bedrift-og-mosjonslag-mix-flest-menn-holmenkollstafetten-2025/
2025,bedrift og mosjonslag mix flest menn,683,5434,Ingenia,1:15:21,4521.0,https://www.sportsidioten.no/resultater/bedrift-og-mosjonslag-mix-flest-menn-holmenkollstafetten-2025/
2025,bedrift og mosjonslag mix flest menn,684,5803,SNØ OSLO AS (SNØ Oslo),1:15:22,4522.0,https://www.sportsidioten.no/resultater/bedrift-og-mosjonslag-mix-flest-menn-holmenkollstafetten-2025/
2025,bedrift og mosjonslag mix flest menn,685,8224,Salesforce Norge (Salesforce),1:15:23,4523.0,https://www.sportsidioten.no/resultater/bedrift-og-mosjonslag-mix-flest-menn-holmenkollstafetten-2025/
2025,bedrift og mosjonslag mix flest menn,686,7803,BearingPoint 2 (BearingPoint Norge AS),1:15:23,4523.0,https://www.sportsidioten.no/resultater/bedrift-og-mosjonslag-mix-flest-menn-holmenkollstafetten-2025/
2025,bedrift og mosjonslag mix flest menn,687,5452,Advokatfirmaet Ness Lundin,1:15:24,4524.0,https://www.sportsidioten.no/resultater/bedrift-og-mosjonslag-mix-flest-menn-holmenkollstafetten-2025/
2025,bedrift og mosjonslag mix flest menn,688,7021,Ræder Bing Advokatfirma 1 (Ræder Bing Advokatfirma AS),1:15:24,4524.0,https://www.sportsidioten.no/resultater/bedrift-og-mosjonslag-mix-flest-menn-holmenkollstafetten-2025/
2025,bedrift og mosjonslag mix flest menn,689,6414,EY BIL Shipping 2 (EY),1:15:24,4524.0,https://www.sportsidioten.no/resultater/bedrift-og-mosjonslag-mix-flest-menn-holmenkollstafetten-2025/
2025,bedrift og mosjonslag mix flest menn,690,6833,Fornebubanen (Oslo kommune Fornebubanen),1:15:25,4525.0,https://www.sportsidioten.no/resultater/bedrift-og-mosjonslag-mix-flest-menn-holmenkollstafetten-2025/
2025,bedrift og mosjonslag mix flest menn,691,5433,Wang Toppidrett Oslo (Wang Toppidrett),1:15:25,4525.0,https://www.sportsidioten.no/resultater/bedrift-og-mosjonslag-mix-flest-menn-holmenkollstafetten-2025/
2025,bedrift og mosjonslag mix flest menn,692,6675,Telenor 2 (Telenor),1:15:27,4527.0,https://www.sportsidioten.no/resultater/bedrift-og-mosjonslag-mix-flest-menn-holmenkollstafetten-2025/
2025,bedrift og mosjonslag mix flest menn,693,5832,Frend (Frend Digital AS),1:15:27,4527.0,https://www.sportsidioten.no/resultater/bedrift-og-mosjonslag-mix-flest-menn-holmenkollstafetten-2025/
2025,bedrift og mosjonslag mix flest menn,694,5474,Team NPRO (Norwegian Property),1:15:28,4528.0,https://www.sportsidioten.no/resultater/bedrift-og-mosjonslag-mix-flest-menn-holmenkollstafetten-2025/
2025,bedrift og mosjonslag mix flest menn,695,7084,McKinsey & Company 2 (McKinsey & Company),1:15:28,4528.0,https://www.sportsidioten.no/resultater/bedrift-og-mosjonslag-mix-flest-menn-holmenkollstafetten-2025/
2025,bedrift og mosjonslag mix flest menn,696,8087,Kongsberg Digital 2 (Kongsberg Digital),1:15:28,4528.0,https://www.sportsidioten.no/resultater/bedrift-og-mosjonslag-mix-flest-menn-holmenkollstafetten-2025/
2025,bedrift og mosjonslag mix flest menn,697,7305,Nordea Bank 2 (Nordea Bank),1:15:29,4529.0,https://www.sportsidioten.no/resultater/bedrift-og-mosjonslag-mix-flest-menn-holmenkollstafetten-2025/
2025,bedrift og mosjonslag mix flest menn,698,8263,North-X (Decon-X International AS),1:15:29,4529.0,https://www.sportsidioten.no/resultater/bedrift-og-mosjonslag-mix-flest-menn-holmenkollstafetten-2025/
2025,bedrift og mosjonslag mix flest menn,699,7259,Avinor BIL HK 2 (Avinor AS),1:15:30,4530.0,https://www.sportsidioten.no/resultater/bedrift-og-mosjonslag-mix-flest-menn-holmenkollstafetten-2025/
2025,bedrift og mosjonslag mix flest menn,700,7907,DB Schenker 2 (DB Schenker),1:15:31,4531.0,https://www.sportsidioten.no/resultater/bedrift-og-mosjonslag-mix-flest-menn-holmenkollstafetten-2025/
2025,bedrift og mosjonslag mix flest menn,701,7464,REITAN RETAIL – REMA 1000 K&I (REITAN RETAIL),1:15:34,4534.0,https://www.sportsidioten.no/resultater/bedrift-og-mosjonslag-mix-flest-menn-holmenkollstafetten-2025/
2025,bedrift og mosjonslag mix flest menn,702,7617,Elkem (Elkem ASA),1:15:34,4534.0,https://www.sportsidioten.no/resultater/bedrift-og-mosjonslag-mix-flest-menn-holmenkollstafetten-2025/
2025,bedrift og mosjonslag mix flest menn,703,7002,Oda Social Team 1 (Oda Group Services),1:15:35,4535.0,https://www.sportsidioten.no/resultater/bedrift-og-mosjonslag-mix-flest-menn-holmenkollstafetten-2025/
2025,bedrift og mosjonslag mix flest menn,704,5894,BDO Revisjon – Handel (BDO AS),1:15:37,4537.0,https://www.sportsidioten.no/resultater/bedrift-og-mosjonslag-mix-flest-menn-holmenkollstafetten-2025/
2025,bedrift og mosjonslag mix flest menn,705,6821,Puls Flisa 1 (Puls Flisa),1:15:37,4537.0,https://www.sportsidioten.no/resultater/bedrift-og-mosjonslag-mix-flest-menn-holmenkollstafetten-2025/
2025,bedrift og mosjonslag mix flest menn,706,7427,AKS Lysejordet (Aktivitetsskolen Lysejordet),1:15:38,4538.0,https://www.sportsidioten.no/resultater/bedrift-og-mosjonslag-mix-flest-menn-holmenkollstafetten-2025/
2025,bedrift og mosjonslag mix flest menn,707,8242,NKI Holding,1:15:38,4538.0,https://www.sportsidioten.no/resultater/bedrift-og-mosjonslag-mix-flest-menn-holmenkollstafetten-2025/
2025,bedrift og mosjonslag mix flest menn,708,7611,Clarksons Platou AS 1 (Clarksons Norge),1:15:39,4539.0,https://www.sportsidioten.no/resultater/bedrift-og-mosjonslag-mix-flest-menn-holmenkollstafetten-2025/
2025,bedrift og mosjonslag mix flest menn,709,10484,J.P. Morgan,1:15:40,4540.0,https://www.sportsidioten.no/resultater/bedrift-og-mosjonslag-mix-flest-menn-holmenkollstafetten-2025/
2025,bedrift og mosjonslag mix flest menn,710,8287,Hyre (Hyre AS),1:15:41,4541.0,https://www.sportsidioten.no/resultater/bedrift-og-mosjonslag-mix-flest-menn-holmenkollstafetten-2025/
2025,bedrift og mosjonslag mix flest menn,711,7279,Nordea Løpende Kundekontroll (Nordea),1:15:42,4542.0,https://www.sportsidioten.no/resultater/bedrift-og-mosjonslag-mix-flest-menn-holmenkollstafetten-2025/
2025,bedrift og mosjonslag mix flest menn,712,11497,NydalenEkspressen (Nydalen VGS),1:15:42,4542.0,https://www.sportsidioten.no/resultater/bedrift-og-mosjonslag-mix-flest-menn-holmenkollstafetten-2025/
2025,bedrift og mosjonslag mix flest menn,713,6424,EY BIL Retail 1 (EY),1:15:42,4542.0,https://www.sportsidioten.no/resultater/bedrift-og-mosjonslag-mix-flest-menn-holmenkollstafetten-2025/
2025,bedrift og mosjonslag mix flest menn,714,10112,Real Team Six (Six Robotics AS),1:15:44,4544.0,https://www.sportsidioten.no/resultater/bedrift-og-mosjonslag-mix-flest-menn-holmenkollstafetten-2025/
2025,bedrift og mosjonslag mix flest menn,715,7016,Atelier Oslo (Atelier Oslo AS),1:15:44,4544.0,https://www.sportsidioten.no/resultater/bedrift-og-mosjonslag-mix-flest-menn-holmenkollstafetten-2025/
2025,bedrift og mosjonslag mix flest menn,716,5496,Midtstuen skole,1:15:44,4544.0,https://www.sportsidioten.no/resultater/bedrift-og-mosjonslag-mix-flest-menn-holmenkollstafetten-2025/
2025,bedrift og mosjonslag mix flest menn,717,11051,Current Eco,1:15:44,4544.0,https://www.sportsidioten.no/resultater/bedrift-og-mosjonslag-mix-flest-menn-holmenkollstafetten-2025/
2025,bedrift og mosjonslag mix flest menn,718,6285,Deloitte 5 (Deloitte BIL),1:15:45,4545.0,https://www.sportsidioten.no/resultater/bedrift-og-mosjonslag-mix-flest-menn-holmenkollstafetten-2025/
2025,bedrift og mosjonslag mix flest menn,719,7655,Storøen (Storøya skole),1:15:46,4546.0,https://www.sportsidioten.no/resultater/bedrift-og-mosjonslag-mix-flest-menn-holmenkollstafetten-2025/
2025,bedrift og mosjonslag mix flest menn,720,5486,ABB BIL 5 (ABB),1:15:46,4546.0,https://www.sportsidioten.no/resultater/bedrift-og-mosjonslag-mix-flest-menn-holmenkollstafetten-2025/
2025,bedrift og mosjonslag mix flest menn,721,7274,Nordea Finance 2 (Nordea Finans Norge AS),1:15:46,4546.0,https://www.sportsidioten.no/resultater/bedrift-og-mosjonslag-mix-flest-menn-holmenkollstafetten-2025/
2025,bedrift og mosjonslag mix flest menn,722,7257,Zivid (Zivid AS),1:15:48,4548.0,https://www.sportsidioten.no/resultater/bedrift-og-mosjonslag-mix-flest-menn-holmenkollstafetten-2025/
2025,bedrift og mosjonslag mix flest menn,723,10411,MOVE x Hagal (Hagal AS),1:15:49,4549.0,https://www.sportsidioten.no/resultater/bedrift-og-mosjonslag-mix-flest-menn-holmenkollstafetten-2025/
2025,bedrift og mosjonslag mix flest menn,724,6408,EY BIL Skye (EY),1:15:49,4549.0,https://www.sportsidioten.no/resultater/bedrift-og-mosjonslag-mix-flest-menn-holmenkollstafetten-2025/
2025,bedrift og mosjonslag mix flest menn,725,6012,DNB Group Security 1 (DNB BANK ASA),1:15:50,4550.0,https://www.sportsidioten.no/resultater/bedrift-og-mosjonslag-mix-flest-menn-holmenkollstafetten-2025/
2025,bedrift og mosjonslag mix flest menn,726,5487,Avdeling for Medisinsk Fysikk (OUS),1:15:50,4550.0,https://www.sportsidioten.no/resultater/bedrift-og-mosjonslag-mix-flest-menn-holmenkollstafetten-2025/
2025,bedrift og mosjonslag mix flest menn,727,7014,Ungdomsakutten (Barne- og familieetaten),1:15:55,4555.0,https://www.sportsidioten.no/resultater/bedrift-og-mosjonslag-mix-flest-menn-holmenkollstafetten-2025/
2025,bedrift og mosjonslag mix flest menn,728,6031,DNB Asset Management 2 (DNB Asset Management),1:15:55,4555.0,https://www.sportsidioten.no/resultater/bedrift-og-mosjonslag-mix-flest-menn-holmenkollstafetten-2025/
2025,bedrift og mosjonslag mix flest menn,729,11449,Gausdal 1 1 (Gausdal Landhandleri),1:15:55,4555.0,https://www.sportsidioten.no/resultater/bedrift-og-mosjonslag-mix-flest-menn-holmenkollstafetten-2025/
2025,bedrift og mosjonslag mix flest menn,730,8437,Oaklins (Oaklins Norway AS),1:15:56,4556.0,https://www.sportsidioten.no/resultater/bedrift-og-mosjonslag-mix-flest-menn-holmenkollstafetten-2025/
2025,bedrift og mosjonslag mix flest menn,731,5411,Alfred Berg Kapitalforvaltning,1:15:56,4556.0,https://www.sportsidioten.no/resultater/bedrift-og-mosjonslag-mix-flest-menn-holmenkollstafetten-2025/
2025,bedrift og mosjonslag mix flest menn,732,7477,Eidsiva & Hafslund BIL 11 (Eidsiva & Hafslund),1:15:57,4557.0,https://www.sportsidioten.no/resultater/bedrift-og-mosjonslag-mix-flest-menn-holmenkollstafetten-2025/
2025,bedrift og mosjonslag mix flest menn,733,5407,Lundhagem (Lundhagem Arkitekter AS),1:15:57,4557.0,https://www.sportsidioten.no/resultater/bedrift-og-mosjonslag-mix-flest-menn-holmenkollstafetten-2025/
2025,bedrift og mosjonslag mix flest menn,734,7450,Uniconsult BIL 2 (Uniconsult),1:15:57,4557.0,https://www.sportsidioten.no/resultater/bedrift-og-mosjonslag-mix-flest-menn-holmenkollstafetten-2025/
2025,bedrift og mosjonslag mix flest menn,735,7629,Fridtjof Nansens Instituttt (Fridtjof Nansens Institutt),1:15:57,4557.0,https://www.sportsidioten.no/resultater/bedrift-og-mosjonslag-mix-flest-menn-holmenkollstafetten-2025/
2025,bedrift og mosjonslag mix flest menn,736,8453,Greensocks Old Stars,1:15:57,4557.0,https://www.sportsidioten.no/resultater/bedrift-og-mosjonslag-mix-flest-menn-holmenkollstafetten-2025/
2025,bedrift og mosjonslag mix flest menn,737,8026,Tribe Commercial (Gjensidige Forsikring ASA),1:15:58,4558.0,https://www.sportsidioten.no/resultater/bedrift-og-mosjonslag-mix-flest-menn-holmenkollstafetten-2025/
2025,bedrift og mosjonslag mix flest menn,738,10809,Møller Bil Ensjø og Etterstad (Møller Bil Øst),1:15:58,4558.0,https://www.sportsidioten.no/resultater/bedrift-og-mosjonslag-mix-flest-menn-holmenkollstafetten-2025/
2025,bedrift og mosjonslag mix flest menn,739,8621,Romerike Sparebank,1:15:59,4559.0,https://www.sportsidioten.no/resultater/bedrift-og-mosjonslag-mix-flest-menn-holmenkollstafetten-2025/
2025,bedrift og mosjonslag mix flest menn,740,6001,DNBMARKETS15 (DNB Markets),1:15:59,4559.0,https://www.sportsidioten.no/resultater/bedrift-og-mosjonslag-mix-flest-menn-holmenkollstafetten-2025/
2025,bedrift og mosjonslag mix flest menn,741,5490,Be Your Best AS,1:16:00,4560.0,https://www.sportsidioten.no/resultater/bedrift-og-mosjonslag-mix-flest-menn-holmenkollstafetten-2025/
2025,bedrift og mosjonslag mix flest menn,742,11701,Team Vow (Scanship AS),1:16:00,4560.0,https://www.sportsidioten.no/resultater/bedrift-og-mosjonslag-mix-flest-menn-holmenkollstafetten-2025/
2025,bedrift og mosjonslag mix flest menn,743,6236,Gard AS 2 (Gard AS),1:16:01,4561.0,https://www.sportsidioten.no/resultater/bedrift-og-mosjonslag-mix-flest-menn-holmenkollstafetten-2025/
2025,bedrift og mosjonslag mix flest menn,744,5248,NVE 3 (Norges vassdrags og energidirektorat),1:16:01,4561.0,https://www.sportsidioten.no/resultater/bedrift-og-mosjonslag-mix-flest-menn-holmenkollstafetten-2025/
2025,bedrift og mosjonslag mix flest menn,745,7679,Pixel Pacers (Sopra Steria),1:16:02,4562.0,https://www.sportsidioten.no/resultater/bedrift-og-mosjonslag-mix-flest-menn-holmenkollstafetten-2025/
2025,bedrift og mosjonslag mix flest menn,746,7410,Eidsiva & Hafslund BIL 6 (Eidsiva & Hafslund),1:16:02,4562.0,https://www.sportsidioten.no/resultater/bedrift-og-mosjonslag-mix-flest-menn-holmenkollstafetten-2025/
2025,bedrift og mosjonslag mix flest menn,747,11070,Public Property Invest ASA,1:16:04,4564.0,https://www.sportsidioten.no/resultater/bedrift-og-mosjonslag-mix-flest-menn-holmenkollstafetten-2025/
2025,bedrift og mosjonslag mix flest menn,748,5429,IWS (Integrated Wind Solutions AS),1:16:05,4565.0,https://www.sportsidioten.no/resultater/bedrift-og-mosjonslag-mix-flest-menn-holmenkollstafetten-2025/
2025,bedrift og mosjonslag mix flest menn,749,6623,Nordic Trustee 1 (Nordic Trustee AS),1:16:08,4568.0,https://www.sportsidioten.no/resultater/bedrift-og-mosjonslag-mix-flest-menn-holmenkollstafetten-2025/
2025,bedrift og mosjonslag mix flest menn,750,7662,Urologen Aker (Oslo Universitetssykehus),1:16:08,4568.0,https://www.sportsidioten.no/resultater/bedrift-og-mosjonslag-mix-flest-menn-holmenkollstafetten-2025/
2025,bedrift og mosjonslag mix flest menn,751,9209,Tietoevry Tech Services 1 (Tietoevry Tech Services Norway AS),1:16:08,4568.0,https://www.sportsidioten.no/resultater/bedrift-og-mosjonslag-mix-flest-menn-holmenkollstafetten-2025/
2025,bedrift og mosjonslag mix flest menn,752,6607,Axaz,1:16:09,4569.0,https://www.sportsidioten.no/resultater/bedrift-og-mosjonslag-mix-flest-menn-holmenkollstafetten-2025/
2025,bedrift og mosjonslag mix flest menn,753,6649,Advokatfirmaet BAHR AS 3 (Advokatfirmaet BAHR AS),1:16:09,4569.0,https://www.sportsidioten.no/resultater/bedrift-og-mosjonslag-mix-flest-menn-holmenkollstafetten-2025/
2025,bedrift og mosjonslag mix flest menn,754,6018,DNB Future & Tech Industries (DNB),1:16:11,4571.0,https://www.sportsidioten.no/resultater/bedrift-og-mosjonslag-mix-flest-menn-holmenkollstafetten-2025/
2025,bedrift og mosjonslag mix flest menn,755,5814,Filmreaktor 1 (Filmreaktor AS),1:16:12,4572.0,https://www.sportsidioten.no/resultater/bedrift-og-mosjonslag-mix-flest-menn-holmenkollstafetten-2025/
2025,bedrift og mosjonslag mix flest menn,756,10106,Akuttpsyk 2 (Akuttpsykiatrisk avdeling Ullevål),1:16:12,4572.0,https://www.sportsidioten.no/resultater/bedrift-og-mosjonslag-mix-flest-menn-holmenkollstafetten-2025/
2025,bedrift og mosjonslag mix flest menn,757,8276,IFI-Navet,1:16:13,4573.0,https://www.sportsidioten.no/resultater/bedrift-og-mosjonslag-mix-flest-menn-holmenkollstafetten-2025/
2025,bedrift og mosjonslag mix flest menn,758,5826,Rosenvilde (Rosenvilde videregående skole),1:16:13,4573.0,https://www.sportsidioten.no/resultater/bedrift-og-mosjonslag-mix-flest-menn-holmenkollstafetten-2025/
2025,bedrift og mosjonslag mix flest menn,759,6502,Bekk 4 (Bekk Consulting AS),1:16:13,4573.0,https://www.sportsidioten.no/resultater/bedrift-og-mosjonslag-mix-flest-menn-holmenkollstafetten-2025/
2025,bedrift og mosjonslag mix flest menn,760,5813,Knif Trygghet AS (Knif Trygghet Forsikring AS),1:16:15,4575.0,https://www.sportsidioten.no/resultater/bedrift-og-mosjonslag-mix-flest-menn-holmenkollstafetten-2025/
2025,bedrift og mosjonslag mix flest menn,761,11654,Team Høvikklinikken (Høvikklinikken),1:16:15,4575.0,https://www.sportsidioten.no/resultater/bedrift-og-mosjonslag-mix-flest-menn-holmenkollstafetten-2025/
2025,bedrift og mosjonslag mix flest menn,762,4274,HENT AS 1,1:16:18,4578.0,https://www.sportsidioten.no/resultater/bedrift-og-mosjonslag-mix-flest-menn-holmenkollstafetten-2025/
2025,bedrift og mosjonslag mix flest menn,763,10105,Akuttpsyk 1 (Akuttpsykiatrisk avdeling Ullevål),1:16:18,4578.0,https://www.sportsidioten.no/resultater/bedrift-og-mosjonslag-mix-flest-menn-holmenkollstafetten-2025/
2025,bedrift og mosjonslag mix flest menn,764,7411,Guard Automation 1 (Guard Automation),1:16:19,4579.0,https://www.sportsidioten.no/resultater/bedrift-og-mosjonslag-mix-flest-menn-holmenkollstafetten-2025/
2025,bedrift og mosjonslag mix flest menn,765,6501,Bekk 3 (Bekk Consulting AS),1:16:20,4580.0,https://www.sportsidioten.no/resultater/bedrift-og-mosjonslag-mix-flest-menn-holmenkollstafetten-2025/
2025,bedrift og mosjonslag mix flest menn,766,7813,NMD Servicekontor (Norsk Medisinaldepot AS),1:16:21,4581.0,https://www.sportsidioten.no/resultater/bedrift-og-mosjonslag-mix-flest-menn-holmenkollstafetten-2025/
2025,bedrift og mosjonslag mix flest menn,767,6019,DNB Private Banking 2 (DNB),1:16:21,4581.0,https://www.sportsidioten.no/resultater/bedrift-og-mosjonslag-mix-flest-menn-holmenkollstafetten-2025/
2025,bedrift og mosjonslag mix flest menn,768,6807,Goodtech BIL (Goodtech AS),1:16:22,4582.0,https://www.sportsidioten.no/resultater/bedrift-og-mosjonslag-mix-flest-menn-holmenkollstafetten-2025/
2025,bedrift og mosjonslag mix flest menn,769,5710,"KMH (Spar, Joker, Nærbutikken) 1 (NORGESGRUPPEN ASA)",1:16:22,4582.0,https://www.sportsidioten.no/resultater/bedrift-og-mosjonslag-mix-flest-menn-holmenkollstafetten-2025/
2025,bedrift og mosjonslag mix flest menn,770,8656,Ruseløkka Skole Senior (Ruseløkka skole),1:16:22,4582.0,https://www.sportsidioten.no/resultater/bedrift-og-mosjonslag-mix-flest-menn-holmenkollstafetten-2025/
2025,bedrift og mosjonslag mix flest menn,771,6457,EY BIL FSO 2 (EY),1:16:22,4582.0,https://www.sportsidioten.no/resultater/bedrift-og-mosjonslag-mix-flest-menn-holmenkollstafetten-2025/
2025,bedrift og mosjonslag mix flest menn,772,6321,PwC Consulting BusTech (PricewaterhouseCoopers),1:16:24,4584.0,https://www.sportsidioten.no/resultater/bedrift-og-mosjonslag-mix-flest-menn-holmenkollstafetten-2025/
2025,bedrift og mosjonslag mix flest menn,773,8816,Amby (Amby AS),1:16:25,4585.0,https://www.sportsidioten.no/resultater/bedrift-og-mosjonslag-mix-flest-menn-holmenkollstafetten-2025/
2025,bedrift og mosjonslag mix flest menn,774,5417,Swiss Life Asset Managers (Swiss Life Asset Managers Nordic AS),1:16:25,4585.0,https://www.sportsidioten.no/resultater/bedrift-og-mosjonslag-mix-flest-menn-holmenkollstafetten-2025/
2025,bedrift og mosjonslag mix flest menn,775,6647,AstraZeneca 1 (AstraZeneca),1:16:25,4585.0,https://www.sportsidioten.no/resultater/bedrift-og-mosjonslag-mix-flest-menn-holmenkollstafetten-2025/
2025,bedrift og mosjonslag mix flest menn,776,7107,SpareBank 1 Østlandet 3 (SpareBank 1 Østlandet),1:16:26,4586.0,https://www.sportsidioten.no/resultater/bedrift-og-mosjonslag-mix-flest-menn-holmenkollstafetten-2025/
2025,bedrift og mosjonslag mix flest menn,777,7220,Equinor BIL Bergen (Equinor ASA),1:16:27,4587.0,https://www.sportsidioten.no/resultater/bedrift-og-mosjonslag-mix-flest-menn-holmenkollstafetten-2025/
2025,bedrift og mosjonslag mix flest menn,778,11833,Zivid 2 (Zivid AS),1:16:27,4587.0,https://www.sportsidioten.no/resultater/bedrift-og-mosjonslag-mix-flest-menn-holmenkollstafetten-2025/
2025,bedrift og mosjonslag mix flest menn,779,7639,NMBU – MINA (NMBU),1:16:28,4588.0,https://www.sportsidioten.no/resultater/bedrift-og-mosjonslag-mix-flest-menn-holmenkollstafetten-2025/
2025,bedrift og mosjonslag mix flest menn,780,8866,Advokatfirmaet BAHR AS 4 Partnerlag (Advokatfirmaet BAHR AS),1:16:29,4589.0,https://www.sportsidioten.no/resultater/bedrift-og-mosjonslag-mix-flest-menn-holmenkollstafetten-2025/
2025,bedrift og mosjonslag mix flest menn,781,10429,Sissener’s Supersonics (Sissener AS),1:16:29,4589.0,https://www.sportsidioten.no/resultater/bedrift-og-mosjonslag-mix-flest-menn-holmenkollstafetten-2025/
2025,bedrift og mosjonslag mix flest menn,782,9229,Indra Navia 1 (indra navia),1:16:29,4589.0,https://www.sportsidioten.no/resultater/bedrift-og-mosjonslag-mix-flest-menn-holmenkollstafetten-2025/
2025,bedrift og mosjonslag mix flest menn,783,7677,Gjensidige Young Professionals (Gjensidige Forsikring ASA),1:16:29,4589.0,https://www.sportsidioten.no/resultater/bedrift-og-mosjonslag-mix-flest-menn-holmenkollstafetten-2025/
2025,bedrift og mosjonslag mix flest menn,784,8257,Db (Db Equipment AS),1:16:30,4590.0,https://www.sportsidioten.no/resultater/bedrift-og-mosjonslag-mix-flest-menn-holmenkollstafetten-2025/
2025,bedrift og mosjonslag mix flest menn,785,6685,Telenor 2 (Telenor),1:16:30,4590.0,https://www.sportsidioten.no/resultater/bedrift-og-mosjonslag-mix-flest-menn-holmenkollstafetten-2025/
2025,bedrift og mosjonslag mix flest menn,786,10472,Christie & Opsahl AS,1:16:31,4591.0,https://www.sportsidioten.no/resultater/bedrift-og-mosjonslag-mix-flest-menn-holmenkollstafetten-2025/
2025,bedrift og mosjonslag mix flest menn,787,7298,Statkraft Power Pacers (Statkraft),1:16:32,4592.0,https://www.sportsidioten.no/resultater/bedrift-og-mosjonslag-mix-flest-menn-holmenkollstafetten-2025/
2025,bedrift og mosjonslag mix flest menn,788,7429,NFD 2 (Nærings- og fiskeridepartementet),1:16:33,4593.0,https://www.sportsidioten.no/resultater/bedrift-og-mosjonslag-mix-flest-menn-holmenkollstafetten-2025/
2025,bedrift og mosjonslag mix flest menn,789,5291,Corporate Communications AS,1:16:33,4593.0,https://www.sportsidioten.no/resultater/bedrift-og-mosjonslag-mix-flest-menn-holmenkollstafetten-2025/
2025,bedrift og mosjonslag mix flest menn,790,11507,MAGELI (Advokatfirmaet Mageli DA),1:16:33,4593.0,https://www.sportsidioten.no/resultater/bedrift-og-mosjonslag-mix-flest-menn-holmenkollstafetten-2025/
2025,bedrift og mosjonslag mix flest menn,791,7625,Oslofjord Varme (Oslofjord Varme AS),1:16:34,4594.0,https://www.sportsidioten.no/resultater/bedrift-og-mosjonslag-mix-flest-menn-holmenkollstafetten-2025/
2025,bedrift og mosjonslag mix flest menn,792,12002,SBIL Mix 4 2 (Equinor),1:16:35,4595.0,https://www.sportsidioten.no/resultater/bedrift-og-mosjonslag-mix-flest-menn-holmenkollstafetten-2025/
2025,bedrift og mosjonslag mix flest menn,793,8064,Trasop skole (Oslo kommune utdanningsetaten),1:16:37,4597.0,https://www.sportsidioten.no/resultater/bedrift-og-mosjonslag-mix-flest-menn-holmenkollstafetten-2025/
2025,bedrift og mosjonslag mix flest menn,794,8297,Bankenes sikringsfond,1:16:37,4597.0,https://www.sportsidioten.no/resultater/bedrift-og-mosjonslag-mix-flest-menn-holmenkollstafetten-2025/
2025,bedrift og mosjonslag mix flest menn,795,11913,Nasjonalmuseet,1:16:37,4597.0,https://www.sportsidioten.no/resultater/bedrift-og-mosjonslag-mix-flest-menn-holmenkollstafetten-2025/
2025,bedrift og mosjonslag mix flest menn,796,12067,Antidoping Norge,1:16:38,4598.0,https://www.sportsidioten.no/resultater/bedrift-og-mosjonslag-mix-flest-menn-holmenkollstafetten-2025/
2025,bedrift og mosjonslag mix flest menn,797,11881,Schneider Electric og ELKO 1 2 (Schneider Electric og ELKO),1:16:38,4598.0,https://www.sportsidioten.no/resultater/bedrift-og-mosjonslag-mix-flest-menn-holmenkollstafetten-2025/
2025,bedrift og mosjonslag mix flest menn,798,6620,NIFU BIL (NIFU),1:16:38,4598.0,https://www.sportsidioten.no/resultater/bedrift-og-mosjonslag-mix-flest-menn-holmenkollstafetten-2025/
2025,bedrift og mosjonslag mix flest menn,799,7664,Kuben videregående skole 1 1,1:16:39,4599.0,https://www.sportsidioten.no/resultater/bedrift-og-mosjonslag-mix-flest-menn-holmenkollstafetten-2025/
2025,bedrift og mosjonslag mix flest menn,800,7286,Finansakrobatene (OBOS),1:16:39,4599.0,https://www.sportsidioten.no/resultater/bedrift-og-mosjonslag-mix-flest-menn-holmenkollstafetten-2025/
2025,bedrift og mosjonslag mix flest menn,801,6813,Norad blå (Norad),1:16:39,4599.0,https://www.sportsidioten.no/resultater/bedrift-og-mosjonslag-mix-flest-menn-holmenkollstafetten-2025/
2025,bedrift og mosjonslag mix flest menn,802,6857,Sparebank 1 Markets 2 (Sparebank 1 Markets),1:16:40,4600.0,https://www.sportsidioten.no/resultater/bedrift-og-mosjonslag-mix-flest-menn-holmenkollstafetten-2025/
2025,bedrift og mosjonslag mix flest menn,803,7823,Omny Fans (Omny Security),1:16:40,4600.0,https://www.sportsidioten.no/resultater/bedrift-og-mosjonslag-mix-flest-menn-holmenkollstafetten-2025/
2025,bedrift og mosjonslag mix flest menn,804,7077,The Fangs Company (DNO ASA),1:16:41,4601.0,https://www.sportsidioten.no/resultater/bedrift-og-mosjonslag-mix-flest-menn-holmenkollstafetten-2025/
2025,bedrift og mosjonslag mix flest menn,805,6884,Xledger Labs AS,1:16:42,4602.0,https://www.sportsidioten.no/resultater/bedrift-og-mosjonslag-mix-flest-menn-holmenkollstafetten-2025/
2025,bedrift og mosjonslag mix flest menn,806,12015,Digital Ocean (Kongsberg Maritime),1:16:44,4604.0,https://www.sportsidioten.no/resultater/bedrift-og-mosjonslag-mix-flest-menn-holmenkollstafetten-2025/
2025,bedrift og mosjonslag mix flest menn,807,7028,Glastad/Njord (Glastad Holding/Njord Securities AS),1:16:44,4604.0,https://www.sportsidioten.no/resultater/bedrift-og-mosjonslag-mix-flest-menn-holmenkollstafetten-2025/
2025,bedrift og mosjonslag mix flest menn,808,6251,KPMG Stavanger (KPMG AS),1:16:44,4604.0,https://www.sportsidioten.no/resultater/bedrift-og-mosjonslag-mix-flest-menn-holmenkollstafetten-2025/
2025,bedrift og mosjonslag mix flest menn,809,5500,Oslo kommune – Byrådsavdeling for utdanning,1:16:44,4604.0,https://www.sportsidioten.no/resultater/bedrift-og-mosjonslag-mix-flest-menn-holmenkollstafetten-2025/
2025,bedrift og mosjonslag mix flest menn,810,6223,KPMG Deals 2 (KPMG AS),1:16:45,4605.0,https://www.sportsidioten.no/resultater/bedrift-og-mosjonslag-mix-flest-menn-holmenkollstafetten-2025/
2025,bedrift og mosjonslag mix flest menn,811,9202,Hitachi Energy 1 (Hitachi Energy),1:16:46,4606.0,https://www.sportsidioten.no/resultater/bedrift-og-mosjonslag-mix-flest-menn-holmenkollstafetten-2025/
2025,bedrift og mosjonslag mix flest menn,812,5653,NG Regnskap 1 (NORGESGRUPPEN ASA),1:16:46,4606.0,https://www.sportsidioten.no/resultater/bedrift-og-mosjonslag-mix-flest-menn-holmenkollstafetten-2025/
2025,bedrift og mosjonslag mix flest menn,813,6900,Appfarm 2 (Appfarm),1:16:47,4607.0,https://www.sportsidioten.no/resultater/bedrift-og-mosjonslag-mix-flest-menn-holmenkollstafetten-2025/
2025,bedrift og mosjonslag mix flest menn,814,7636,"Statistisk sentralbyrå, avd. Kongsvinger (Statistisk sentralbyrå)",1:16:47,4607.0,https://www.sportsidioten.no/resultater/bedrift-og-mosjonslag-mix-flest-menn-holmenkollstafetten-2025/
2025,bedrift og mosjonslag mix flest menn,815,7086,Tripletex AS 2 (Tripletex AS),1:16:48,4608.0,https://www.sportsidioten.no/resultater/bedrift-og-mosjonslag-mix-flest-menn-holmenkollstafetten-2025/
2025,bedrift og mosjonslag mix flest menn,816,10821,O3 Cyber,1:16:50,4610.0,https://www.sportsidioten.no/resultater/bedrift-og-mosjonslag-mix-flest-menn-holmenkollstafetten-2025/
2025,bedrift og mosjonslag mix flest menn,817,11892,Solør,1:16:51,4611.0,https://www.sportsidioten.no/resultater/bedrift-og-mosjonslag-mix-flest-menn-holmenkollstafetten-2025/
2025,bedrift og mosjonslag mix flest menn,818,6036,DNB Bodø (DNB),1:16:51,4611.0,https://www.sportsidioten.no/resultater/bedrift-og-mosjonslag-mix-flest-menn-holmenkollstafetten-2025/
2025,bedrift og mosjonslag mix flest menn,819,7458,REITAN RETAIL – UNO-X MOBILITY NORGE (REITAN RETAIL),1:16:53,4613.0,https://www.sportsidioten.no/resultater/bedrift-og-mosjonslag-mix-flest-menn-holmenkollstafetten-2025/
2025,bedrift og mosjonslag mix flest menn,820,8019,Ullevålsveien skole,1:16:53,4613.0,https://www.sportsidioten.no/resultater/bedrift-og-mosjonslag-mix-flest-menn-holmenkollstafetten-2025/
2025,bedrift og mosjonslag mix flest menn,821,5743,KIWI 13 (NORGESGRUPPEN ASA),1:16:54,4614.0,https://www.sportsidioten.no/resultater/bedrift-og-mosjonslag-mix-flest-menn-holmenkollstafetten-2025/
2025,bedrift og mosjonslag mix flest menn,822,8813,Manpower BIL 1 (Manpower Group),1:16:56,4616.0,https://www.sportsidioten.no/resultater/bedrift-og-mosjonslag-mix-flest-menn-holmenkollstafetten-2025/
2025,bedrift og mosjonslag mix flest menn,823,5733,MENY Bogstadveien Svart 1 (NORGESGRUPPEN ASA),1:16:56,4616.0,https://www.sportsidioten.no/resultater/bedrift-og-mosjonslag-mix-flest-menn-holmenkollstafetten-2025/
2025,bedrift og mosjonslag mix flest menn,824,5840,Vika VGS 1 (Vika Videregående Skole),1:16:56,4616.0,https://www.sportsidioten.no/resultater/bedrift-og-mosjonslag-mix-flest-menn-holmenkollstafetten-2025/
2025,bedrift og mosjonslag mix flest menn,825,6209,KLP 2 (KLP),1:16:57,4617.0,https://www.sportsidioten.no/resultater/bedrift-og-mosjonslag-mix-flest-menn-holmenkollstafetten-2025/
2025,bedrift og mosjonslag mix flest menn,826,10443,Söderberg & Partners 1 2 (Söderberg & Partners),1:16:58,4618.0,https://www.sportsidioten.no/resultater/bedrift-og-mosjonslag-mix-flest-menn-holmenkollstafetten-2025/
2025,bedrift og mosjonslag mix flest menn,827,7903,Nevion 2 (Nevion),1:16:59,4619.0,https://www.sportsidioten.no/resultater/bedrift-og-mosjonslag-mix-flest-menn-holmenkollstafetten-2025/
2025,bedrift og mosjonslag mix flest menn,828,8239,Havfram (Havfram Management AS),1:17:00,4620.0,https://www.sportsidioten.no/resultater/bedrift-og-mosjonslag-mix-flest-menn-holmenkollstafetten-2025/
2025,bedrift og mosjonslag mix flest menn,829,7484,Eidsiva & Hafslund BIL 12 (Eidsiva & Hafslund),1:17:00,4620.0,https://www.sportsidioten.no/resultater/bedrift-og-mosjonslag-mix-flest-menn-holmenkollstafetten-2025/
2025,bedrift og mosjonslag mix flest menn,830,8252,"Kreftregisterets idretts- og leikelag, FHI (Kreftregisteret, Folkehelseinstituttet)",1:17:00,4620.0,https://www.sportsidioten.no/resultater/bedrift-og-mosjonslag-mix-flest-menn-holmenkollstafetten-2025/
2025,bedrift og mosjonslag mix flest menn,831,9022,Norsk Romsenter,1:17:00,4620.0,https://www.sportsidioten.no/resultater/bedrift-og-mosjonslag-mix-flest-menn-holmenkollstafetten-2025/
2025,bedrift og mosjonslag mix flest menn,832,5649,KIWI 2 (NORGESGRUPPEN ASA),1:17:00,4620.0,https://www.sportsidioten.no/resultater/bedrift-og-mosjonslag-mix-flest-menn-holmenkollstafetten-2025/
2025,bedrift og mosjonslag mix flest menn,833,10718,"Lærum (Advokatfirmaet Lærum, Lier, Stende & Berven AS)",1:17:00,4620.0,https://www.sportsidioten.no/resultater/bedrift-og-mosjonslag-mix-flest-menn-holmenkollstafetten-2025/
2025,bedrift og mosjonslag mix flest menn,834,10415,Team Unaas Cycling (Unaas Cycling),1:17:01,4621.0,https://www.sportsidioten.no/resultater/bedrift-og-mosjonslag-mix-flest-menn-holmenkollstafetten-2025/
2025,bedrift og mosjonslag mix flest menn,835,10083,Fjordland (Fjordland AS),1:17:02,4622.0,https://www.sportsidioten.no/resultater/bedrift-og-mosjonslag-mix-flest-menn-holmenkollstafetten-2025/
2025,bedrift og mosjonslag mix flest menn,836,7659,Inventura AS,1:17:03,4623.0,https://www.sportsidioten.no/resultater/bedrift-og-mosjonslag-mix-flest-menn-holmenkollstafetten-2025/
2025,bedrift og mosjonslag mix flest menn,837,6604,Netlight 2 (Netlight),1:17:03,4623.0,https://www.sportsidioten.no/resultater/bedrift-og-mosjonslag-mix-flest-menn-holmenkollstafetten-2025/
2025,bedrift og mosjonslag mix flest menn,838,6318,PwC Deals 3 (PricewaterhouseCoopers),1:17:04,4624.0,https://www.sportsidioten.no/resultater/bedrift-og-mosjonslag-mix-flest-menn-holmenkollstafetten-2025/
2025,bedrift og mosjonslag mix flest menn,839,10884,Nueva Seas AS,1:17:04,4624.0,https://www.sportsidioten.no/resultater/bedrift-og-mosjonslag-mix-flest-menn-holmenkollstafetten-2025/
2025,bedrift og mosjonslag mix flest menn,840,7835,Ringnes Team Gatorade (Ringnes),1:17:04,4624.0,https://www.sportsidioten.no/resultater/bedrift-og-mosjonslag-mix-flest-menn-holmenkollstafetten-2025/
2025,bedrift og mosjonslag mix flest menn,841,8908,Alpha Revisjon AS,1:17:05,4625.0,https://www.sportsidioten.no/resultater/bedrift-og-mosjonslag-mix-flest-menn-holmenkollstafetten-2025/
2025,bedrift og mosjonslag mix flest menn,842,10227,Fidoe’s Flyers,1:17:06,4626.0,https://www.sportsidioten.no/resultater/bedrift-og-mosjonslag-mix-flest-menn-holmenkollstafetten-2025/
2025,bedrift og mosjonslag mix flest menn,843,9108,STIFTELSEN NORSAR,1:17:07,4627.0,https://www.sportsidioten.no/resultater/bedrift-og-mosjonslag-mix-flest-menn-holmenkollstafetten-2025/
2025,bedrift og mosjonslag mix flest menn,844,10455,Accenture 2 (Accenture),1:17:07,4627.0,https://www.sportsidioten.no/resultater/bedrift-og-mosjonslag-mix-flest-menn-holmenkollstafetten-2025/
2025,bedrift og mosjonslag mix flest menn,845,5471,IFE Solkraft (IFE),1:17:08,4628.0,https://www.sportsidioten.no/resultater/bedrift-og-mosjonslag-mix-flest-menn-holmenkollstafetten-2025/
2025,bedrift og mosjonslag mix flest menn,846,6315,PwC Trust 3 #2 (PricewaterhouseCoopers),1:17:09,4629.0,https://www.sportsidioten.no/resultater/bedrift-og-mosjonslag-mix-flest-menn-holmenkollstafetten-2025/
2025,bedrift og mosjonslag mix flest menn,847,6810,Scatec asa (Scatec ASA),1:17:09,4629.0,https://www.sportsidioten.no/resultater/bedrift-og-mosjonslag-mix-flest-menn-holmenkollstafetten-2025/
2025,bedrift og mosjonslag mix flest menn,848,6836,AFF,1:17:09,4629.0,https://www.sportsidioten.no/resultater/bedrift-og-mosjonslag-mix-flest-menn-holmenkollstafetten-2025/
2025,bedrift og mosjonslag mix flest menn,849,9014,Ung i Skatt Oslo 1 (Skatteetaten),1:17:10,4630.0,https://www.sportsidioten.no/resultater/bedrift-og-mosjonslag-mix-flest-menn-holmenkollstafetten-2025/
2025,bedrift og mosjonslag mix flest menn,850,8214,Thorn & Facit (Thorn / Facit),1:17:11,4631.0,https://www.sportsidioten.no/resultater/bedrift-og-mosjonslag-mix-flest-menn-holmenkollstafetten-2025/
2025,bedrift og mosjonslag mix flest menn,851,11822,Sykehusbygg HF 1 (Sykehusbygg HF),1:17:11,4631.0,https://www.sportsidioten.no/resultater/bedrift-og-mosjonslag-mix-flest-menn-holmenkollstafetten-2025/
2025,bedrift og mosjonslag mix flest menn,852,6314,PwC Cyber (PricewaterhouseCoopers),1:17:12,4632.0,https://www.sportsidioten.no/resultater/bedrift-og-mosjonslag-mix-flest-menn-holmenkollstafetten-2025/
2025,bedrift og mosjonslag mix flest menn,853,6428,Ahus leger medisinsk avdeling (Akershus universitetssykehus),1:17:12,4632.0,https://www.sportsidioten.no/resultater/bedrift-og-mosjonslag-mix-flest-menn-holmenkollstafetten-2025/
2025,bedrift og mosjonslag mix flest menn,854,10076,Orkla IT 2 (Orkla),1:17:13,4633.0,https://www.sportsidioten.no/resultater/bedrift-og-mosjonslag-mix-flest-menn-holmenkollstafetten-2025/
2025,bedrift og mosjonslag mix flest menn,855,9072,Maarud (Maarud AS),1:17:13,4633.0,https://www.sportsidioten.no/resultater/bedrift-og-mosjonslag-mix-flest-menn-holmenkollstafetten-2025/
2025,bedrift og mosjonslag mix flest menn,856,11041,Apotek1 Run 4 Fun 3 (Advokatfirmaet Bull),1:17:15,4635.0,https://www.sportsidioten.no/resultater/bedrift-og-mosjonslag-mix-flest-menn-holmenkollstafetten-2025/
2025,bedrift og mosjonslag mix flest menn,857,11853,Verisure Bedriftsidrettslag (Verisure AS),1:17:16,4636.0,https://www.sportsidioten.no/resultater/bedrift-og-mosjonslag-mix-flest-menn-holmenkollstafetten-2025/
2025,bedrift og mosjonslag mix flest menn,858,6310,PwC TLS VAT (PricewaterhouseCoopers),1:17:16,4636.0,https://www.sportsidioten.no/resultater/bedrift-og-mosjonslag-mix-flest-menn-holmenkollstafetten-2025/
2025,bedrift og mosjonslag mix flest menn,859,6612,Malling Trim 2 (Malling & Co Bedriftsidrettslag AS),1:17:16,4636.0,https://www.sportsidioten.no/resultater/bedrift-og-mosjonslag-mix-flest-menn-holmenkollstafetten-2025/
2025,bedrift og mosjonslag mix flest menn,860,5464,Firda Family (Firda),1:17:17,4637.0,https://www.sportsidioten.no/resultater/bedrift-og-mosjonslag-mix-flest-menn-holmenkollstafetten-2025/
2025,bedrift og mosjonslag mix flest menn,861,8660,Ramstad skole,1:17:17,4637.0,https://www.sportsidioten.no/resultater/bedrift-og-mosjonslag-mix-flest-menn-holmenkollstafetten-2025/
2025,bedrift og mosjonslag mix flest menn,862,5428,Sopra Steria 2 (Sopra Steria),1:17:18,4638.0,https://www.sportsidioten.no/resultater/bedrift-og-mosjonslag-mix-flest-menn-holmenkollstafetten-2025/
2025,bedrift og mosjonslag mix flest menn,863,6264,Deloitte 15 (Deloitte BIL),1:17:18,4638.0,https://www.sportsidioten.no/resultater/bedrift-og-mosjonslag-mix-flest-menn-holmenkollstafetten-2025/
2025,bedrift og mosjonslag mix flest menn,864,5242,BERTEL O. STEEN 1 (Bertel O. Steen),1:17:18,4638.0,https://www.sportsidioten.no/resultater/bedrift-og-mosjonslag-mix-flest-menn-holmenkollstafetten-2025/
2025,bedrift og mosjonslag mix flest menn,865,7820,ESGian Speedsters (Esgian AS),1:17:18,4638.0,https://www.sportsidioten.no/resultater/bedrift-og-mosjonslag-mix-flest-menn-holmenkollstafetten-2025/
2025,bedrift og mosjonslag mix flest menn,866,11247,Fet IL (Fet Idrettslag),1:17:19,4639.0,https://www.sportsidioten.no/resultater/bedrift-og-mosjonslag-mix-flest-menn-holmenkollstafetten-2025/
2025,bedrift og mosjonslag mix flest menn,867,7471,REITAN RETAIL – REITAN RETAIL (REITAN RETAIL),1:17:19,4639.0,https://www.sportsidioten.no/resultater/bedrift-og-mosjonslag-mix-flest-menn-holmenkollstafetten-2025/
2025,bedrift og mosjonslag mix flest menn,868,7860,Justervesenet,1:17:19,4639.0,https://www.sportsidioten.no/resultater/bedrift-og-mosjonslag-mix-flest-menn-holmenkollstafetten-2025/
2025,bedrift og mosjonslag mix flest menn,869,8006,Sopra Steria 3 (Sopra Steria),1:17:19,4639.0,https://www.sportsidioten.no/resultater/bedrift-og-mosjonslag-mix-flest-menn-holmenkollstafetten-2025/
2025,bedrift og mosjonslag mix flest menn,870,5416,Lumera (Lumera AS),1:17:19,4639.0,https://www.sportsidioten.no/resultater/bedrift-og-mosjonslag-mix-flest-menn-holmenkollstafetten-2025/
2025,bedrift og mosjonslag mix flest menn,871,7479,Eidsiva & Hafslund BIL 14 (Eidsiva & Hafslund),1:17:19,4639.0,https://www.sportsidioten.no/resultater/bedrift-og-mosjonslag-mix-flest-menn-holmenkollstafetten-2025/
2025,bedrift og mosjonslag mix flest menn,872,10908,Mandagsklubben,1:17:20,4640.0,https://www.sportsidioten.no/resultater/bedrift-og-mosjonslag-mix-flest-menn-holmenkollstafetten-2025/
2025,bedrift og mosjonslag mix flest menn,873,7643,Kripos ORG (Kripos IL),1:17:21,4641.0,https://www.sportsidioten.no/resultater/bedrift-og-mosjonslag-mix-flest-menn-holmenkollstafetten-2025/
2025,bedrift og mosjonslag mix flest menn,874,8203,Oslo Origo B (Oslo Origo),1:17:22,4642.0,https://www.sportsidioten.no/resultater/bedrift-og-mosjonslag-mix-flest-menn-holmenkollstafetten-2025/
2025,bedrift og mosjonslag mix flest menn,875,5886,BDO Business Services – Regnskap 3 (BDO AS),1:17:22,4642.0,https://www.sportsidioten.no/resultater/bedrift-og-mosjonslag-mix-flest-menn-holmenkollstafetten-2025/
2025,bedrift og mosjonslag mix flest menn,876,10079,Orkla IT 1 (Orkla),1:17:22,4642.0,https://www.sportsidioten.no/resultater/bedrift-og-mosjonslag-mix-flest-menn-holmenkollstafetten-2025/
2025,bedrift og mosjonslag mix flest menn,877,9401,Volvo Car Stor-Oslo,1:17:23,4643.0,https://www.sportsidioten.no/resultater/bedrift-og-mosjonslag-mix-flest-menn-holmenkollstafetten-2025/
2025,bedrift og mosjonslag mix flest menn,878,7900,Tise,1:17:24,4644.0,https://www.sportsidioten.no/resultater/bedrift-og-mosjonslag-mix-flest-menn-holmenkollstafetten-2025/
2025,bedrift og mosjonslag mix flest menn,879,6634,Magnat Center (Magnat Trening As),1:17:25,4645.0,https://www.sportsidioten.no/resultater/bedrift-og-mosjonslag-mix-flest-menn-holmenkollstafetten-2025/
2025,bedrift og mosjonslag mix flest menn,880,6434,EY BIL Cyber (EY),1:17:25,4645.0,https://www.sportsidioten.no/resultater/bedrift-og-mosjonslag-mix-flest-menn-holmenkollstafetten-2025/
2025,bedrift og mosjonslag mix flest menn,881,6059,DNB Sanctions (DNB),1:17:25,4645.0,https://www.sportsidioten.no/resultater/bedrift-og-mosjonslag-mix-flest-menn-holmenkollstafetten-2025/
2025,bedrift og mosjonslag mix flest menn,882,9292,Delta-p,1:17:26,4646.0,https://www.sportsidioten.no/resultater/bedrift-og-mosjonslag-mix-flest-menn-holmenkollstafetten-2025/
2025,bedrift og mosjonslag mix flest menn,883,11254,Sensorita,1:17:26,4646.0,https://www.sportsidioten.no/resultater/bedrift-og-mosjonslag-mix-flest-menn-holmenkollstafetten-2025/
2025,bedrift og mosjonslag mix flest menn,884,10655,Tollernes Idrettslag (Tolletaten),1:17:28,4648.0,https://www.sportsidioten.no/resultater/bedrift-og-mosjonslag-mix-flest-menn-holmenkollstafetten-2025/
2025,bedrift og mosjonslag mix flest menn,885,6322,PwC Trust 2 #2 (PricewaterhouseCoopers),1:17:28,4648.0,https://www.sportsidioten.no/resultater/bedrift-og-mosjonslag-mix-flest-menn-holmenkollstafetten-2025/
2025,bedrift og mosjonslag mix flest menn,886,10109,Anestesigjengen (Lovisenberg Sykehus),1:17:29,4649.0,https://www.sportsidioten.no/resultater/bedrift-og-mosjonslag-mix-flest-menn-holmenkollstafetten-2025/
2025,bedrift og mosjonslag mix flest menn,887,6224,KLP 6 (KLP),1:17:29,4649.0,https://www.sportsidioten.no/resultater/bedrift-og-mosjonslag-mix-flest-menn-holmenkollstafetten-2025/
2025,bedrift og mosjonslag mix flest menn,888,8115,Santander 3 (Santander Consumer Bank),1:17:32,4652.0,https://www.sportsidioten.no/resultater/bedrift-og-mosjonslag-mix-flest-menn-holmenkollstafetten-2025/
2025,bedrift og mosjonslag mix flest menn,889,6638,Ignite (Ignite Procurement AS),1:17:32,4652.0,https://www.sportsidioten.no/resultater/bedrift-og-mosjonslag-mix-flest-menn-holmenkollstafetten-2025/
2025,bedrift og mosjonslag mix flest menn,890,7221,Høyre (Høyres stortingsgruppe),1:17:32,4652.0,https://www.sportsidioten.no/resultater/bedrift-og-mosjonslag-mix-flest-menn-holmenkollstafetten-2025/
2025,bedrift og mosjonslag mix flest menn,891,8236,Gabler Bedriftsidrettslag (Gabler AS),1:17:33,4653.0,https://www.sportsidioten.no/resultater/bedrift-og-mosjonslag-mix-flest-menn-holmenkollstafetten-2025/
2025,bedrift og mosjonslag mix flest menn,892,6611,Consolvo AS,1:17:35,4655.0,https://www.sportsidioten.no/resultater/bedrift-og-mosjonslag-mix-flest-menn-holmenkollstafetten-2025/
2025,bedrift og mosjonslag mix flest menn,893,8273,Publicis 1 (Publicis Groupe),1:17:35,4655.0,https://www.sportsidioten.no/resultater/bedrift-og-mosjonslag-mix-flest-menn-holmenkollstafetten-2025/
2025,bedrift og mosjonslag mix flest menn,894,7421,Tokkekraft (Statkraft Sør. Avd Dalen),1:17:35,4655.0,https://www.sportsidioten.no/resultater/bedrift-og-mosjonslag-mix-flest-menn-holmenkollstafetten-2025/
2025,bedrift og mosjonslag mix flest menn,895,5891,BDO Business Transformation (BDO AS),1:17:35,4655.0,https://www.sportsidioten.no/resultater/bedrift-og-mosjonslag-mix-flest-menn-holmenkollstafetten-2025/
2025,bedrift og mosjonslag mix flest menn,896,8834,Mediterranean Shipping Company (MSC Norway AS),1:17:36,4656.0,https://www.sportsidioten.no/resultater/bedrift-og-mosjonslag-mix-flest-menn-holmenkollstafetten-2025/
2025,bedrift og mosjonslag mix flest menn,897,7252,Kongsberg Discovery,1:17:36,4656.0,https://www.sportsidioten.no/resultater/bedrift-og-mosjonslag-mix-flest-menn-holmenkollstafetten-2025/
2025,bedrift og mosjonslag mix flest menn,898,8077,Elopak Skøyen (Elopak BIL),1:17:37,4657.0,https://www.sportsidioten.no/resultater/bedrift-og-mosjonslag-mix-flest-menn-holmenkollstafetten-2025/
2025,bedrift og mosjonslag mix flest menn,899,10659,Hæhre Entreprenør – Billingstad (Hæhre Entreprenør AS),1:17:40,4660.0,https://www.sportsidioten.no/resultater/bedrift-og-mosjonslag-mix-flest-menn-holmenkollstafetten-2025/
2025,bedrift og mosjonslag mix flest menn,900,8069,Hallgruppen (Hallgruppen AS),1:17:40,4660.0,https://www.sportsidioten.no/resultater/bedrift-og-mosjonslag-mix-flest-menn-holmenkollstafetten-2025/
2025,bedrift og mosjonslag mix flest menn,901,6239,KPMG AS Agile Pacers (KPMG AS),1:17:40,4660.0,https://www.sportsidioten.no/resultater/bedrift-og-mosjonslag-mix-flest-menn-holmenkollstafetten-2025/
2025,bedrift og mosjonslag mix flest menn,902,8664,Nordvik Haugen (Nordvik St Hanshaugen),1:17:42,4662.0,https://www.sportsidioten.no/resultater/bedrift-og-mosjonslag-mix-flest-menn-holmenkollstafetten-2025/
2025,bedrift og mosjonslag mix flest menn,903,5677,ASKO NORD 4 (NorgesGruppen ASA),1:17:42,4662.0,https://www.sportsidioten.no/resultater/bedrift-og-mosjonslag-mix-flest-menn-holmenkollstafetten-2025/
2025,bedrift og mosjonslag mix flest menn,904,10115,Møller Bil Hvam,1:17:43,4663.0,https://www.sportsidioten.no/resultater/bedrift-og-mosjonslag-mix-flest-menn-holmenkollstafetten-2025/
2025,bedrift og mosjonslag mix flest menn,905,8427,Nexans Oslo 4 (Nexans Norway AS),1:17:43,4663.0,https://www.sportsidioten.no/resultater/bedrift-og-mosjonslag-mix-flest-menn-holmenkollstafetten-2025/
2025,bedrift og mosjonslag mix flest menn,906,9509,Aprila Bank 1 (Aprila Bank ASA),1:17:43,4663.0,https://www.sportsidioten.no/resultater/bedrift-og-mosjonslag-mix-flest-menn-holmenkollstafetten-2025/
2025,bedrift og mosjonslag mix flest menn,907,6263,Deloitte 12 (Deloitte BIL),1:17:46,4666.0,https://www.sportsidioten.no/resultater/bedrift-og-mosjonslag-mix-flest-menn-holmenkollstafetten-2025/
2025,bedrift og mosjonslag mix flest menn,908,7049,Plaza Hotel (Oslo Plaza Hotel AS),1:17:46,4666.0,https://www.sportsidioten.no/resultater/bedrift-og-mosjonslag-mix-flest-menn-holmenkollstafetten-2025/
2025,bedrift og mosjonslag mix flest menn,909,11288,Majorstua janitsjar 1 1 (Majorstua janitsjar),1:17:47,4667.0,https://www.sportsidioten.no/resultater/bedrift-og-mosjonslag-mix-flest-menn-holmenkollstafetten-2025/
2025,bedrift og mosjonslag mix flest menn,910,10064,Nordic Trustee 2 (Nordic Trustee AS),1:17:47,4667.0,https://www.sportsidioten.no/resultater/bedrift-og-mosjonslag-mix-flest-menn-holmenkollstafetten-2025/
2025,bedrift og mosjonslag mix flest menn,911,8079,EIDEL (EIDEL AS),1:17:48,4668.0,https://www.sportsidioten.no/resultater/bedrift-og-mosjonslag-mix-flest-menn-holmenkollstafetten-2025/
2025,bedrift og mosjonslag mix flest menn,912,7428,GHILARDI + HELLSTEN ARKITEKTER (Ghilardi+Hellsten Arkitekter),1:17:48,4668.0,https://www.sportsidioten.no/resultater/bedrift-og-mosjonslag-mix-flest-menn-holmenkollstafetten-2025/
2025,bedrift og mosjonslag mix flest menn,913,7301,Offshore Winners Season 2 (Statkraft),1:17:48,4668.0,https://www.sportsidioten.no/resultater/bedrift-og-mosjonslag-mix-flest-menn-holmenkollstafetten-2025/
2025,bedrift og mosjonslag mix flest menn,914,8658,Knowit Insight Business Solution (Knowit Insight Business Solution AS),1:17:49,4669.0,https://www.sportsidioten.no/resultater/bedrift-og-mosjonslag-mix-flest-menn-holmenkollstafetten-2025/
2025,bedrift og mosjonslag mix flest menn,915,11685,IF Forsikring 7 (IF Skadeforsikring),1:17:49,4669.0,https://www.sportsidioten.no/resultater/bedrift-og-mosjonslag-mix-flest-menn-holmenkollstafetten-2025/
2025,bedrift og mosjonslag mix flest menn,916,6411,EY BIL Energy 1 (Ernst & Young),1:17:51,4671.0,https://www.sportsidioten.no/resultater/bedrift-og-mosjonslag-mix-flest-menn-holmenkollstafetten-2025/
2025,bedrift og mosjonslag mix flest menn,917,8615,NRK Analyse & Datahub (NRK Norsk Rikskringkasting),1:17:52,4672.0,https://www.sportsidioten.no/resultater/bedrift-og-mosjonslag-mix-flest-menn-holmenkollstafetten-2025/
2025,bedrift og mosjonslag mix flest menn,918,12257,SIFI (Sikkerhet på IFI),1:17:52,4672.0,https://www.sportsidioten.no/resultater/bedrift-og-mosjonslag-mix-flest-menn-holmenkollstafetten-2025/
2025,bedrift og mosjonslag mix flest menn,919,7848,HISP-Centre (UiO),1:17:52,4672.0,https://www.sportsidioten.no/resultater/bedrift-og-mosjonslag-mix-flest-menn-holmenkollstafetten-2025/
2025,bedrift og mosjonslag mix flest menn,920,8872,Thales Norway Blue (Thales Norway),1:17:52,4672.0,https://www.sportsidioten.no/resultater/bedrift-og-mosjonslag-mix-flest-menn-holmenkollstafetten-2025/
2025,bedrift og mosjonslag mix flest menn,921,11634,Bane NOR SMS (Banenor),1:17:53,4673.0,https://www.sportsidioten.no/resultater/bedrift-og-mosjonslag-mix-flest-menn-holmenkollstafetten-2025/
2025,bedrift og mosjonslag mix flest menn,922,10804,Det ekstra marketinglaget (TV 2),1:17:53,4673.0,https://www.sportsidioten.no/resultater/bedrift-og-mosjonslag-mix-flest-menn-holmenkollstafetten-2025/
2025,bedrift og mosjonslag mix flest menn,923,5807,"Svea BIL 2 (Svea Bank AB, filial i Norge)",1:17:54,4674.0,https://www.sportsidioten.no/resultater/bedrift-og-mosjonslag-mix-flest-menn-holmenkollstafetten-2025/
2025,bedrift og mosjonslag mix flest menn,924,7693,Medisinsk avdeling Drammen sykehus Vestre viken (Vestre Viken),1:17:54,4674.0,https://www.sportsidioten.no/resultater/bedrift-og-mosjonslag-mix-flest-menn-holmenkollstafetten-2025/
2025,bedrift og mosjonslag mix flest menn,925,7630,Carucel Eiendom,1:17:54,4674.0,https://www.sportsidioten.no/resultater/bedrift-og-mosjonslag-mix-flest-menn-holmenkollstafetten-2025/
2025,bedrift og mosjonslag mix flest menn,926,11230,Barne- og familiedepartementet,1:17:55,4675.0,https://www.sportsidioten.no/resultater/bedrift-og-mosjonslag-mix-flest-menn-holmenkollstafetten-2025/
2025,bedrift og mosjonslag mix flest menn,927,7667,Direktoratet for medisinske produkter,1:17:57,4677.0,https://www.sportsidioten.no/resultater/bedrift-og-mosjonslag-mix-flest-menn-holmenkollstafetten-2025/
2025,bedrift og mosjonslag mix flest menn,928,7873,Synlighet AS,1:17:58,4678.0,https://www.sportsidioten.no/resultater/bedrift-og-mosjonslag-mix-flest-menn-holmenkollstafetten-2025/
2025,bedrift og mosjonslag mix flest menn,929,8835,De Lage Landen Finans,1:17:58,4678.0,https://www.sportsidioten.no/resultater/bedrift-og-mosjonslag-mix-flest-menn-holmenkollstafetten-2025/
2025,bedrift og mosjonslag mix flest menn,930,11625,Nordvik Løren & Raske Nordvikere (Nordvik Løren),1:18:00,4680.0,https://www.sportsidioten.no/resultater/bedrift-og-mosjonslag-mix-flest-menn-holmenkollstafetten-2025/
2025,bedrift og mosjonslag mix flest menn,931,11223,s360 (s360 Norge AS),1:18:00,4680.0,https://www.sportsidioten.no/resultater/bedrift-og-mosjonslag-mix-flest-menn-holmenkollstafetten-2025/
2025,bedrift og mosjonslag mix flest menn,932,6308,PwC Consulting Poolen (PricewaterhouseCoopers),1:18:03,4683.0,https://www.sportsidioten.no/resultater/bedrift-og-mosjonslag-mix-flest-menn-holmenkollstafetten-2025/
2025,bedrift og mosjonslag mix flest menn,933,4221,twoday 2 (twoday),1:18:03,4683.0,https://www.sportsidioten.no/resultater/bedrift-og-mosjonslag-mix-flest-menn-holmenkollstafetten-2025/
2025,bedrift og mosjonslag mix flest menn,934,9269,Borg Forvaltning AS,1:18:03,4683.0,https://www.sportsidioten.no/resultater/bedrift-og-mosjonslag-mix-flest-menn-holmenkollstafetten-2025/
2025,bedrift og mosjonslag mix flest menn,935,7307,Nordea Sparing og Finansiering (Nordea Bank),1:18:04,4684.0,https://www.sportsidioten.no/resultater/bedrift-og-mosjonslag-mix-flest-menn-holmenkollstafetten-2025/
2025,bedrift og mosjonslag mix flest menn,936,10914,The Valuables (Value Group AS avd Oslo),1:18:04,4684.0,https://www.sportsidioten.no/resultater/bedrift-og-mosjonslag-mix-flest-menn-holmenkollstafetten-2025/
2025,bedrift og mosjonslag mix flest menn,937,8712,Alti Forvaltning 2 (Alti Forvaltning AS),1:18:04,4684.0,https://www.sportsidioten.no/resultater/bedrift-og-mosjonslag-mix-flest-menn-holmenkollstafetten-2025/
2025,bedrift og mosjonslag mix flest menn,938,7013,Nammo BIL 1 (Nammo Raufoss A/S),1:18:05,4685.0,https://www.sportsidioten.no/resultater/bedrift-og-mosjonslag-mix-flest-menn-holmenkollstafetten-2025/
2025,bedrift og mosjonslag mix flest menn,939,10669,VITO STYLE (Vito Elektro AS),1:18:06,4686.0,https://www.sportsidioten.no/resultater/bedrift-og-mosjonslag-mix-flest-menn-holmenkollstafetten-2025/
2025,bedrift og mosjonslag mix flest menn,940,11814,NMBU – LANDSAM (NMBU),1:18:06,4686.0,https://www.sportsidioten.no/resultater/bedrift-og-mosjonslag-mix-flest-menn-holmenkollstafetten-2025/
2025,bedrift og mosjonslag mix flest menn,941,5456,Vestre AS 1 (Vestre AS),1:18:07,4687.0,https://www.sportsidioten.no/resultater/bedrift-og-mosjonslag-mix-flest-menn-holmenkollstafetten-2025/
2025,bedrift og mosjonslag mix flest menn,942,7267,Nordea CREA (Nordea),1:18:07,4687.0,https://www.sportsidioten.no/resultater/bedrift-og-mosjonslag-mix-flest-menn-holmenkollstafetten-2025/
2025,bedrift og mosjonslag mix flest menn,943,8841,Aqualung Carbon Capture,1:18:07,4687.0,https://www.sportsidioten.no/resultater/bedrift-og-mosjonslag-mix-flest-menn-holmenkollstafetten-2025/
2025,bedrift og mosjonslag mix flest menn,944,8086,Kvikna (Kvikna AS),1:18:08,4688.0,https://www.sportsidioten.no/resultater/bedrift-og-mosjonslag-mix-flest-menn-holmenkollstafetten-2025/
2025,bedrift og mosjonslag mix flest menn,945,6274,Deloitte 7 (Deloitte BIL),1:18:09,4689.0,https://www.sportsidioten.no/resultater/bedrift-og-mosjonslag-mix-flest-menn-holmenkollstafetten-2025/
2025,bedrift og mosjonslag mix flest menn,946,7880,Tratec Teknikken Flekkefjord,1:18:10,4690.0,https://www.sportsidioten.no/resultater/bedrift-og-mosjonslag-mix-flest-menn-holmenkollstafetten-2025/
2025,bedrift og mosjonslag mix flest menn,947,9404,NIO (NIO NORWAY AS),1:18:10,4690.0,https://www.sportsidioten.no/resultater/bedrift-og-mosjonslag-mix-flest-menn-holmenkollstafetten-2025/
2025,bedrift og mosjonslag mix flest menn,948,7051,Åssiden videregående skole,1:18:10,4690.0,https://www.sportsidioten.no/resultater/bedrift-og-mosjonslag-mix-flest-menn-holmenkollstafetten-2025/
2025,bedrift og mosjonslag mix flest menn,949,6627,Ocean Installer,1:18:12,4692.0,https://www.sportsidioten.no/resultater/bedrift-og-mosjonslag-mix-flest-menn-holmenkollstafetten-2025/
2025,bedrift og mosjonslag mix flest menn,950,7306,Nordea Bank 3 (Nordea Bank),1:18:12,4692.0,https://www.sportsidioten.no/resultater/bedrift-og-mosjonslag-mix-flest-menn-holmenkollstafetten-2025/
2025,bedrift og mosjonslag mix flest menn,951,7266,Nordea Finance 1 (Nordea Finans Norge AS),1:18:13,4693.0,https://www.sportsidioten.no/resultater/bedrift-og-mosjonslag-mix-flest-menn-holmenkollstafetten-2025/
2025,bedrift og mosjonslag mix flest menn,952,9280,Glamox,1:18:13,4693.0,https://www.sportsidioten.no/resultater/bedrift-og-mosjonslag-mix-flest-menn-holmenkollstafetten-2025/
2025,bedrift og mosjonslag mix flest menn,953,7622,SYSTRA (Systra),1:18:14,4694.0,https://www.sportsidioten.no/resultater/bedrift-og-mosjonslag-mix-flest-menn-holmenkollstafetten-2025/
2025,bedrift og mosjonslag mix flest menn,954,8007,Bergene Holm 1 (Bergene Holm AS),1:18:17,4697.0,https://www.sportsidioten.no/resultater/bedrift-og-mosjonslag-mix-flest-menn-holmenkollstafetten-2025/
2025,bedrift og mosjonslag mix flest menn,955,7463,REITAN RETAIL – RCN SPIRIT (REITAN RETAIL),1:18:17,4697.0,https://www.sportsidioten.no/resultater/bedrift-og-mosjonslag-mix-flest-menn-holmenkollstafetten-2025/
2025,bedrift og mosjonslag mix flest menn,956,11064,Solibo (Solibo AS),1:18:17,4697.0,https://www.sportsidioten.no/resultater/bedrift-og-mosjonslag-mix-flest-menn-holmenkollstafetten-2025/
2025,bedrift og mosjonslag mix flest menn,957,11071,LINK Mobility (LINK Mobility AS),1:18:18,4698.0,https://www.sportsidioten.no/resultater/bedrift-og-mosjonslag-mix-flest-menn-holmenkollstafetten-2025/
2025,bedrift og mosjonslag mix flest menn,958,7044,DLVRY AS,1:18:19,4699.0,https://www.sportsidioten.no/resultater/bedrift-og-mosjonslag-mix-flest-menn-holmenkollstafetten-2025/
2025,bedrift og mosjonslag mix flest menn,959,8673,Finansklagenemnda,1:18:20,4700.0,https://www.sportsidioten.no/resultater/bedrift-og-mosjonslag-mix-flest-menn-holmenkollstafetten-2025/
2025,bedrift og mosjonslag mix flest menn,960,6709,Handy men (Byggmester Kristiansen a/s),1:18:22,4702.0,https://www.sportsidioten.no/resultater/bedrift-og-mosjonslag-mix-flest-menn-holmenkollstafetten-2025/
2025,bedrift og mosjonslag mix flest menn,961,10301,Magnora Pacers (Magnora ASA),1:18:22,4702.0,https://www.sportsidioten.no/resultater/bedrift-og-mosjonslag-mix-flest-menn-holmenkollstafetten-2025/
2025,bedrift og mosjonslag mix flest menn,962,10700,IntelliRun (Intelligence AS),1:18:23,4703.0,https://www.sportsidioten.no/resultater/bedrift-og-mosjonslag-mix-flest-menn-holmenkollstafetten-2025/
2025,bedrift og mosjonslag mix flest menn,963,7031,Brynseng skole,1:18:24,4704.0,https://www.sportsidioten.no/resultater/bedrift-og-mosjonslag-mix-flest-menn-holmenkollstafetten-2025/
2025,bedrift og mosjonslag mix flest menn,964,5436,Energidepartementet,1:18:24,4704.0,https://www.sportsidioten.no/resultater/bedrift-og-mosjonslag-mix-flest-menn-holmenkollstafetten-2025/
2025,bedrift og mosjonslag mix flest menn,965,8033,SSB Andrelaget (Statistisk sentralbyrå),1:18:26,4706.0,https://www.sportsidioten.no/resultater/bedrift-og-mosjonslag-mix-flest-menn-holmenkollstafetten-2025/
2025,bedrift og mosjonslag mix flest menn,966,6845,Experis BIL 1 (Experis),1:18:26,4706.0,https://www.sportsidioten.no/resultater/bedrift-og-mosjonslag-mix-flest-menn-holmenkollstafetten-2025/
2025,bedrift og mosjonslag mix flest menn,967,11219,BULK (Bulk Infrastructure),1:18:26,4706.0,https://www.sportsidioten.no/resultater/bedrift-og-mosjonslag-mix-flest-menn-holmenkollstafetten-2025/
2025,bedrift og mosjonslag mix flest menn,968,5614,ASKO NORGE 1 (NorgesGruppen ASA),1:18:27,4707.0,https://www.sportsidioten.no/resultater/bedrift-og-mosjonslag-mix-flest-menn-holmenkollstafetten-2025/
2025,bedrift og mosjonslag mix flest menn,969,7445,A-2 (A-2 Norge AS),1:18:27,4707.0,https://www.sportsidioten.no/resultater/bedrift-og-mosjonslag-mix-flest-menn-holmenkollstafetten-2025/
2025,bedrift og mosjonslag mix flest menn,970,10104,Akuttpsyk 4 (Akuttpsykiatrisk avdeling Ullevål),1:18:27,4707.0,https://www.sportsidioten.no/resultater/bedrift-og-mosjonslag-mix-flest-menn-holmenkollstafetten-2025/
2025,bedrift og mosjonslag mix flest menn,971,5699,MENY Røa Grønn 2 (NORGESGRUPPEN ASA),1:18:32,4712.0,https://www.sportsidioten.no/resultater/bedrift-og-mosjonslag-mix-flest-menn-holmenkollstafetten-2025/
2025,bedrift og mosjonslag mix flest menn,972,7046,Future Fighters (Oslotech),1:18:32,4712.0,https://www.sportsidioten.no/resultater/bedrift-og-mosjonslag-mix-flest-menn-holmenkollstafetten-2025/
2025,bedrift og mosjonslag mix flest menn,973,12204,REN 2nd to none (Equinor),1:18:33,4713.0,https://www.sportsidioten.no/resultater/bedrift-og-mosjonslag-mix-flest-menn-holmenkollstafetten-2025/
2025,bedrift og mosjonslag mix flest menn,974,10717,SportAI (Sport AI AS),1:18:33,4713.0,https://www.sportsidioten.no/resultater/bedrift-og-mosjonslag-mix-flest-menn-holmenkollstafetten-2025/
2025,bedrift og mosjonslag mix flest menn,975,10058,SATS Storo,1:18:34,4714.0,https://www.sportsidioten.no/resultater/bedrift-og-mosjonslag-mix-flest-menn-holmenkollstafetten-2025/
2025,bedrift og mosjonslag mix flest menn,976,7870,NFM Group (NFM Group AS),1:18:34,4714.0,https://www.sportsidioten.no/resultater/bedrift-og-mosjonslag-mix-flest-menn-holmenkollstafetten-2025/
2025,bedrift og mosjonslag mix flest menn,977,6509,Aker Solutions Stavanger (Aker Solutions),1:18:34,4714.0,https://www.sportsidioten.no/resultater/bedrift-og-mosjonslag-mix-flest-menn-holmenkollstafetten-2025/
2025,bedrift og mosjonslag mix flest menn,978,7430,Team Screw Compressors (TMC Compressors AS),1:18:36,4716.0,https://www.sportsidioten.no/resultater/bedrift-og-mosjonslag-mix-flest-menn-holmenkollstafetten-2025/
2025,bedrift og mosjonslag mix flest menn,979,10456,Accenture 3 (Accenture),1:18:36,4716.0,https://www.sportsidioten.no/resultater/bedrift-og-mosjonslag-mix-flest-menn-holmenkollstafetten-2025/
2025,bedrift og mosjonslag mix flest menn,980,6301,PwC Bærekraft (PricewaterhouseCoopers),1:18:37,4717.0,https://www.sportsidioten.no/resultater/bedrift-og-mosjonslag-mix-flest-menn-holmenkollstafetten-2025/
2025,bedrift og mosjonslag mix flest menn,981,5850,Aidn (Aidn AS),1:18:38,4718.0,https://www.sportsidioten.no/resultater/bedrift-og-mosjonslag-mix-flest-menn-holmenkollstafetten-2025/
2025,bedrift og mosjonslag mix flest menn,982,7417,Infomedia (Infomedia Norge AS),1:18:39,4719.0,https://www.sportsidioten.no/resultater/bedrift-og-mosjonslag-mix-flest-menn-holmenkollstafetten-2025/
2025,bedrift og mosjonslag mix flest menn,983,10654,Profinans (Profinans AS),1:18:41,4721.0,https://www.sportsidioten.no/resultater/bedrift-og-mosjonslag-mix-flest-menn-holmenkollstafetten-2025/
2025,bedrift og mosjonslag mix flest menn,984,11813,USAIN VOLT (Varner AS),1:18:41,4721.0,https://www.sportsidioten.no/resultater/bedrift-og-mosjonslag-mix-flest-menn-holmenkollstafetten-2025/
2025,bedrift og mosjonslag mix flest menn,985,11226,Frifot,1:18:42,4722.0,https://www.sportsidioten.no/resultater/bedrift-og-mosjonslag-mix-flest-menn-holmenkollstafetten-2025/
2025,bedrift og mosjonslag mix flest menn,986,10107,AK RUN CLUB (Akershus kommandantskap),1:18:43,4723.0,https://www.sportsidioten.no/resultater/bedrift-og-mosjonslag-mix-flest-menn-holmenkollstafetten-2025/
2025,bedrift og mosjonslag mix flest menn,987,11510,IKEA Oslo 1 (IKEA),1:18:43,4723.0,https://www.sportsidioten.no/resultater/bedrift-og-mosjonslag-mix-flest-menn-holmenkollstafetten-2025/
2025,bedrift og mosjonslag mix flest menn,988,7696,Disen Dream team (Disen skole),1:18:43,4723.0,https://www.sportsidioten.no/resultater/bedrift-og-mosjonslag-mix-flest-menn-holmenkollstafetten-2025/
2025,bedrift og mosjonslag mix flest menn,989,5405,Digitus,1:18:43,4723.0,https://www.sportsidioten.no/resultater/bedrift-og-mosjonslag-mix-flest-menn-holmenkollstafetten-2025/
2025,bedrift og mosjonslag mix flest menn,990,5893,BDO Business Services – Regnskap 1 (BDO AS),1:18:43,4723.0,https://www.sportsidioten.no/resultater/bedrift-og-mosjonslag-mix-flest-menn-holmenkollstafetten-2025/
2025,bedrift og mosjonslag mix flest menn,991,8008,Inspirit Sportslag (Inspirit),1:18:44,4724.0,https://www.sportsidioten.no/resultater/bedrift-og-mosjonslag-mix-flest-menn-holmenkollstafetten-2025/
2025,bedrift og mosjonslag mix flest menn,992,8418,Maron maraton (Carls),1:18:44,4724.0,https://www.sportsidioten.no/resultater/bedrift-og-mosjonslag-mix-flest-menn-holmenkollstafetten-2025/
2025,bedrift og mosjonslag mix flest menn,993,8828,Kinland / Saren (Kinland AS),1:18:45,4725.0,https://www.sportsidioten.no/resultater/bedrift-og-mosjonslag-mix-flest-menn-holmenkollstafetten-2025/
2025,bedrift og mosjonslag mix flest menn,994,11514,Bitastad (Bitastad AS),1:18:46,4726.0,https://www.sportsidioten.no/resultater/bedrift-og-mosjonslag-mix-flest-menn-holmenkollstafetten-2025/
2025,bedrift og mosjonslag mix flest menn,995,7824,Sparebanken Øst v/SPØFF (Sparebanken Øst),1:18:46,4726.0,https://www.sportsidioten.no/resultater/bedrift-og-mosjonslag-mix-flest-menn-holmenkollstafetten-2025/
2025,bedrift og mosjonslag mix flest menn,996,5639,NG Data 1 (NORGESGRUPPEN ASA),1:18:46,4726.0,https://www.sportsidioten.no/resultater/bedrift-og-mosjonslag-mix-flest-menn-holmenkollstafetten-2025/
2025,bedrift og mosjonslag mix flest menn,997,5818,DNV – GRD (DNV),1:18:47,4727.0,https://www.sportsidioten.no/resultater/bedrift-og-mosjonslag-mix-flest-menn-holmenkollstafetten-2025/
2025,bedrift og mosjonslag mix flest menn,998,8404,ECIT AS Fornebu (ECIT AS),1:18:47,4727.0,https://www.sportsidioten.no/resultater/bedrift-og-mosjonslag-mix-flest-menn-holmenkollstafetten-2025/
2025,bedrift og mosjonslag mix flest menn,999,11431,Green Mountain Frontrunners (Green Mountain),1:18:47,4727.0,https://www.sportsidioten.no/resultater/bedrift-og-mosjonslag-mix-flest-menn-holmenkollstafetten-2025/
2025,bedrift og mosjonslag mix flest menn,1000,6657,Snøkam,1:18:47,4727.0,https://www.sportsidioten.no/resultater/bedrift-og-mosjonslag-mix-flest-menn-holmenkollstafetten-2025/
2025,bedrift og mosjonslag mix flest menn,1001,7890,ICGI (Institutt for kreftgenetikk og informatikk – OUS),1:18:48,4728.0,https://www.sportsidioten.no/resultater/bedrift-og-mosjonslag-mix-flest-menn-holmenkollstafetten-2025/
2025,bedrift og mosjonslag mix flest menn,1002,7816,Kamigos (Kameo Norge),1:18:49,4729.0,https://www.sportsidioten.no/resultater/bedrift-og-mosjonslag-mix-flest-menn-holmenkollstafetten-2025/
2025,bedrift og mosjonslag mix flest menn,1003,9247,Språkrådet,1:18:50,4730.0,https://www.sportsidioten.no/resultater/bedrift-og-mosjonslag-mix-flest-menn-holmenkollstafetten-2025/
2025,bedrift og mosjonslag mix flest menn,1004,8622,Avarn Security 1 (Avarn Security),1:18:50,4730.0,https://www.sportsidioten.no/resultater/bedrift-og-mosjonslag-mix-flest-menn-holmenkollstafetten-2025/
2025,bedrift og mosjonslag mix flest menn,1005,8250,Move AS,1:18:50,4730.0,https://www.sportsidioten.no/resultater/bedrift-og-mosjonslag-mix-flest-menn-holmenkollstafetten-2025/
2025,bedrift og mosjonslag mix flest menn,1006,8454,Ortomedic (Ortomedic AS),1:18:51,4731.0,https://www.sportsidioten.no/resultater/bedrift-og-mosjonslag-mix-flest-menn-holmenkollstafetten-2025/
2025,bedrift og mosjonslag mix flest menn,1007,7261,Rejlers AS,1:18:51,4731.0,https://www.sportsidioten.no/resultater/bedrift-og-mosjonslag-mix-flest-menn-holmenkollstafetten-2025/
2025,bedrift og mosjonslag mix flest menn,1008,11629,M.A.C (Mediocre Athletics Club),1:18:51,4731.0,https://www.sportsidioten.no/resultater/bedrift-og-mosjonslag-mix-flest-menn-holmenkollstafetten-2025/
2025,bedrift og mosjonslag mix flest menn,1009,6621,Vestre Toten ungdomsskole,1:18:52,4732.0,https://www.sportsidioten.no/resultater/bedrift-og-mosjonslag-mix-flest-menn-holmenkollstafetten-2025/
2025,bedrift og mosjonslag mix flest menn,1010,6661,Hydro Aktiv – Projects (Hydro),1:18:52,4732.0,https://www.sportsidioten.no/resultater/bedrift-og-mosjonslag-mix-flest-menn-holmenkollstafetten-2025/
2025,bedrift og mosjonslag mix flest menn,1011,8616,Honeywell AS,1:18:52,4732.0,https://www.sportsidioten.no/resultater/bedrift-og-mosjonslag-mix-flest-menn-holmenkollstafetten-2025/
2025,bedrift og mosjonslag mix flest menn,1012,10870,"FSDP – Fart, Svette, Dedikasjon & Pils (Sopra Steria)",1:18:53,4733.0,https://www.sportsidioten.no/resultater/bedrift-og-mosjonslag-mix-flest-menn-holmenkollstafetten-2025/
2025,bedrift og mosjonslag mix flest menn,1013,7452,ViaNova,1:18:54,4734.0,https://www.sportsidioten.no/resultater/bedrift-og-mosjonslag-mix-flest-menn-holmenkollstafetten-2025/
2025,bedrift og mosjonslag mix flest menn,1014,5269,NSM 1 (NSM),1:18:54,4734.0,https://www.sportsidioten.no/resultater/bedrift-og-mosjonslag-mix-flest-menn-holmenkollstafetten-2025/
2025,bedrift og mosjonslag mix flest menn,1015,6825,Ullern videregående skole,1:18:54,4734.0,https://www.sportsidioten.no/resultater/bedrift-og-mosjonslag-mix-flest-menn-holmenkollstafetten-2025/
2025,bedrift og mosjonslag mix flest menn,1016,8096,NMBU – KBM (Norges miljø og biovitenskapelige universitet),1:18:55,4735.0,https://www.sportsidioten.no/resultater/bedrift-og-mosjonslag-mix-flest-menn-holmenkollstafetten-2025/
2025,bedrift og mosjonslag mix flest menn,1017,5838,Protector Forsikring,1:18:55,4735.0,https://www.sportsidioten.no/resultater/bedrift-og-mosjonslag-mix-flest-menn-holmenkollstafetten-2025/
2025,bedrift og mosjonslag mix flest menn,1018,5672,ASKO STORCASH 1 (NorgesGruppen ASA),1:18:55,4735.0,https://www.sportsidioten.no/resultater/bedrift-og-mosjonslag-mix-flest-menn-holmenkollstafetten-2025/
2025,bedrift og mosjonslag mix flest menn,1019,10469,Orkla Foods Norge 2 (Orkla Foods Norge),1:18:56,4736.0,https://www.sportsidioten.no/resultater/bedrift-og-mosjonslag-mix-flest-menn-holmenkollstafetten-2025/
2025,bedrift og mosjonslag mix flest menn,1020,10803,UPA – OUS (OUS),1:18:56,4736.0,https://www.sportsidioten.no/resultater/bedrift-og-mosjonslag-mix-flest-menn-holmenkollstafetten-2025/
2025,bedrift og mosjonslag mix flest menn,1021,8850,AIDER 3 (Aider AS),1:18:57,4737.0,https://www.sportsidioten.no/resultater/bedrift-og-mosjonslag-mix-flest-menn-holmenkollstafetten-2025/
2025,bedrift og mosjonslag mix flest menn,1022,5821,Prostage AS,1:18:58,4738.0,https://www.sportsidioten.no/resultater/bedrift-og-mosjonslag-mix-flest-menn-holmenkollstafetten-2025/
2025,bedrift og mosjonslag mix flest menn,1023,7043,Nesbru videregående skole,1:18:58,4738.0,https://www.sportsidioten.no/resultater/bedrift-og-mosjonslag-mix-flest-menn-holmenkollstafetten-2025/
2025,bedrift og mosjonslag mix flest menn,1024,9233,Widerøe,1:18:58,4738.0,https://www.sportsidioten.no/resultater/bedrift-og-mosjonslag-mix-flest-menn-holmenkollstafetten-2025/
2025,bedrift og mosjonslag mix flest menn,1025,8701,MPR Gruppen (MPR Regnskap AS),1:18:58,4738.0,https://www.sportsidioten.no/resultater/bedrift-og-mosjonslag-mix-flest-menn-holmenkollstafetten-2025/
2025,bedrift og mosjonslag mix flest menn,1026,6235,KLP 5 (KLP),1:18:59,4739.0,https://www.sportsidioten.no/resultater/bedrift-og-mosjonslag-mix-flest-menn-holmenkollstafetten-2025/
2025,bedrift og mosjonslag mix flest menn,1027,10685,Naprapatlandslaget (Naprapatlandslaget Norge),1:18:59,4739.0,https://www.sportsidioten.no/resultater/bedrift-og-mosjonslag-mix-flest-menn-holmenkollstafetten-2025/
2025,bedrift og mosjonslag mix flest menn,1028,7283,Vika VGS 2 (Vika Videregående Skole),1:18:59,4739.0,https://www.sportsidioten.no/resultater/bedrift-og-mosjonslag-mix-flest-menn-holmenkollstafetten-2025/
2025,bedrift og mosjonslag mix flest menn,1029,5801,UiO-SMN Speed (UiO – SMN),1:18:59,4739.0,https://www.sportsidioten.no/resultater/bedrift-og-mosjonslag-mix-flest-menn-holmenkollstafetten-2025/
2025,bedrift og mosjonslag mix flest menn,1030,10672,Capgemini Invent 2 (Capgemini Invent),1:19:01,4741.0,https://www.sportsidioten.no/resultater/bedrift-og-mosjonslag-mix-flest-menn-holmenkollstafetten-2025/
2025,bedrift og mosjonslag mix flest menn,1031,11016,Odin Prosjekt (Odin Prosjekt AS),1:19:01,4741.0,https://www.sportsidioten.no/resultater/bedrift-og-mosjonslag-mix-flest-menn-holmenkollstafetten-2025/
2025,bedrift og mosjonslag mix flest menn,1032,6020,DNB Eiendom Oslo 1 1 (DNB Eiendom),1:19:02,4742.0,https://www.sportsidioten.no/resultater/bedrift-og-mosjonslag-mix-flest-menn-holmenkollstafetten-2025/
2025,bedrift og mosjonslag mix flest menn,1033,7080,Visma Property Solutions AS,1:19:02,4742.0,https://www.sportsidioten.no/resultater/bedrift-og-mosjonslag-mix-flest-menn-holmenkollstafetten-2025/
2025,bedrift og mosjonslag mix flest menn,1034,7273,Grunt,1:19:02,4742.0,https://www.sportsidioten.no/resultater/bedrift-og-mosjonslag-mix-flest-menn-holmenkollstafetten-2025/
2025,bedrift og mosjonslag mix flest menn,1035,12073,BERTEL O. STEEN ALLSTARS (Bertel O. Steen),1:19:02,4742.0,https://www.sportsidioten.no/resultater/bedrift-og-mosjonslag-mix-flest-menn-holmenkollstafetten-2025/
2025,bedrift og mosjonslag mix flest menn,1036,8071,Viking (Viking Assistance Group AS),1:19:03,4743.0,https://www.sportsidioten.no/resultater/bedrift-og-mosjonslag-mix-flest-menn-holmenkollstafetten-2025/
2025,bedrift og mosjonslag mix flest menn,1037,10638,Statsbygg BIL 3 (Statsbygg),1:19:03,4743.0,https://www.sportsidioten.no/resultater/bedrift-og-mosjonslag-mix-flest-menn-holmenkollstafetten-2025/
2025,bedrift og mosjonslag mix flest menn,1038,6448,EY BIL Oslo Tax & Law (EY),1:19:03,4743.0,https://www.sportsidioten.no/resultater/bedrift-og-mosjonslag-mix-flest-menn-holmenkollstafetten-2025/
2025,bedrift og mosjonslag mix flest menn,1039,10314,Kvant Consulting,1:19:04,4744.0,https://www.sportsidioten.no/resultater/bedrift-og-mosjonslag-mix-flest-menn-holmenkollstafetten-2025/
2025,bedrift og mosjonslag mix flest menn,1040,8238,Atlas Copco & Berema Turbo Chargers (Atlas Copco),1:19:04,4744.0,https://www.sportsidioten.no/resultater/bedrift-og-mosjonslag-mix-flest-menn-holmenkollstafetten-2025/
2025,bedrift og mosjonslag mix flest menn,1041,8899,"Molekylær Onkologi, Inst. for Kreftforskning, OUS",1:19:04,4744.0,https://www.sportsidioten.no/resultater/bedrift-og-mosjonslag-mix-flest-menn-holmenkollstafetten-2025/
2025,bedrift og mosjonslag mix flest menn,1042,7212,Å Energi 1 (Å Energi),1:19:04,4744.0,https://www.sportsidioten.no/resultater/bedrift-og-mosjonslag-mix-flest-menn-holmenkollstafetten-2025/
2025,bedrift og mosjonslag mix flest menn,1043,5722,KIWI 16 (NORGESGRUPPEN ASA),1:19:04,4744.0,https://www.sportsidioten.no/resultater/bedrift-og-mosjonslag-mix-flest-menn-holmenkollstafetten-2025/
2025,bedrift og mosjonslag mix flest menn,1044,8491,Karlsen & Nordseth Entreprenør AS,1:19:04,4744.0,https://www.sportsidioten.no/resultater/bedrift-og-mosjonslag-mix-flest-menn-holmenkollstafetten-2025/
2025,bedrift og mosjonslag mix flest menn,1045,8699,Fagforbundet BIL 1 (Fagforbundet),1:19:05,4745.0,https://www.sportsidioten.no/resultater/bedrift-og-mosjonslag-mix-flest-menn-holmenkollstafetten-2025/
2025,bedrift og mosjonslag mix flest menn,1046,8090,Stigerøyr og kablar (DNV),1:19:05,4745.0,https://www.sportsidioten.no/resultater/bedrift-og-mosjonslag-mix-flest-menn-holmenkollstafetten-2025/
2025,bedrift og mosjonslag mix flest menn,1047,6464,EY BIL Technology Audit Oslo 2 (EY),1:19:05,4745.0,https://www.sportsidioten.no/resultater/bedrift-og-mosjonslag-mix-flest-menn-holmenkollstafetten-2025/
2025,bedrift og mosjonslag mix flest menn,1048,7807,Technogarden Telecom 1 (Technogarden AS),1:19:07,4747.0,https://www.sportsidioten.no/resultater/bedrift-og-mosjonslag-mix-flest-menn-holmenkollstafetten-2025/
2025,bedrift og mosjonslag mix flest menn,1049,11087,KFA Majorstuen (Klinikk for Alle Majorstuen),1:19:08,4748.0,https://www.sportsidioten.no/resultater/bedrift-og-mosjonslag-mix-flest-menn-holmenkollstafetten-2025/
2025,bedrift og mosjonslag mix flest menn,1050,7852,Nav Hjelpemiddelsentral Oslo – Nerdelaget (Nav Hjelpemiddelsentral Oslo),1:19:10,4750.0,https://www.sportsidioten.no/resultater/bedrift-og-mosjonslag-mix-flest-menn-holmenkollstafetten-2025/
2025,bedrift og mosjonslag mix flest menn,1051,7620,Vårt Land,1:19:10,4750.0,https://www.sportsidioten.no/resultater/bedrift-og-mosjonslag-mix-flest-menn-holmenkollstafetten-2025/
2025,bedrift og mosjonslag mix flest menn,1052,6029,DNB Tromsø (DNB ASA),1:19:10,4750.0,https://www.sportsidioten.no/resultater/bedrift-og-mosjonslag-mix-flest-menn-holmenkollstafetten-2025/
2025,bedrift og mosjonslag mix flest menn,1053,7847,NSM 2 (NSM),1:19:10,4750.0,https://www.sportsidioten.no/resultater/bedrift-og-mosjonslag-mix-flest-menn-holmenkollstafetten-2025/
2025,bedrift og mosjonslag mix flest menn,1054,10100,Randstad/Dfind (Randstad Norway AS),1:19:12,4752.0,https://www.sportsidioten.no/resultater/bedrift-og-mosjonslag-mix-flest-menn-holmenkollstafetten-2025/
2025,bedrift og mosjonslag mix flest menn,1055,12203,REN1 (Equinor),1:19:12,4752.0,https://www.sportsidioten.no/resultater/bedrift-og-mosjonslag-mix-flest-menn-holmenkollstafetten-2025/
2025,bedrift og mosjonslag mix flest menn,1056,7649,Devoteam Norge,1:19:13,4753.0,https://www.sportsidioten.no/resultater/bedrift-og-mosjonslag-mix-flest-menn-holmenkollstafetten-2025/
2025,bedrift og mosjonslag mix flest menn,1057,9440,AIDER 6 (Aider AS),1:19:13,4753.0,https://www.sportsidioten.no/resultater/bedrift-og-mosjonslag-mix-flest-menn-holmenkollstafetten-2025/
2025,bedrift og mosjonslag mix flest menn,1058,9439,Nevion 1 (Nevion),1:19:14,4754.0,https://www.sportsidioten.no/resultater/bedrift-og-mosjonslag-mix-flest-menn-holmenkollstafetten-2025/
2025,bedrift og mosjonslag mix flest menn,1059,9612,DXC BIL Oslo (DXC Technology AS),1:19:15,4755.0,https://www.sportsidioten.no/resultater/bedrift-og-mosjonslag-mix-flest-menn-holmenkollstafetten-2025/
2025,bedrift og mosjonslag mix flest menn,1060,7059,Oda Social Team 3 (Oda Group Services),1:19:15,4755.0,https://www.sportsidioten.no/resultater/bedrift-og-mosjonslag-mix-flest-menn-holmenkollstafetten-2025/
2025,bedrift og mosjonslag mix flest menn,1061,7911,Nettbil 1 (Nettbil),1:19:15,4755.0,https://www.sportsidioten.no/resultater/bedrift-og-mosjonslag-mix-flest-menn-holmenkollstafetten-2025/
2025,bedrift og mosjonslag mix flest menn,1062,6250,KPMG Innlandet (KPMG AS),1:19:15,4755.0,https://www.sportsidioten.no/resultater/bedrift-og-mosjonslag-mix-flest-menn-holmenkollstafetten-2025/
2025,bedrift og mosjonslag mix flest menn,1063,11872,Asplan Viak 2 (Asplan Viak AS),1:19:16,4756.0,https://www.sportsidioten.no/resultater/bedrift-og-mosjonslag-mix-flest-menn-holmenkollstafetten-2025/
2025,bedrift og mosjonslag mix flest menn,1064,7085,Compello (Compello AS),1:19:16,4756.0,https://www.sportsidioten.no/resultater/bedrift-og-mosjonslag-mix-flest-menn-holmenkollstafetten-2025/
2025,bedrift og mosjonslag mix flest menn,1065,8417,Ung i SP (Sykehuspartner),1:19:16,4756.0,https://www.sportsidioten.no/resultater/bedrift-og-mosjonslag-mix-flest-menn-holmenkollstafetten-2025/
2025,bedrift og mosjonslag mix flest menn,1066,8093,Lillestrøm VGS 1 (Lillestrøm videregående skole),1:19:16,4756.0,https://www.sportsidioten.no/resultater/bedrift-og-mosjonslag-mix-flest-menn-holmenkollstafetten-2025/
2025,bedrift og mosjonslag mix flest menn,1067,10631,Landkreditt 2 (Landkreditt),1:19:16,4756.0,https://www.sportsidioten.no/resultater/bedrift-og-mosjonslag-mix-flest-menn-holmenkollstafetten-2025/
2025,bedrift og mosjonslag mix flest menn,1068,8647,Nimble Diffians (Diffia AS),1:19:17,4757.0,https://www.sportsidioten.no/resultater/bedrift-og-mosjonslag-mix-flest-menn-holmenkollstafetten-2025/
2025,bedrift og mosjonslag mix flest menn,1069,8890,Borregaard 1 (Borregaard),1:19:17,4757.0,https://www.sportsidioten.no/resultater/bedrift-og-mosjonslag-mix-flest-menn-holmenkollstafetten-2025/
2025,bedrift og mosjonslag mix flest menn,1070,6025,DNB-MajorØkern (DNB),1:19:17,4757.0,https://www.sportsidioten.no/resultater/bedrift-og-mosjonslag-mix-flest-menn-holmenkollstafetten-2025/
2025,bedrift og mosjonslag mix flest menn,1071,7710,RiksTV,1:19:18,4758.0,https://www.sportsidioten.no/resultater/bedrift-og-mosjonslag-mix-flest-menn-holmenkollstafetten-2025/
2025,bedrift og mosjonslag mix flest menn,1072,8690,HENT AS A-blokka (HENT AS),1:19:18,4758.0,https://www.sportsidioten.no/resultater/bedrift-og-mosjonslag-mix-flest-menn-holmenkollstafetten-2025/
2025,bedrift og mosjonslag mix flest menn,1073,7416,TEAM LILLY (Eli Lilly Norge AS),1:19:18,4758.0,https://www.sportsidioten.no/resultater/bedrift-og-mosjonslag-mix-flest-menn-holmenkollstafetten-2025/
2025,bedrift og mosjonslag mix flest menn,1074,7235,Infor Runners (Infor Norge AS),1:19:18,4758.0,https://www.sportsidioten.no/resultater/bedrift-og-mosjonslag-mix-flest-menn-holmenkollstafetten-2025/
2025,bedrift og mosjonslag mix flest menn,1075,7853,Akershus fylkeskommune SAMF 1 (Akershus fylkeskommune SAMF),1:19:18,4758.0,https://www.sportsidioten.no/resultater/bedrift-og-mosjonslag-mix-flest-menn-holmenkollstafetten-2025/
2025,bedrift og mosjonslag mix flest menn,1076,10500,Nadderud vgs,1:19:18,4758.0,https://www.sportsidioten.no/resultater/bedrift-og-mosjonslag-mix-flest-menn-holmenkollstafetten-2025/
2025,bedrift og mosjonslag mix flest menn,1077,10613,Rambøll Drammen (Rambøll Norge AS),1:19:19,4759.0,https://www.sportsidioten.no/resultater/bedrift-og-mosjonslag-mix-flest-menn-holmenkollstafetten-2025/
2025,bedrift og mosjonslag mix flest menn,1078,8012,Materials & Testing (DNV),1:19:19,4759.0,https://www.sportsidioten.no/resultater/bedrift-og-mosjonslag-mix-flest-menn-holmenkollstafetten-2025/
2025,bedrift og mosjonslag mix flest menn,1079,6023,DNB Autolease Accelerators (DNB),1:19:19,4759.0,https://www.sportsidioten.no/resultater/bedrift-og-mosjonslag-mix-flest-menn-holmenkollstafetten-2025/
2025,bedrift og mosjonslag mix flest menn,1080,11239,Idrettens Hus Tromsø,1:19:20,4760.0,https://www.sportsidioten.no/resultater/bedrift-og-mosjonslag-mix-flest-menn-holmenkollstafetten-2025/
2025,bedrift og mosjonslag mix flest menn,1081,11602,Equinor Bil Oslo 1 (Equinor),1:19:20,4760.0,https://www.sportsidioten.no/resultater/bedrift-og-mosjonslag-mix-flest-menn-holmenkollstafetten-2025/
2025,bedrift og mosjonslag mix flest menn,1082,7024,Inventas Øst (Inventas AS),1:19:21,4761.0,https://www.sportsidioten.no/resultater/bedrift-og-mosjonslag-mix-flest-menn-holmenkollstafetten-2025/
2025,bedrift og mosjonslag mix flest menn,1083,8463,Allnex Dream Team (Dynea/Allnex BIL 2),1:19:21,4761.0,https://www.sportsidioten.no/resultater/bedrift-og-mosjonslag-mix-flest-menn-holmenkollstafetten-2025/
2025,bedrift og mosjonslag mix flest menn,1084,6651,Team Northcom (Northcom AS),1:19:22,4762.0,https://www.sportsidioten.no/resultater/bedrift-og-mosjonslag-mix-flest-menn-holmenkollstafetten-2025/
2025,bedrift og mosjonslag mix flest menn,1085,7684,BAKER TILLY GRIMSRUD & CO. ANS,1:19:23,4763.0,https://www.sportsidioten.no/resultater/bedrift-og-mosjonslag-mix-flest-menn-holmenkollstafetten-2025/
2025,bedrift og mosjonslag mix flest menn,1086,7658,Team Hesselberg (Hesselberg AS),1:19:23,4763.0,https://www.sportsidioten.no/resultater/bedrift-og-mosjonslag-mix-flest-menn-holmenkollstafetten-2025/
2025,bedrift og mosjonslag mix flest menn,1087,10611,Rambøll Vann og venner (Rambøll Norge AS),1:19:23,4763.0,https://www.sportsidioten.no/resultater/bedrift-og-mosjonslag-mix-flest-menn-holmenkollstafetten-2025/
2025,bedrift og mosjonslag mix flest menn,1088,12242,Team058,1:19:24,4764.0,https://www.sportsidioten.no/resultater/bedrift-og-mosjonslag-mix-flest-menn-holmenkollstafetten-2025/
2025,bedrift og mosjonslag mix flest menn,1089,7229,Gyldendal Hare (Gyldendal Norsk Forlag),1:19:24,4764.0,https://www.sportsidioten.no/resultater/bedrift-og-mosjonslag-mix-flest-menn-holmenkollstafetten-2025/
2025,bedrift og mosjonslag mix flest menn,1090,8705,Høyesterett,1:19:25,4765.0,https://www.sportsidioten.no/resultater/bedrift-og-mosjonslag-mix-flest-menn-holmenkollstafetten-2025/
2025,bedrift og mosjonslag mix flest menn,1091,7889,BekkeLAGET (Harald A Møller),1:19:26,4766.0,https://www.sportsidioten.no/resultater/bedrift-og-mosjonslag-mix-flest-menn-holmenkollstafetten-2025/
2025,bedrift og mosjonslag mix flest menn,1092,6246,KPMG AS CFO A(re) 3 (KPMG AS),1:19:27,4767.0,https://www.sportsidioten.no/resultater/bedrift-og-mosjonslag-mix-flest-menn-holmenkollstafetten-2025/
2025,bedrift og mosjonslag mix flest menn,1093,7057,REITAN RETAIL – REMA 1000 RD 1 (REITAN RETAIL),1:19:27,4767.0,https://www.sportsidioten.no/resultater/bedrift-og-mosjonslag-mix-flest-menn-holmenkollstafetten-2025/
2025,bedrift og mosjonslag mix flest menn,1094,7011,Visma Amili (Visma Amili AS),1:19:28,4768.0,https://www.sportsidioten.no/resultater/bedrift-og-mosjonslag-mix-flest-menn-holmenkollstafetten-2025/
2025,bedrift og mosjonslag mix flest menn,1095,7437,Lime Technologies (Lime Technologies AS),1:19:28,4768.0,https://www.sportsidioten.no/resultater/bedrift-og-mosjonslag-mix-flest-menn-holmenkollstafetten-2025/
2025,bedrift og mosjonslag mix flest menn,1096,11047,Oljeskattekontoret,1:19:29,4769.0,https://www.sportsidioten.no/resultater/bedrift-og-mosjonslag-mix-flest-menn-holmenkollstafetten-2025/
2025,bedrift og mosjonslag mix flest menn,1097,10024,Team Melius (Melius Consulting AS),1:19:30,4770.0,https://www.sportsidioten.no/resultater/bedrift-og-mosjonslag-mix-flest-menn-holmenkollstafetten-2025/
2025,bedrift og mosjonslag mix flest menn,1098,9007,Vedum Consulting AS,1:19:30,4770.0,https://www.sportsidioten.no/resultater/bedrift-og-mosjonslag-mix-flest-menn-holmenkollstafetten-2025/
2025,bedrift og mosjonslag mix flest menn,1099,6220,KPMG Accounting Vikings (KPMG AS),1:19:31,4771.0,https://www.sportsidioten.no/resultater/bedrift-og-mosjonslag-mix-flest-menn-holmenkollstafetten-2025/
2025,bedrift og mosjonslag mix flest menn,1100,7233,Nordea – Cash Management (Nordea),1:19:31,4771.0,https://www.sportsidioten.no/resultater/bedrift-og-mosjonslag-mix-flest-menn-holmenkollstafetten-2025/
2025,bedrift og mosjonslag mix flest menn,1101,7215,Å Energi 6 (Å Energi),1:19:31,4771.0,https://www.sportsidioten.no/resultater/bedrift-og-mosjonslag-mix-flest-menn-holmenkollstafetten-2025/
2025,bedrift og mosjonslag mix flest menn,1102,12223,Kahoot! 3 (Kahoot! AS),1:19:31,4771.0,https://www.sportsidioten.no/resultater/bedrift-og-mosjonslag-mix-flest-menn-holmenkollstafetten-2025/
2025,bedrift og mosjonslag mix flest menn,1103,6460,DPS Nedre (Ahus),1:19:32,4772.0,https://www.sportsidioten.no/resultater/bedrift-og-mosjonslag-mix-flest-menn-holmenkollstafetten-2025/
2025,bedrift og mosjonslag mix flest menn,1104,6225,KPMG AS Mid-Market (KPMG AS),1:19:34,4774.0,https://www.sportsidioten.no/resultater/bedrift-og-mosjonslag-mix-flest-menn-holmenkollstafetten-2025/
2025,bedrift og mosjonslag mix flest menn,1105,5875,Gangsås Næringspark bedriftsidrettslag (Harstadbygg Entreprenør AS),1:19:34,4774.0,https://www.sportsidioten.no/resultater/bedrift-og-mosjonslag-mix-flest-menn-holmenkollstafetten-2025/
2025,bedrift og mosjonslag mix flest menn,1106,7917,Svenn,1:19:34,4774.0,https://www.sportsidioten.no/resultater/bedrift-og-mosjonslag-mix-flest-menn-holmenkollstafetten-2025/
2025,bedrift og mosjonslag mix flest menn,1107,6261,Deloitte 6 (Deloitte BIL),1:19:35,4775.0,https://www.sportsidioten.no/resultater/bedrift-og-mosjonslag-mix-flest-menn-holmenkollstafetten-2025/
2025,bedrift og mosjonslag mix flest menn,1108,7810,Bane NOR Jernbaneskolen (Bane NOR),1:19:35,4775.0,https://www.sportsidioten.no/resultater/bedrift-og-mosjonslag-mix-flest-menn-holmenkollstafetten-2025/
2025,bedrift og mosjonslag mix flest menn,1109,6652,Team Holmen (Holmen skole),1:19:35,4775.0,https://www.sportsidioten.no/resultater/bedrift-og-mosjonslag-mix-flest-menn-holmenkollstafetten-2025/
2025,bedrift og mosjonslag mix flest menn,1110,7801,Loyalty AS – Lederteam (Loyalty AS),1:19:35,4775.0,https://www.sportsidioten.no/resultater/bedrift-og-mosjonslag-mix-flest-menn-holmenkollstafetten-2025/
2025,bedrift og mosjonslag mix flest menn,1111,10615,Eagle Technology (Eagle Technology AS),1:19:35,4775.0,https://www.sportsidioten.no/resultater/bedrift-og-mosjonslag-mix-flest-menn-holmenkollstafetten-2025/
2025,bedrift og mosjonslag mix flest menn,1112,8848,Glasspaper (Glasspaper Group),1:19:36,4776.0,https://www.sportsidioten.no/resultater/bedrift-og-mosjonslag-mix-flest-menn-holmenkollstafetten-2025/
2025,bedrift og mosjonslag mix flest menn,1113,11261,Legeforeningen 1 (Den norske legeforening),1:19:36,4776.0,https://www.sportsidioten.no/resultater/bedrift-og-mosjonslag-mix-flest-menn-holmenkollstafetten-2025/
2025,bedrift og mosjonslag mix flest menn,1114,7293,Business Banking (Nordea),1:19:36,4776.0,https://www.sportsidioten.no/resultater/bedrift-og-mosjonslag-mix-flest-menn-holmenkollstafetten-2025/
2025,bedrift og mosjonslag mix flest menn,1115,8281,Ælgrim Running Club 1,1:19:36,4776.0,https://www.sportsidioten.no/resultater/bedrift-og-mosjonslag-mix-flest-menn-holmenkollstafetten-2025/
2025,bedrift og mosjonslag mix flest menn,1116,7296,Statkraft SAP (Statkraft),1:19:36,4776.0,https://www.sportsidioten.no/resultater/bedrift-og-mosjonslag-mix-flest-menn-holmenkollstafetten-2025/
2025,bedrift og mosjonslag mix flest menn,1117,5744,KIWI 14 (NORGESGRUPPEN ASA),1:19:36,4776.0,https://www.sportsidioten.no/resultater/bedrift-og-mosjonslag-mix-flest-menn-holmenkollstafetten-2025/
2025,bedrift og mosjonslag mix flest menn,1118,11097,Team Rebel (Rebel),1:19:37,4777.0,https://www.sportsidioten.no/resultater/bedrift-og-mosjonslag-mix-flest-menn-holmenkollstafetten-2025/
2025,bedrift og mosjonslag mix flest menn,1119,7715,Strim (RiksTV),1:19:37,4777.0,https://www.sportsidioten.no/resultater/bedrift-og-mosjonslag-mix-flest-menn-holmenkollstafetten-2025/
2025,bedrift og mosjonslag mix flest menn,1120,6855,RunINT (Politi),1:19:37,4777.0,https://www.sportsidioten.no/resultater/bedrift-og-mosjonslag-mix-flest-menn-holmenkollstafetten-2025/
2025,bedrift og mosjonslag mix flest menn,1121,6853,Bane NOR – Signal 2 (Bane NOR),1:19:37,4777.0,https://www.sportsidioten.no/resultater/bedrift-og-mosjonslag-mix-flest-menn-holmenkollstafetten-2025/
2025,bedrift og mosjonslag mix flest menn,1122,9238,Iver (Iver Norge AS),1:19:38,4778.0,https://www.sportsidioten.no/resultater/bedrift-og-mosjonslag-mix-flest-menn-holmenkollstafetten-2025/
2025,bedrift og mosjonslag mix flest menn,1123,7269,OPAS (OBOS Prosjekt AS),1:19:38,4778.0,https://www.sportsidioten.no/resultater/bedrift-og-mosjonslag-mix-flest-menn-holmenkollstafetten-2025/
2025,bedrift og mosjonslag mix flest menn,1124,9697,Ocean Supreme (Ocean Supreme AS),1:19:39,4779.0,https://www.sportsidioten.no/resultater/bedrift-og-mosjonslag-mix-flest-menn-holmenkollstafetten-2025/
2025,bedrift og mosjonslag mix flest menn,1125,11424,NHO Geneo,1:19:40,4780.0,https://www.sportsidioten.no/resultater/bedrift-og-mosjonslag-mix-flest-menn-holmenkollstafetten-2025/
2025,bedrift og mosjonslag mix flest menn,1126,7627,Brødrene Dahl IL Bryn (Brødrene Dahl AS),1:19:40,4780.0,https://www.sportsidioten.no/resultater/bedrift-og-mosjonslag-mix-flest-menn-holmenkollstafetten-2025/
2025,bedrift og mosjonslag mix flest menn,1127,11861,Plyo/Coera (Plyo AS),1:19:40,4780.0,https://www.sportsidioten.no/resultater/bedrift-og-mosjonslag-mix-flest-menn-holmenkollstafetten-2025/
2025,bedrift og mosjonslag mix flest menn,1128,11002,Netcompany 2 (Netcompany),1:19:41,4781.0,https://www.sportsidioten.no/resultater/bedrift-og-mosjonslag-mix-flest-menn-holmenkollstafetten-2025/
2025,bedrift og mosjonslag mix flest menn,1129,7451,Monte Rosa Capital,1:19:41,4781.0,https://www.sportsidioten.no/resultater/bedrift-og-mosjonslag-mix-flest-menn-holmenkollstafetten-2025/
2025,bedrift og mosjonslag mix flest menn,1130,9274,Capgemini 2 (Capgemini),1:19:41,4781.0,https://www.sportsidioten.no/resultater/bedrift-og-mosjonslag-mix-flest-menn-holmenkollstafetten-2025/
2025,bedrift og mosjonslag mix flest menn,1131,8628,Toyota Oslo – Team Supra (Toyota Oslo),1:19:42,4782.0,https://www.sportsidioten.no/resultater/bedrift-og-mosjonslag-mix-flest-menn-holmenkollstafetten-2025/
2025,bedrift og mosjonslag mix flest menn,1132,7718,Oslo-filharmonien,1:19:43,4783.0,https://www.sportsidioten.no/resultater/bedrift-og-mosjonslag-mix-flest-menn-holmenkollstafetten-2025/
2025,bedrift og mosjonslag mix flest menn,1133,11110,24SevenOffice 2 (24SevenOffice),1:19:44,4784.0,https://www.sportsidioten.no/resultater/bedrift-og-mosjonslag-mix-flest-menn-holmenkollstafetten-2025/
2025,bedrift og mosjonslag mix flest menn,1134,11407,Class Development 2 (DNV),1:19:44,4784.0,https://www.sportsidioten.no/resultater/bedrift-og-mosjonslag-mix-flest-menn-holmenkollstafetten-2025/
2025,bedrift og mosjonslag mix flest menn,1135,9652,FBUT x OFOT Elite (Forebyggende barne- og ungdomsteam),1:19:45,4785.0,https://www.sportsidioten.no/resultater/bedrift-og-mosjonslag-mix-flest-menn-holmenkollstafetten-2025/
2025,bedrift og mosjonslag mix flest menn,1136,9285,Inpex Idemitsu Norge (Inpex Idemitsu),1:19:45,4785.0,https://www.sportsidioten.no/resultater/bedrift-og-mosjonslag-mix-flest-menn-holmenkollstafetten-2025/
2025,bedrift og mosjonslag mix flest menn,1137,6869,Bouvet 2 Ringpingvin (Bouvet),1:19:46,4786.0,https://www.sportsidioten.no/resultater/bedrift-og-mosjonslag-mix-flest-menn-holmenkollstafetten-2025/
2025,bedrift og mosjonslag mix flest menn,1138,11856,FCP (Tietoevry),1:19:46,4786.0,https://www.sportsidioten.no/resultater/bedrift-og-mosjonslag-mix-flest-menn-holmenkollstafetten-2025/
2025,bedrift og mosjonslag mix flest menn,1139,11108,Bisvermen (Bien Sparebank),1:19:46,4786.0,https://www.sportsidioten.no/resultater/bedrift-og-mosjonslag-mix-flest-menn-holmenkollstafetten-2025/
2025,bedrift og mosjonslag mix flest menn,1140,6613,Parat Halvorsen (Parat Halvorsen A/S),1:19:46,4786.0,https://www.sportsidioten.no/resultater/bedrift-og-mosjonslag-mix-flest-menn-holmenkollstafetten-2025/
2025,bedrift og mosjonslag mix flest menn,1141,7671,Knowit Experience Oslo 2 (Knowit Experience Oslo),1:19:46,4786.0,https://www.sportsidioten.no/resultater/bedrift-og-mosjonslag-mix-flest-menn-holmenkollstafetten-2025/
2025,bedrift og mosjonslag mix flest menn,1142,8693,Landbruksdirektoratet 2 (Landbruksdirektoratet),1:19:47,4787.0,https://www.sportsidioten.no/resultater/bedrift-og-mosjonslag-mix-flest-menn-holmenkollstafetten-2025/
2025,bedrift og mosjonslag mix flest menn,1143,11242,Ila fengsel BIL 1 (Ila fengsel BIL),1:19:47,4787.0,https://www.sportsidioten.no/resultater/bedrift-og-mosjonslag-mix-flest-menn-holmenkollstafetten-2025/
2025,bedrift og mosjonslag mix flest menn,1144,10067,Vista Analyse,1:19:48,4788.0,https://www.sportsidioten.no/resultater/bedrift-og-mosjonslag-mix-flest-menn-holmenkollstafetten-2025/
2025,bedrift og mosjonslag mix flest menn,1145,8422,AGP Advokater,1:19:49,4789.0,https://www.sportsidioten.no/resultater/bedrift-og-mosjonslag-mix-flest-menn-holmenkollstafetten-2025/
2025,bedrift og mosjonslag mix flest menn,1146,8089,NUPI,1:19:49,4789.0,https://www.sportsidioten.no/resultater/bedrift-og-mosjonslag-mix-flest-menn-holmenkollstafetten-2025/
2025,bedrift og mosjonslag mix flest menn,1147,7895,Bane NOR – Energi (Bane NOR),1:19:49,4789.0,https://www.sportsidioten.no/resultater/bedrift-og-mosjonslag-mix-flest-menn-holmenkollstafetten-2025/
2025,bedrift og mosjonslag mix flest menn,1148,11894,BA5 Invest – Predio,1:19:50,4790.0,https://www.sportsidioten.no/resultater/bedrift-og-mosjonslag-mix-flest-menn-holmenkollstafetten-2025/
2025,bedrift og mosjonslag mix flest menn,1149,6229,Deloitte 29 (Deloitte BIL),1:19:50,4790.0,https://www.sportsidioten.no/resultater/bedrift-og-mosjonslag-mix-flest-menn-holmenkollstafetten-2025/
2025,bedrift og mosjonslag mix flest menn,1150,7648,KS – Kommunesektorens organisasjon 1 (KS – Kommunesektorens organisasjon),1:19:51,4791.0,https://www.sportsidioten.no/resultater/bedrift-og-mosjonslag-mix-flest-menn-holmenkollstafetten-2025/
2025,bedrift og mosjonslag mix flest menn,1151,12033,Live Nation,1:19:51,4791.0,https://www.sportsidioten.no/resultater/bedrift-og-mosjonslag-mix-flest-menn-holmenkollstafetten-2025/
2025,bedrift og mosjonslag mix flest menn,1152,11304,Skattejegerne (Skatteetaten),1:19:51,4791.0,https://www.sportsidioten.no/resultater/bedrift-og-mosjonslag-mix-flest-menn-holmenkollstafetten-2025/
2025,bedrift og mosjonslag mix flest menn,1153,10900,GrunnTeknikk (GrunnTeknikk AS),1:19:51,4791.0,https://www.sportsidioten.no/resultater/bedrift-og-mosjonslag-mix-flest-menn-holmenkollstafetten-2025/
2025,bedrift og mosjonslag mix flest menn,1154,6033,DNB Greenhouse 1 (DNB),1:19:51,4791.0,https://www.sportsidioten.no/resultater/bedrift-og-mosjonslag-mix-flest-menn-holmenkollstafetten-2025/
2025,bedrift og mosjonslag mix flest menn,1155,10662,Næringsbanken ASA,1:19:52,4792.0,https://www.sportsidioten.no/resultater/bedrift-og-mosjonslag-mix-flest-menn-holmenkollstafetten-2025/
2025,bedrift og mosjonslag mix flest menn,1156,11211,Element Logic 2 (Element Logic),1:19:52,4792.0,https://www.sportsidioten.no/resultater/bedrift-og-mosjonslag-mix-flest-menn-holmenkollstafetten-2025/
2025,bedrift og mosjonslag mix flest menn,1157,7439,Eidsiva & Hafslund BIL 8 (Eidsiva & Hafslund),1:19:53,4793.0,https://www.sportsidioten.no/resultater/bedrift-og-mosjonslag-mix-flest-menn-holmenkollstafetten-2025/
2025,bedrift og mosjonslag mix flest menn,1158,9465,Scandec (Scandec Systemer AS),1:19:54,4794.0,https://www.sportsidioten.no/resultater/bedrift-og-mosjonslag-mix-flest-menn-holmenkollstafetten-2025/
2025,bedrift og mosjonslag mix flest menn,1159,11446,Asker Kommune Samfunnsutvikling,1:19:54,4794.0,https://www.sportsidioten.no/resultater/bedrift-og-mosjonslag-mix-flest-menn-holmenkollstafetten-2025/
2025,bedrift og mosjonslag mix flest menn,1160,6489,Purple Pulse (Telia Norge),1:19:54,4794.0,https://www.sportsidioten.no/resultater/bedrift-og-mosjonslag-mix-flest-menn-holmenkollstafetten-2025/
2025,bedrift og mosjonslag mix flest menn,1161,11878,RB Fysio AS,1:19:55,4795.0,https://www.sportsidioten.no/resultater/bedrift-og-mosjonslag-mix-flest-menn-holmenkollstafetten-2025/
2025,bedrift og mosjonslag mix flest menn,1162,8017,Fiken Rakett (Fiken AS),1:19:56,4796.0,https://www.sportsidioten.no/resultater/bedrift-og-mosjonslag-mix-flest-menn-holmenkollstafetten-2025/
2025,bedrift og mosjonslag mix flest menn,1163,11870,Kantar Media Løpeklubb (Kantar Media Norge AS),1:19:56,4796.0,https://www.sportsidioten.no/resultater/bedrift-og-mosjonslag-mix-flest-menn-holmenkollstafetten-2025/
2025,bedrift og mosjonslag mix flest menn,1164,7473,REITAN RETAIL – KOLLY (REITAN RETAIL),1:19:56,4796.0,https://www.sportsidioten.no/resultater/bedrift-og-mosjonslag-mix-flest-menn-holmenkollstafetten-2025/
2025,bedrift og mosjonslag mix flest menn,1165,7422,KUD (Kultur-og likestillingsdepartementet),1:19:56,4796.0,https://www.sportsidioten.no/resultater/bedrift-og-mosjonslag-mix-flest-menn-holmenkollstafetten-2025/
2025,bedrift og mosjonslag mix flest menn,1166,12076,Miles,1:19:57,4797.0,https://www.sportsidioten.no/resultater/bedrift-og-mosjonslag-mix-flest-menn-holmenkollstafetten-2025/
2025,bedrift og mosjonslag mix flest menn,1167,7462,REITAN RETAIL – REMA 1000 S&M (REITAN RETAIL),1:19:57,4797.0,https://www.sportsidioten.no/resultater/bedrift-og-mosjonslag-mix-flest-menn-holmenkollstafetten-2025/
2025,bedrift og mosjonslag mix flest menn,1168,8246,"Frydenberg skole (Oslo kommune, Utdanningsetaten)",1:19:58,4798.0,https://www.sportsidioten.no/resultater/bedrift-og-mosjonslag-mix-flest-menn-holmenkollstafetten-2025/
2025,bedrift og mosjonslag mix flest menn,1169,4212,FSN Capital,1:19:58,4798.0,https://www.sportsidioten.no/resultater/bedrift-og-mosjonslag-mix-flest-menn-holmenkollstafetten-2025/
2025,bedrift og mosjonslag mix flest menn,1170,7230,Installatøren Fredrikstad (Installatøren Fredrikstad AS),1:20:00,4800.0,https://www.sportsidioten.no/resultater/bedrift-og-mosjonslag-mix-flest-menn-holmenkollstafetten-2025/
2025,bedrift og mosjonslag mix flest menn,1171,7822,ORS Consulting,1:20:00,4800.0,https://www.sportsidioten.no/resultater/bedrift-og-mosjonslag-mix-flest-menn-holmenkollstafetten-2025/
2025,bedrift og mosjonslag mix flest menn,1172,8032,Rådtassene 1 (Norges forskningsråd),1:20:00,4800.0,https://www.sportsidioten.no/resultater/bedrift-og-mosjonslag-mix-flest-menn-holmenkollstafetten-2025/
2025,bedrift og mosjonslag mix flest menn,1173,10273,Rekom (Rekom Group),1:20:01,4801.0,https://www.sportsidioten.no/resultater/bedrift-og-mosjonslag-mix-flest-menn-holmenkollstafetten-2025/
2025,bedrift og mosjonslag mix flest menn,1174,8230,twoday 5 (twoday),1:20:02,4802.0,https://www.sportsidioten.no/resultater/bedrift-og-mosjonslag-mix-flest-menn-holmenkollstafetten-2025/
2025,bedrift og mosjonslag mix flest menn,1175,8285,Gture,1:20:03,4803.0,https://www.sportsidioten.no/resultater/bedrift-og-mosjonslag-mix-flest-menn-holmenkollstafetten-2025/
2025,bedrift og mosjonslag mix flest menn,1176,7415,Norsk Lokomotivførerforbund,1:20:03,4803.0,https://www.sportsidioten.no/resultater/bedrift-og-mosjonslag-mix-flest-menn-holmenkollstafetten-2025/
2025,bedrift og mosjonslag mix flest menn,1177,6222,KPMG AS 25 (KPMG AS Law II),1:20:04,4804.0,https://www.sportsidioten.no/resultater/bedrift-og-mosjonslag-mix-flest-menn-holmenkollstafetten-2025/
2025,bedrift og mosjonslag mix flest menn,1178,6417,EY BIL EY-Parthenon 4 (EY BIL),1:20:04,4804.0,https://www.sportsidioten.no/resultater/bedrift-og-mosjonslag-mix-flest-menn-holmenkollstafetten-2025/
2025,bedrift og mosjonslag mix flest menn,1179,6240,Deloitte 32 (Deloitte BIL),1:20:04,4804.0,https://www.sportsidioten.no/resultater/bedrift-og-mosjonslag-mix-flest-menn-holmenkollstafetten-2025/
2025,bedrift og mosjonslag mix flest menn,1180,5816,"Svea BIL 1 (Svea Bank AB, filial i Norge)",1:20:05,4805.0,https://www.sportsidioten.no/resultater/bedrift-og-mosjonslag-mix-flest-menn-holmenkollstafetten-2025/
2025,bedrift og mosjonslag mix flest menn,1181,7819,Arribatec,1:20:05,4805.0,https://www.sportsidioten.no/resultater/bedrift-og-mosjonslag-mix-flest-menn-holmenkollstafetten-2025/
2025,bedrift og mosjonslag mix flest menn,1182,11666,Team Bliksund (Bliksund AS),1:20:05,4805.0,https://www.sportsidioten.no/resultater/bedrift-og-mosjonslag-mix-flest-menn-holmenkollstafetten-2025/
2025,bedrift og mosjonslag mix flest menn,1183,8503,Mepex GjenVinnerlaget (Mepex Consult AS),1:20:06,4806.0,https://www.sportsidioten.no/resultater/bedrift-og-mosjonslag-mix-flest-menn-holmenkollstafetten-2025/
2025,bedrift og mosjonslag mix flest menn,1184,10715,Esacon AS,1:20:06,4806.0,https://www.sportsidioten.no/resultater/bedrift-og-mosjonslag-mix-flest-menn-holmenkollstafetten-2025/
2025,bedrift og mosjonslag mix flest menn,1185,5820,Capgemini 1 (Capgemini),1:20:07,4807.0,https://www.sportsidioten.no/resultater/bedrift-og-mosjonslag-mix-flest-menn-holmenkollstafetten-2025/
2025,bedrift og mosjonslag mix flest menn,1186,10896,NOVA 1 (Nova Consulting Group AS),1:20:07,4807.0,https://www.sportsidioten.no/resultater/bedrift-og-mosjonslag-mix-flest-menn-holmenkollstafetten-2025/
2025,bedrift og mosjonslag mix flest menn,1187,7239,Marketer,1:20:08,4808.0,https://www.sportsidioten.no/resultater/bedrift-og-mosjonslag-mix-flest-menn-holmenkollstafetten-2025/
2025,bedrift og mosjonslag mix flest menn,1188,7311,Alstom 1 (Alstom Transport Norway AS),1:20:09,4809.0,https://www.sportsidioten.no/resultater/bedrift-og-mosjonslag-mix-flest-menn-holmenkollstafetten-2025/
2025,bedrift og mosjonslag mix flest menn,1189,6699,Hydro Aktiv – GIA&I (Hydro),1:20:09,4809.0,https://www.sportsidioten.no/resultater/bedrift-og-mosjonslag-mix-flest-menn-holmenkollstafetten-2025/
2025,bedrift og mosjonslag mix flest menn,1190,9039,BDT Viken AS,1:20:09,4809.0,https://www.sportsidioten.no/resultater/bedrift-og-mosjonslag-mix-flest-menn-holmenkollstafetten-2025/
2025,bedrift og mosjonslag mix flest menn,1191,8053,Trikken (Sporveien Trikken AS),1:20:09,4809.0,https://www.sportsidioten.no/resultater/bedrift-og-mosjonslag-mix-flest-menn-holmenkollstafetten-2025/
2025,bedrift og mosjonslag mix flest menn,1192,6666,Oslo fengsel,1:20:11,4811.0,https://www.sportsidioten.no/resultater/bedrift-og-mosjonslag-mix-flest-menn-holmenkollstafetten-2025/
2025,bedrift og mosjonslag mix flest menn,1193,7631,Dag og Tid,1:20:12,4812.0,https://www.sportsidioten.no/resultater/bedrift-og-mosjonslag-mix-flest-menn-holmenkollstafetten-2025/
2025,bedrift og mosjonslag mix flest menn,1194,12089,The Adecco Group,1:20:12,4812.0,https://www.sportsidioten.no/resultater/bedrift-og-mosjonslag-mix-flest-menn-holmenkollstafetten-2025/
2025,bedrift og mosjonslag mix flest menn,1195,10110,Onitio Solutions,1:20:12,4812.0,https://www.sportsidioten.no/resultater/bedrift-og-mosjonslag-mix-flest-menn-holmenkollstafetten-2025/
2025,bedrift og mosjonslag mix flest menn,1196,8044,IBM,1:20:13,4813.0,https://www.sportsidioten.no/resultater/bedrift-og-mosjonslag-mix-flest-menn-holmenkollstafetten-2025/
2025,bedrift og mosjonslag mix flest menn,1197,7645,Systek AS,1:20:13,4813.0,https://www.sportsidioten.no/resultater/bedrift-og-mosjonslag-mix-flest-menn-holmenkollstafetten-2025/
2025,bedrift og mosjonslag mix flest menn,1198,10417,Ullevål røntgen (KRN Ullevål sykehus),1:20:13,4813.0,https://www.sportsidioten.no/resultater/bedrift-og-mosjonslag-mix-flest-menn-holmenkollstafetten-2025/
2025,bedrift og mosjonslag mix flest menn,1199,8431,Compass Group 4S1 (4Service AS),1:20:13,4813.0,https://www.sportsidioten.no/resultater/bedrift-og-mosjonslag-mix-flest-menn-holmenkollstafetten-2025/
2025,bedrift og mosjonslag mix flest menn,1200,8851,SATEBA NORWAY,1:20:15,4815.0,https://www.sportsidioten.no/resultater/bedrift-og-mosjonslag-mix-flest-menn-holmenkollstafetten-2025/
2025,bedrift og mosjonslag mix flest menn,1201,7440,Silicon Labs 2 – Energetic Fun-Runners (Silicon Labs Norway),1:20:15,4815.0,https://www.sportsidioten.no/resultater/bedrift-og-mosjonslag-mix-flest-menn-holmenkollstafetten-2025/
2025,bedrift og mosjonslag mix flest menn,1202,6811,Blystad Group (Arne Blystad AS),1:20:15,4815.0,https://www.sportsidioten.no/resultater/bedrift-og-mosjonslag-mix-flest-menn-holmenkollstafetten-2025/
2025,bedrift og mosjonslag mix flest menn,1203,7308,Nordea Bank 1 (Nordea Bank),1:20:16,4816.0,https://www.sportsidioten.no/resultater/bedrift-og-mosjonslag-mix-flest-menn-holmenkollstafetten-2025/
2025,bedrift og mosjonslag mix flest menn,1204,8642,Autopay Technologies AS (Autopay Technologies),1:20:16,4816.0,https://www.sportsidioten.no/resultater/bedrift-og-mosjonslag-mix-flest-menn-holmenkollstafetten-2025/
2025,bedrift og mosjonslag mix flest menn,1205,7420,Tokkekraft 2 (Statkraft Energi AS),1:20:16,4816.0,https://www.sportsidioten.no/resultater/bedrift-og-mosjonslag-mix-flest-menn-holmenkollstafetten-2025/
2025,bedrift og mosjonslag mix flest menn,1206,8510,LSEG,1:20:16,4816.0,https://www.sportsidioten.no/resultater/bedrift-og-mosjonslag-mix-flest-menn-holmenkollstafetten-2025/
2025,bedrift og mosjonslag mix flest menn,1207,9078,Space Norway (Space Norway AS),1:20:17,4817.0,https://www.sportsidioten.no/resultater/bedrift-og-mosjonslag-mix-flest-menn-holmenkollstafetten-2025/
2025,bedrift og mosjonslag mix flest menn,1208,10438,Hennig-Olsen (Hennig-Olsen Is),1:20:17,4817.0,https://www.sportsidioten.no/resultater/bedrift-og-mosjonslag-mix-flest-menn-holmenkollstafetten-2025/
2025,bedrift og mosjonslag mix flest menn,1209,6835,Hegnar Media,1:20:18,4818.0,https://www.sportsidioten.no/resultater/bedrift-og-mosjonslag-mix-flest-menn-holmenkollstafetten-2025/
2025,bedrift og mosjonslag mix flest menn,1210,5619,ASKO H.I.GIØRTZ 1 (NorgesGruppen ASA),1:20:18,4818.0,https://www.sportsidioten.no/resultater/bedrift-og-mosjonslag-mix-flest-menn-holmenkollstafetten-2025/
2025,bedrift og mosjonslag mix flest menn,1211,8265,SpareBank 1 Østlandet 1 (SpareBank 1 Østlandet),1:20:18,4818.0,https://www.sportsidioten.no/resultater/bedrift-og-mosjonslag-mix-flest-menn-holmenkollstafetten-2025/
2025,bedrift og mosjonslag mix flest menn,1212,7039,WAL 1 (WAL),1:20:19,4819.0,https://www.sportsidioten.no/resultater/bedrift-og-mosjonslag-mix-flest-menn-holmenkollstafetten-2025/
2025,bedrift og mosjonslag mix flest menn,1213,8490,Alti Forvaltning 1 (Alti Forvaltning AS),1:20:19,4819.0,https://www.sportsidioten.no/resultater/bedrift-og-mosjonslag-mix-flest-menn-holmenkollstafetten-2025/
2025,bedrift og mosjonslag mix flest menn,1214,5902,"BDO Revisjon – Bygg, Anlegg og Teknologi 2 (BDO AS)",1:20:20,4820.0,https://www.sportsidioten.no/resultater/bedrift-og-mosjonslag-mix-flest-menn-holmenkollstafetten-2025/
2025,bedrift og mosjonslag mix flest menn,1215,8511,Ecit Tandem Regnskap (Tandem AS),1:20:20,4820.0,https://www.sportsidioten.no/resultater/bedrift-og-mosjonslag-mix-flest-menn-holmenkollstafetten-2025/
2025,bedrift og mosjonslag mix flest menn,1216,11114,Nordox (Nordox AS),1:20:20,4820.0,https://www.sportsidioten.no/resultater/bedrift-og-mosjonslag-mix-flest-menn-holmenkollstafetten-2025/
2025,bedrift og mosjonslag mix flest menn,1217,8637,Team Cool (Carrier),1:20:20,4820.0,https://www.sportsidioten.no/resultater/bedrift-og-mosjonslag-mix-flest-menn-holmenkollstafetten-2025/
2025,bedrift og mosjonslag mix flest menn,1218,9438,Seebrite (Seebrite Retail AS),1:20:21,4821.0,https://www.sportsidioten.no/resultater/bedrift-og-mosjonslag-mix-flest-menn-holmenkollstafetten-2025/
2025,bedrift og mosjonslag mix flest menn,1219,9052,Testify fighters (Testify AS),1:20:22,4822.0,https://www.sportsidioten.no/resultater/bedrift-og-mosjonslag-mix-flest-menn-holmenkollstafetten-2025/
2025,bedrift og mosjonslag mix flest menn,1220,8839,Buypass (Buypass AS),1:20:22,4822.0,https://www.sportsidioten.no/resultater/bedrift-og-mosjonslag-mix-flest-menn-holmenkollstafetten-2025/
2025,bedrift og mosjonslag mix flest menn,1221,10042,Verisure Ledelse (Verisure AS),1:20:22,4822.0,https://www.sportsidioten.no/resultater/bedrift-og-mosjonslag-mix-flest-menn-holmenkollstafetten-2025/
2025,bedrift og mosjonslag mix flest menn,1222,9696,AIDER 5 (Aider AS),1:20:22,4822.0,https://www.sportsidioten.no/resultater/bedrift-og-mosjonslag-mix-flest-menn-holmenkollstafetten-2025/
2025,bedrift og mosjonslag mix flest menn,1223,8082,VAQ – Et godt hjem for fisk og folk (VAQ),1:20:22,4822.0,https://www.sportsidioten.no/resultater/bedrift-og-mosjonslag-mix-flest-menn-holmenkollstafetten-2025/
2025,bedrift og mosjonslag mix flest menn,1224,10661,Andresen og sønn (Andresen og sønn AS),1:20:22,4822.0,https://www.sportsidioten.no/resultater/bedrift-og-mosjonslag-mix-flest-menn-holmenkollstafetten-2025/
2025,bedrift og mosjonslag mix flest menn,1225,10276,Alfa Sko,1:20:23,4823.0,https://www.sportsidioten.no/resultater/bedrift-og-mosjonslag-mix-flest-menn-holmenkollstafetten-2025/
2025,bedrift og mosjonslag mix flest menn,1226,10464,KCAD (KCA Deutag Drilling Norge AS),1:20:24,4824.0,https://www.sportsidioten.no/resultater/bedrift-og-mosjonslag-mix-flest-menn-holmenkollstafetten-2025/
2025,bedrift og mosjonslag mix flest menn,1227,7216,Å Energi 4 (Å Energi),1:20:24,4824.0,https://www.sportsidioten.no/resultater/bedrift-og-mosjonslag-mix-flest-menn-holmenkollstafetten-2025/
2025,bedrift og mosjonslag mix flest menn,1228,9462,Instabee Norge (Instabee),1:20:25,4825.0,https://www.sportsidioten.no/resultater/bedrift-og-mosjonslag-mix-flest-menn-holmenkollstafetten-2025/
2025,bedrift og mosjonslag mix flest menn,1229,8456,Safetec (Safetec Nordic AS),1:20:26,4826.0,https://www.sportsidioten.no/resultater/bedrift-og-mosjonslag-mix-flest-menn-holmenkollstafetten-2025/
2025,bedrift og mosjonslag mix flest menn,1230,7634,Gjensidige Commercial (Gjensidige Forsikring ASA),1:20:27,4827.0,https://www.sportsidioten.no/resultater/bedrift-og-mosjonslag-mix-flest-menn-holmenkollstafetten-2025/
2025,bedrift og mosjonslag mix flest menn,1231,10846,OSLO VVS SERVICE (Oslo vvs service as),1:20:28,4828.0,https://www.sportsidioten.no/resultater/bedrift-og-mosjonslag-mix-flest-menn-holmenkollstafetten-2025/
2025,bedrift og mosjonslag mix flest menn,1232,6432,Power Solutions Superheroes 2 (Aker Solutions),1:20:28,4828.0,https://www.sportsidioten.no/resultater/bedrift-og-mosjonslag-mix-flest-menn-holmenkollstafetten-2025/
2025,bedrift og mosjonslag mix flest menn,1233,5206,KDA Land Systems 2 (Kongsberg Defence & Aerospace AS),1:20:28,4828.0,https://www.sportsidioten.no/resultater/bedrift-og-mosjonslag-mix-flest-menn-holmenkollstafetten-2025/
2025,bedrift og mosjonslag mix flest menn,1234,6117,DNB Asset Management 3 (DNB Asset Management AS),1:20:29,4829.0,https://www.sportsidioten.no/resultater/bedrift-og-mosjonslag-mix-flest-menn-holmenkollstafetten-2025/
2025,bedrift og mosjonslag mix flest menn,1235,7247,Allergot Legends (Allergot ungdomsskole),1:20:29,4829.0,https://www.sportsidioten.no/resultater/bedrift-og-mosjonslag-mix-flest-menn-holmenkollstafetten-2025/
2025,bedrift og mosjonslag mix flest menn,1236,11636,Brakka Attack,1:20:29,4829.0,https://www.sportsidioten.no/resultater/bedrift-og-mosjonslag-mix-flest-menn-holmenkollstafetten-2025/
2025,bedrift og mosjonslag mix flest menn,1237,6103,PMO KYC 2 (DNB),1:20:30,4830.0,https://www.sportsidioten.no/resultater/bedrift-og-mosjonslag-mix-flest-menn-holmenkollstafetten-2025/
2025,bedrift og mosjonslag mix flest menn,1238,9715,ØMF Asker Ringerike (ØMF Asker Ringerike AS),1:20:30,4830.0,https://www.sportsidioten.no/resultater/bedrift-og-mosjonslag-mix-flest-menn-holmenkollstafetten-2025/
2025,bedrift og mosjonslag mix flest menn,1239,10285,GreenH (GreenH AS),1:20:30,4830.0,https://www.sportsidioten.no/resultater/bedrift-og-mosjonslag-mix-flest-menn-holmenkollstafetten-2025/
2025,bedrift og mosjonslag mix flest menn,1240,6307,PwC FS Risk (PricewaterhouseCoopers),1:20:31,4831.0,https://www.sportsidioten.no/resultater/bedrift-og-mosjonslag-mix-flest-menn-holmenkollstafetten-2025/
2025,bedrift og mosjonslag mix flest menn,1241,7413,Mittanbud 2 (Mittanbud Marketplaces AS),1:20:31,4831.0,https://www.sportsidioten.no/resultater/bedrift-og-mosjonslag-mix-flest-menn-holmenkollstafetten-2025/
2025,bedrift og mosjonslag mix flest menn,1242,7022,KONE AS,1:20:31,4831.0,https://www.sportsidioten.no/resultater/bedrift-og-mosjonslag-mix-flest-menn-holmenkollstafetten-2025/
2025,bedrift og mosjonslag mix flest menn,1243,9028,Team Abbott (Abbott Norge),1:20:31,4831.0,https://www.sportsidioten.no/resultater/bedrift-og-mosjonslag-mix-flest-menn-holmenkollstafetten-2025/
2025,bedrift og mosjonslag mix flest menn,1244,8708,Team Ingebrigtsen,1:20:31,4831.0,https://www.sportsidioten.no/resultater/bedrift-og-mosjonslag-mix-flest-menn-holmenkollstafetten-2025/
2025,bedrift og mosjonslag mix flest menn,1245,8107,Crowe Partner Revisjon 1 (Crowe Partner Revisjon AS),1:20:32,4832.0,https://www.sportsidioten.no/resultater/bedrift-og-mosjonslag-mix-flest-menn-holmenkollstafetten-2025/
2025,bedrift og mosjonslag mix flest menn,1246,8436,"Nasjonalbiblioteket, Oslo (Nasjonalbiblioteket)",1:20:32,4832.0,https://www.sportsidioten.no/resultater/bedrift-og-mosjonslag-mix-flest-menn-holmenkollstafetten-2025/
2025,bedrift og mosjonslag mix flest menn,1247,12205,Kriserøyk (Diakonhjemmet sykehus),1:20:32,4832.0,https://www.sportsidioten.no/resultater/bedrift-og-mosjonslag-mix-flest-menn-holmenkollstafetten-2025/
2025,bedrift og mosjonslag mix flest menn,1248,9259,HELP 2 (HELP),1:20:32,4832.0,https://www.sportsidioten.no/resultater/bedrift-og-mosjonslag-mix-flest-menn-holmenkollstafetten-2025/
2025,bedrift og mosjonslag mix flest menn,1249,8258,Bouvet 6 Industripingvinene (Bouvet Norge AS),1:20:33,4833.0,https://www.sportsidioten.no/resultater/bedrift-og-mosjonslag-mix-flest-menn-holmenkollstafetten-2025/
2025,bedrift og mosjonslag mix flest menn,1250,11698,Norse Technical Team (Norse Atlantic Airways),1:20:34,4834.0,https://www.sportsidioten.no/resultater/bedrift-og-mosjonslag-mix-flest-menn-holmenkollstafetten-2025/
2025,bedrift og mosjonslag mix flest menn,1251,7238,AFRY 5 (AFRY NORWAY AS),1:20:34,4834.0,https://www.sportsidioten.no/resultater/bedrift-og-mosjonslag-mix-flest-menn-holmenkollstafetten-2025/
2025,bedrift og mosjonslag mix flest menn,1252,11312,Jonas’s Støttekontakter,1:20:35,4835.0,https://www.sportsidioten.no/resultater/bedrift-og-mosjonslag-mix-flest-menn-holmenkollstafetten-2025/
2025,bedrift og mosjonslag mix flest menn,1253,7106,SpareBank 1 Østlandet 2 (SpareBank 1 Østlandet),1:20:35,4835.0,https://www.sportsidioten.no/resultater/bedrift-og-mosjonslag-mix-flest-menn-holmenkollstafetten-2025/
2025,bedrift og mosjonslag mix flest menn,1254,6309,PwC Trust 2 #3 (PricewaterhouseCoopers),1:20:36,4836.0,https://www.sportsidioten.no/resultater/bedrift-og-mosjonslag-mix-flest-menn-holmenkollstafetten-2025/
2025,bedrift og mosjonslag mix flest menn,1255,7827,Kjenn Skole,1:20:36,4836.0,https://www.sportsidioten.no/resultater/bedrift-og-mosjonslag-mix-flest-menn-holmenkollstafetten-2025/
2025,bedrift og mosjonslag mix flest menn,1256,6481,Telia Enterprise Sales (Telia Norge),1:20:36,4836.0,https://www.sportsidioten.no/resultater/bedrift-og-mosjonslag-mix-flest-menn-holmenkollstafetten-2025/
2025,bedrift og mosjonslag mix flest menn,1257,9224,Volue,1:20:37,4837.0,https://www.sportsidioten.no/resultater/bedrift-og-mosjonslag-mix-flest-menn-holmenkollstafetten-2025/
2025,bedrift og mosjonslag mix flest menn,1258,7711,Kork (NRK),1:20:37,4837.0,https://www.sportsidioten.no/resultater/bedrift-og-mosjonslag-mix-flest-menn-holmenkollstafetten-2025/
2025,bedrift og mosjonslag mix flest menn,1259,9613,Centric Care AS (Centric Care),1:20:39,4839.0,https://www.sportsidioten.no/resultater/bedrift-og-mosjonslag-mix-flest-menn-holmenkollstafetten-2025/
2025,bedrift og mosjonslag mix flest menn,1260,6901,Utlendingsdirektoratet 1 1 (Utlendingsdirektoratet),1:20:40,4840.0,https://www.sportsidioten.no/resultater/bedrift-og-mosjonslag-mix-flest-menn-holmenkollstafetten-2025/
2025,bedrift og mosjonslag mix flest menn,1261,6712,Team DM (Digge Mennesker) (Sopra Steria),1:20:40,4840.0,https://www.sportsidioten.no/resultater/bedrift-og-mosjonslag-mix-flest-menn-holmenkollstafetten-2025/
2025,bedrift og mosjonslag mix flest menn,1262,7435,AutoStore 2 (AutoStore),1:20:42,4842.0,https://www.sportsidioten.no/resultater/bedrift-og-mosjonslag-mix-flest-menn-holmenkollstafetten-2025/
2025,bedrift og mosjonslag mix flest menn,1263,11652,NEMUS (NEMUS Norge AS),1:20:42,4842.0,https://www.sportsidioten.no/resultater/bedrift-og-mosjonslag-mix-flest-menn-holmenkollstafetten-2025/
2025,bedrift og mosjonslag mix flest menn,1264,6838,Ung i Skatt Oslo 2 (Skatteetaten),1:20:43,4843.0,https://www.sportsidioten.no/resultater/bedrift-og-mosjonslag-mix-flest-menn-holmenkollstafetten-2025/
2025,bedrift og mosjonslag mix flest menn,1265,11513,Vianode Oslo (Vianode AS),1:20:43,4843.0,https://www.sportsidioten.no/resultater/bedrift-og-mosjonslag-mix-flest-menn-holmenkollstafetten-2025/
2025,bedrift og mosjonslag mix flest menn,1266,7897,Kyotopians 2025 (Kyoto Group AS),1:20:44,4844.0,https://www.sportsidioten.no/resultater/bedrift-og-mosjonslag-mix-flest-menn-holmenkollstafetten-2025/
2025,bedrift og mosjonslag mix flest menn,1267,11292,McDonalds Kjeller,1:20:44,4844.0,https://www.sportsidioten.no/resultater/bedrift-og-mosjonslag-mix-flest-menn-holmenkollstafetten-2025/
2025,bedrift og mosjonslag mix flest menn,1268,10103,Akuttpsyk 3 (Akuttpsykiatrisk avdeling Ullevål),1:20:44,4844.0,https://www.sportsidioten.no/resultater/bedrift-og-mosjonslag-mix-flest-menn-holmenkollstafetten-2025/
2025,bedrift og mosjonslag mix flest menn,1269,6265,Deloitte 3 (Deloitte BIL),1:20:44,4844.0,https://www.sportsidioten.no/resultater/bedrift-og-mosjonslag-mix-flest-menn-holmenkollstafetten-2025/
2025,bedrift og mosjonslag mix flest menn,1270,8432,Fredagsvika løpeklubb,1:20:45,4845.0,https://www.sportsidioten.no/resultater/bedrift-og-mosjonslag-mix-flest-menn-holmenkollstafetten-2025/
2025,bedrift og mosjonslag mix flest menn,1271,9278,ColliRunners HQ & Friends 1 (ColliCare Logistics),1:20:45,4845.0,https://www.sportsidioten.no/resultater/bedrift-og-mosjonslag-mix-flest-menn-holmenkollstafetten-2025/
2025,bedrift og mosjonslag mix flest menn,1272,12049,SPHF LAB (Sykehuspartner),1:20:45,4845.0,https://www.sportsidioten.no/resultater/bedrift-og-mosjonslag-mix-flest-menn-holmenkollstafetten-2025/
2025,bedrift og mosjonslag mix flest menn,1273,10879,Team SpinChip (SpinChip Diagnostics ASA),1:20:45,4845.0,https://www.sportsidioten.no/resultater/bedrift-og-mosjonslag-mix-flest-menn-holmenkollstafetten-2025/
2025,bedrift og mosjonslag mix flest menn,1274,6863,Jansz Subsea Compression (OneSubsea),1:20:49,4849.0,https://www.sportsidioten.no/resultater/bedrift-og-mosjonslag-mix-flest-menn-holmenkollstafetten-2025/
2025,bedrift og mosjonslag mix flest menn,1275,8818,Watch Media (Watch Media Norway AS),1:20:49,4849.0,https://www.sportsidioten.no/resultater/bedrift-og-mosjonslag-mix-flest-menn-holmenkollstafetten-2025/
2025,bedrift og mosjonslag mix flest menn,1276,11022,#HyggeligHyggelig (Montel AS),1:20:49,4849.0,https://www.sportsidioten.no/resultater/bedrift-og-mosjonslag-mix-flest-menn-holmenkollstafetten-2025/
2025,bedrift og mosjonslag mix flest menn,1277,12078,Malling Trim 4 (Boston Consulting Group),1:20:49,4849.0,https://www.sportsidioten.no/resultater/bedrift-og-mosjonslag-mix-flest-menn-holmenkollstafetten-2025/
2025,bedrift og mosjonslag mix flest menn,1278,8405,Nav Juridisk (Arbeids- og velferdsdirektoratet),1:20:49,4849.0,https://www.sportsidioten.no/resultater/bedrift-og-mosjonslag-mix-flest-menn-holmenkollstafetten-2025/
2025,bedrift og mosjonslag mix flest menn,1279,7069,Giant Leap (Giant Leap Technologies Visma),1:20:49,4849.0,https://www.sportsidioten.no/resultater/bedrift-og-mosjonslag-mix-flest-menn-holmenkollstafetten-2025/
2025,bedrift og mosjonslag mix flest menn,1280,8029,Aker BP 3 (Aker BP),1:20:50,4850.0,https://www.sportsidioten.no/resultater/bedrift-og-mosjonslag-mix-flest-menn-holmenkollstafetten-2025/
2025,bedrift og mosjonslag mix flest menn,1281,7026,Eksfin (Eksportfinansiering Norge),1:20:51,4851.0,https://www.sportsidioten.no/resultater/bedrift-og-mosjonslag-mix-flest-menn-holmenkollstafetten-2025/
2025,bedrift og mosjonslag mix flest menn,1282,7414,NVE 2 (Norges vassdrags og energidirektorat),1:20:51,4851.0,https://www.sportsidioten.no/resultater/bedrift-og-mosjonslag-mix-flest-menn-holmenkollstafetten-2025/
2025,bedrift og mosjonslag mix flest menn,1283,5861,UiO Teoretisk fysikk (Universitetet i Oslo),1:20:52,4852.0,https://www.sportsidioten.no/resultater/bedrift-og-mosjonslag-mix-flest-menn-holmenkollstafetten-2025/
2025,bedrift og mosjonslag mix flest menn,1284,8898,24SevenOffice 1 (24SevenOffice),1:20:52,4852.0,https://www.sportsidioten.no/resultater/bedrift-og-mosjonslag-mix-flest-menn-holmenkollstafetten-2025/
2025,bedrift og mosjonslag mix flest menn,1285,9654,Soliditet AS,1:20:53,4853.0,https://www.sportsidioten.no/resultater/bedrift-og-mosjonslag-mix-flest-menn-holmenkollstafetten-2025/
2025,bedrift og mosjonslag mix flest menn,1286,5465,Pascal Technologies (Pascal Technologies AS),1:20:54,4854.0,https://www.sportsidioten.no/resultater/bedrift-og-mosjonslag-mix-flest-menn-holmenkollstafetten-2025/
2025,bedrift og mosjonslag mix flest menn,1287,5485,ABB BIL 6 (ABB),1:20:54,4854.0,https://www.sportsidioten.no/resultater/bedrift-og-mosjonslag-mix-flest-menn-holmenkollstafetten-2025/
2025,bedrift og mosjonslag mix flest menn,1288,6667,Oslo fengsel 1 (Oslo fengsel),1:20:54,4854.0,https://www.sportsidioten.no/resultater/bedrift-og-mosjonslag-mix-flest-menn-holmenkollstafetten-2025/
2025,bedrift og mosjonslag mix flest menn,1289,5869,Tempo IFIKK (Universitetet i Oslo),1:20:54,4854.0,https://www.sportsidioten.no/resultater/bedrift-og-mosjonslag-mix-flest-menn-holmenkollstafetten-2025/
2025,bedrift og mosjonslag mix flest menn,1290,9013,Airthings Athletics 2 (Airthings),1:20:55,4855.0,https://www.sportsidioten.no/resultater/bedrift-og-mosjonslag-mix-flest-menn-holmenkollstafetten-2025/
2025,bedrift og mosjonslag mix flest menn,1291,6226,Deloitte 30 (Deloitte BIL),1:20:55,4855.0,https://www.sportsidioten.no/resultater/bedrift-og-mosjonslag-mix-flest-menn-holmenkollstafetten-2025/
2025,bedrift og mosjonslag mix flest menn,1292,11823,Sykehusbygg HF 2 (Sykehusbygg HF),1:20:55,4855.0,https://www.sportsidioten.no/resultater/bedrift-og-mosjonslag-mix-flest-menn-holmenkollstafetten-2025/
2025,bedrift og mosjonslag mix flest menn,1293,9083,Kredinor 2 (Kredinor AS),1:20:56,4856.0,https://www.sportsidioten.no/resultater/bedrift-og-mosjonslag-mix-flest-menn-holmenkollstafetten-2025/
2025,bedrift og mosjonslag mix flest menn,1294,7434,CMS Kluge Advokatfirma 2 (CMS Kluge Advokatfirma AS),1:20:57,4857.0,https://www.sportsidioten.no/resultater/bedrift-og-mosjonslag-mix-flest-menn-holmenkollstafetten-2025/
2025,bedrift og mosjonslag mix flest menn,1295,11649,Klinikk Frogner,1:20:58,4858.0,https://www.sportsidioten.no/resultater/bedrift-og-mosjonslag-mix-flest-menn-holmenkollstafetten-2025/
2025,bedrift og mosjonslag mix flest menn,1296,8706,Fink (Fink AS),1:20:58,4858.0,https://www.sportsidioten.no/resultater/bedrift-og-mosjonslag-mix-flest-menn-holmenkollstafetten-2025/
2025,bedrift og mosjonslag mix flest menn,1297,5621,ASKO MIDT-NORGE 2 (NorgesGruppen ASA),1:20:58,4858.0,https://www.sportsidioten.no/resultater/bedrift-og-mosjonslag-mix-flest-menn-holmenkollstafetten-2025/
2025,bedrift og mosjonslag mix flest menn,1298,8443,A Hansen Running inc. (A Hansen Gruppen AS),1:20:59,4859.0,https://www.sportsidioten.no/resultater/bedrift-og-mosjonslag-mix-flest-menn-holmenkollstafetten-2025/
2025,bedrift og mosjonslag mix flest menn,1299,10810,Børst,1:21:00,4860.0,https://www.sportsidioten.no/resultater/bedrift-og-mosjonslag-mix-flest-menn-holmenkollstafetten-2025/
2025,bedrift og mosjonslag mix flest menn,1300,8009,Geodata BIL 2 (Geodata AS),1:21:00,4860.0,https://www.sportsidioten.no/resultater/bedrift-og-mosjonslag-mix-flest-menn-holmenkollstafetten-2025/
2025,bedrift og mosjonslag mix flest menn,1301,8419,Eika BIL 4 (Eika),1:21:01,4861.0,https://www.sportsidioten.no/resultater/bedrift-og-mosjonslag-mix-flest-menn-holmenkollstafetten-2025/
2025,bedrift og mosjonslag mix flest menn,1302,7405,Eidsiva & Hafslund BIL 7 (Eidsiva & Hafslund),1:21:01,4861.0,https://www.sportsidioten.no/resultater/bedrift-og-mosjonslag-mix-flest-menn-holmenkollstafetten-2025/
2025,bedrift og mosjonslag mix flest menn,1303,7449,Gystadmarka ungdomsskole,1:21:01,4861.0,https://www.sportsidioten.no/resultater/bedrift-og-mosjonslag-mix-flest-menn-holmenkollstafetten-2025/
2025,bedrift og mosjonslag mix flest menn,1304,7694,LAG 1 (Stingray Marine Solutions AS),1:21:02,4862.0,https://www.sportsidioten.no/resultater/bedrift-og-mosjonslag-mix-flest-menn-holmenkollstafetten-2025/
2025,bedrift og mosjonslag mix flest menn,1305,8840,Randi Regnskap AS (Sopra Steria),1:21:03,4863.0,https://www.sportsidioten.no/resultater/bedrift-og-mosjonslag-mix-flest-menn-holmenkollstafetten-2025/
2025,bedrift og mosjonslag mix flest menn,1306,8266,SpareBank 1 Østlandet SDSdrift (SpareBank 1 Østlandet),1:21:03,4863.0,https://www.sportsidioten.no/resultater/bedrift-og-mosjonslag-mix-flest-menn-holmenkollstafetten-2025/
2025,bedrift og mosjonslag mix flest menn,1307,6219,KPMG AS Runtime Error (KPMG AS),1:21:03,4863.0,https://www.sportsidioten.no/resultater/bedrift-og-mosjonslag-mix-flest-menn-holmenkollstafetten-2025/
2025,bedrift og mosjonslag mix flest menn,1308,7246,Google,1:21:03,4863.0,https://www.sportsidioten.no/resultater/bedrift-og-mosjonslag-mix-flest-menn-holmenkollstafetten-2025/
2025,bedrift og mosjonslag mix flest menn,1309,8641,Haugen-Gruppen AS,1:21:03,4863.0,https://www.sportsidioten.no/resultater/bedrift-og-mosjonslag-mix-flest-menn-holmenkollstafetten-2025/
2025,bedrift og mosjonslag mix flest menn,1310,8696,DFD (Digitaliserings- og forvaltningsdepartementet),1:21:03,4863.0,https://www.sportsidioten.no/resultater/bedrift-og-mosjonslag-mix-flest-menn-holmenkollstafetten-2025/
2025,bedrift og mosjonslag mix flest menn,1311,8235,Variant Oslo (Variant Oslo AS),1:21:03,4863.0,https://www.sportsidioten.no/resultater/bedrift-og-mosjonslag-mix-flest-menn-holmenkollstafetten-2025/
2025,bedrift og mosjonslag mix flest menn,1312,10201,TechnipFMC 2 (TechnipFMC),1:21:04,4864.0,https://www.sportsidioten.no/resultater/bedrift-og-mosjonslag-mix-flest-menn-holmenkollstafetten-2025/
2025,bedrift og mosjonslag mix flest menn,1313,8505,Advokatfirmaet Robertsen AS,1:21:05,4865.0,https://www.sportsidioten.no/resultater/bedrift-og-mosjonslag-mix-flest-menn-holmenkollstafetten-2025/
2025,bedrift og mosjonslag mix flest menn,1314,9476,Malling Trim 3 (Malling & Co Bedriftsidrettslag AS),1:21:05,4865.0,https://www.sportsidioten.no/resultater/bedrift-og-mosjonslag-mix-flest-menn-holmenkollstafetten-2025/
2025,bedrift og mosjonslag mix flest menn,1315,8412,Storm+Smeh+Smør (Stormhuset),1:21:05,4865.0,https://www.sportsidioten.no/resultater/bedrift-og-mosjonslag-mix-flest-menn-holmenkollstafetten-2025/
2025,bedrift og mosjonslag mix flest menn,1316,5651,ASKO HEDMARK 2 (NorgesGruppen ASA),1:21:05,4865.0,https://www.sportsidioten.no/resultater/bedrift-og-mosjonslag-mix-flest-menn-holmenkollstafetten-2025/
2025,bedrift og mosjonslag mix flest menn,1317,6631,Exsitec 1 1 (Exsitec AS),1:21:06,4866.0,https://www.sportsidioten.no/resultater/bedrift-og-mosjonslag-mix-flest-menn-holmenkollstafetten-2025/
2025,bedrift og mosjonslag mix flest menn,1318,10668,Triple E AS (Eiklid & Ekdahl Elektro AS),1:21:06,4866.0,https://www.sportsidioten.no/resultater/bedrift-og-mosjonslag-mix-flest-menn-holmenkollstafetten-2025/
2025,bedrift og mosjonslag mix flest menn,1319,6093,DNBankettatletene (DNB),1:21:06,4866.0,https://www.sportsidioten.no/resultater/bedrift-og-mosjonslag-mix-flest-menn-holmenkollstafetten-2025/
2025,bedrift og mosjonslag mix flest menn,1320,8270,Forvis Mazars Norge 1 (Forvis Mazars AS),1:21:07,4867.0,https://www.sportsidioten.no/resultater/bedrift-og-mosjonslag-mix-flest-menn-holmenkollstafetten-2025/
2025,bedrift og mosjonslag mix flest menn,1321,8292,EmLogic,1:21:07,4867.0,https://www.sportsidioten.no/resultater/bedrift-og-mosjonslag-mix-flest-menn-holmenkollstafetten-2025/
2025,bedrift og mosjonslag mix flest menn,1322,12003,Lovisenberg Alarmløperne 4A (Lovisenberg Diakonale Sykehus),1:21:07,4867.0,https://www.sportsidioten.no/resultater/bedrift-og-mosjonslag-mix-flest-menn-holmenkollstafetten-2025/
2025,bedrift og mosjonslag mix flest menn,1323,10895,Rental Group,1:21:08,4868.0,https://www.sportsidioten.no/resultater/bedrift-og-mosjonslag-mix-flest-menn-holmenkollstafetten-2025/
2025,bedrift og mosjonslag mix flest menn,1324,8010,Norges Bank IL – Sølv (Norges Bank Idrettslag),1:21:08,4868.0,https://www.sportsidioten.no/resultater/bedrift-og-mosjonslag-mix-flest-menn-holmenkollstafetten-2025/
2025,bedrift og mosjonslag mix flest menn,1325,8260,Milrab AS,1:21:09,4869.0,https://www.sportsidioten.no/resultater/bedrift-og-mosjonslag-mix-flest-menn-holmenkollstafetten-2025/
2025,bedrift og mosjonslag mix flest menn,1326,8684,Omnium AS,1:21:09,4869.0,https://www.sportsidioten.no/resultater/bedrift-og-mosjonslag-mix-flest-menn-holmenkollstafetten-2025/
2025,bedrift og mosjonslag mix flest menn,1327,6302,PwC Drammen (PricewaterhouseCoopers),1:21:09,4869.0,https://www.sportsidioten.no/resultater/bedrift-og-mosjonslag-mix-flest-menn-holmenkollstafetten-2025/
2025,bedrift og mosjonslag mix flest menn,1328,11428,Sparebanken Møre,1:21:09,4869.0,https://www.sportsidioten.no/resultater/bedrift-og-mosjonslag-mix-flest-menn-holmenkollstafetten-2025/
2025,bedrift og mosjonslag mix flest menn,1329,7067,Tine Prod 1 (Tine SA),1:21:10,4870.0,https://www.sportsidioten.no/resultater/bedrift-og-mosjonslag-mix-flest-menn-holmenkollstafetten-2025/
2025,bedrift og mosjonslag mix flest menn,1330,8713,Eika BIL 5 (Eika),1:21:11,4871.0,https://www.sportsidioten.no/resultater/bedrift-og-mosjonslag-mix-flest-menn-holmenkollstafetten-2025/
2025,bedrift og mosjonslag mix flest menn,1331,6854,Bane NOR – Signal 1 (Bane NOR),1:21:11,4871.0,https://www.sportsidioten.no/resultater/bedrift-og-mosjonslag-mix-flest-menn-holmenkollstafetten-2025/
2025,bedrift og mosjonslag mix flest menn,1332,7672,Cloud Connection AS,1:21:12,4872.0,https://www.sportsidioten.no/resultater/bedrift-og-mosjonslag-mix-flest-menn-holmenkollstafetten-2025/
2025,bedrift og mosjonslag mix flest menn,1333,9228,Team LegeLeasing 1 (LegeLeasing Norge AS),1:21:12,4872.0,https://www.sportsidioten.no/resultater/bedrift-og-mosjonslag-mix-flest-menn-holmenkollstafetten-2025/
2025,bedrift og mosjonslag mix flest menn,1334,8249,Deepinsight AS,1:21:12,4872.0,https://www.sportsidioten.no/resultater/bedrift-og-mosjonslag-mix-flest-menn-holmenkollstafetten-2025/
2025,bedrift og mosjonslag mix flest menn,1335,11279,Easee,1:21:13,4873.0,https://www.sportsidioten.no/resultater/bedrift-og-mosjonslag-mix-flest-menn-holmenkollstafetten-2025/
2025,bedrift og mosjonslag mix flest menn,1336,8460,Raufoss Technology 1 (Raufoss Technology AS),1:21:13,4873.0,https://www.sportsidioten.no/resultater/bedrift-og-mosjonslag-mix-flest-menn-holmenkollstafetten-2025/
2025,bedrift og mosjonslag mix flest menn,1337,9849,Cenate,1:21:14,4874.0,https://www.sportsidioten.no/resultater/bedrift-og-mosjonslag-mix-flest-menn-holmenkollstafetten-2025/
2025,bedrift og mosjonslag mix flest menn,1338,9005,DSS 1 (Departementets sikkerhet og serviceorganisasjon),1:21:14,4874.0,https://www.sportsidioten.no/resultater/bedrift-og-mosjonslag-mix-flest-menn-holmenkollstafetten-2025/
2025,bedrift og mosjonslag mix flest menn,1339,8109,Ahus Bilde 2 (Ahus),1:21:15,4875.0,https://www.sportsidioten.no/resultater/bedrift-og-mosjonslag-mix-flest-menn-holmenkollstafetten-2025/
2025,bedrift og mosjonslag mix flest menn,1340,7240,FILTER arkitekter,1:21:15,4875.0,https://www.sportsidioten.no/resultater/bedrift-og-mosjonslag-mix-flest-menn-holmenkollstafetten-2025/
2025,bedrift og mosjonslag mix flest menn,1341,10108,Nettbureau,1:21:15,4875.0,https://www.sportsidioten.no/resultater/bedrift-og-mosjonslag-mix-flest-menn-holmenkollstafetten-2025/
2025,bedrift og mosjonslag mix flest menn,1342,6909,NG Lysaker Torg (NG Nordic AS),1:21:15,4875.0,https://www.sportsidioten.no/resultater/bedrift-og-mosjonslag-mix-flest-menn-holmenkollstafetten-2025/
2025,bedrift og mosjonslag mix flest menn,1343,10906,Komplett Group (Komplett ASA),1:21:17,4877.0,https://www.sportsidioten.no/resultater/bedrift-og-mosjonslag-mix-flest-menn-holmenkollstafetten-2025/
2025,bedrift og mosjonslag mix flest menn,1344,5425,BW Offshore,1:21:17,4877.0,https://www.sportsidioten.no/resultater/bedrift-og-mosjonslag-mix-flest-menn-holmenkollstafetten-2025/
2025,bedrift og mosjonslag mix flest menn,1345,10861,Norsk Gjenvinning – Tenk Igjen (Norsk Gjenvinning AS),1:21:17,4877.0,https://www.sportsidioten.no/resultater/bedrift-og-mosjonslag-mix-flest-menn-holmenkollstafetten-2025/
2025,bedrift og mosjonslag mix flest menn,1346,6619,twoday 3 (twoday),1:21:18,4878.0,https://www.sportsidioten.no/resultater/bedrift-og-mosjonslag-mix-flest-menn-holmenkollstafetten-2025/
2025,bedrift og mosjonslag mix flest menn,1347,10610,Rambøll Supermix (Rambøll Norge AS),1:21:18,4878.0,https://www.sportsidioten.no/resultater/bedrift-og-mosjonslag-mix-flest-menn-holmenkollstafetten-2025/
2025,bedrift og mosjonslag mix flest menn,1348,10806,Klubb Ullevaal (AS Ullevaal Stadion),1:21:18,4878.0,https://www.sportsidioten.no/resultater/bedrift-og-mosjonslag-mix-flest-menn-holmenkollstafetten-2025/
2025,bedrift og mosjonslag mix flest menn,1349,6440,SpareBank 1 Utvikling Lag1 (SpareBank 1 Utvikling),1:21:19,4879.0,https://www.sportsidioten.no/resultater/bedrift-og-mosjonslag-mix-flest-menn-holmenkollstafetten-2025/
2025,bedrift og mosjonslag mix flest menn,1350,9237,NOV APL BIL (APL Norway AS),1:21:19,4879.0,https://www.sportsidioten.no/resultater/bedrift-og-mosjonslag-mix-flest-menn-holmenkollstafetten-2025/
2025,bedrift og mosjonslag mix flest menn,1351,10869,Storm Studios,1:21:19,4879.0,https://www.sportsidioten.no/resultater/bedrift-og-mosjonslag-mix-flest-menn-holmenkollstafetten-2025/
2025,bedrift og mosjonslag mix flest menn,1352,9258,ECIT NORIAN AS,1:21:19,4879.0,https://www.sportsidioten.no/resultater/bedrift-og-mosjonslag-mix-flest-menn-holmenkollstafetten-2025/
2025,bedrift og mosjonslag mix flest menn,1353,11408,BYU (Oslo kommune),1:21:20,4880.0,https://www.sportsidioten.no/resultater/bedrift-og-mosjonslag-mix-flest-menn-holmenkollstafetten-2025/
2025,bedrift og mosjonslag mix flest menn,1354,9103,DSV 1 (DSV ROAD AS),1:21:20,4880.0,https://www.sportsidioten.no/resultater/bedrift-og-mosjonslag-mix-flest-menn-holmenkollstafetten-2025/
2025,bedrift og mosjonslag mix flest menn,1355,9310,Tronrud Engineering BIL – Rød (Tronrud Engineering Bedriftsidrettslag),1:21:22,4882.0,https://www.sportsidioten.no/resultater/bedrift-og-mosjonslag-mix-flest-menn-holmenkollstafetten-2025/
2025,bedrift og mosjonslag mix flest menn,1356,8618,SAS Ground Handling 2 (SAS),1:21:22,4882.0,https://www.sportsidioten.no/resultater/bedrift-og-mosjonslag-mix-flest-menn-holmenkollstafetten-2025/
2025,bedrift og mosjonslag mix flest menn,1357,6046,DNB Bergen Andpusten (DNB),1:21:22,4882.0,https://www.sportsidioten.no/resultater/bedrift-og-mosjonslag-mix-flest-menn-holmenkollstafetten-2025/
2025,bedrift og mosjonslag mix flest menn,1358,7270,Nordea / OPS (Nordea Bank),1:21:22,4882.0,https://www.sportsidioten.no/resultater/bedrift-og-mosjonslag-mix-flest-menn-holmenkollstafetten-2025/
2025,bedrift og mosjonslag mix flest menn,1359,8046,Equinor BIL Run for Fun (Equinor),1:21:24,4884.0,https://www.sportsidioten.no/resultater/bedrift-og-mosjonslag-mix-flest-menn-holmenkollstafetten-2025/
2025,bedrift og mosjonslag mix flest menn,1360,7041,Item (Item Consulting as),1:21:24,4884.0,https://www.sportsidioten.no/resultater/bedrift-og-mosjonslag-mix-flest-menn-holmenkollstafetten-2025/
2025,bedrift og mosjonslag mix flest menn,1361,6439,SpareBank 1 Utvikling Lag 3 (SpareBank 1 Utvikling),1:21:25,4885.0,https://www.sportsidioten.no/resultater/bedrift-og-mosjonslag-mix-flest-menn-holmenkollstafetten-2025/
2025,bedrift og mosjonslag mix flest menn,1362,8056,Gamlebyen skole,1:21:25,4885.0,https://www.sportsidioten.no/resultater/bedrift-og-mosjonslag-mix-flest-menn-holmenkollstafetten-2025/
2025,bedrift og mosjonslag mix flest menn,1363,8638,Linstow,1:21:25,4885.0,https://www.sportsidioten.no/resultater/bedrift-og-mosjonslag-mix-flest-menn-holmenkollstafetten-2025/
2025,bedrift og mosjonslag mix flest menn,1364,6878,OneSubsea – NCS Portfolio (OneSubsea),1:21:25,4885.0,https://www.sportsidioten.no/resultater/bedrift-og-mosjonslag-mix-flest-menn-holmenkollstafetten-2025/
2025,bedrift og mosjonslag mix flest menn,1365,8645,Vestre Toten kommune – Rådhuset (Vestre Toten kommune),1:21:25,4885.0,https://www.sportsidioten.no/resultater/bedrift-og-mosjonslag-mix-flest-menn-holmenkollstafetten-2025/
2025,bedrift og mosjonslag mix flest menn,1366,7623,Kantega (Kantega AS),1:21:25,4885.0,https://www.sportsidioten.no/resultater/bedrift-og-mosjonslag-mix-flest-menn-holmenkollstafetten-2025/
2025,bedrift og mosjonslag mix flest menn,1367,7453,Gallagher Norway (Gallagher Norway AS),1:21:25,4885.0,https://www.sportsidioten.no/resultater/bedrift-og-mosjonslag-mix-flest-menn-holmenkollstafetten-2025/
2025,bedrift og mosjonslag mix flest menn,1368,11061,N2 Applied,1:21:26,4886.0,https://www.sportsidioten.no/resultater/bedrift-og-mosjonslag-mix-flest-menn-holmenkollstafetten-2025/
2025,bedrift og mosjonslag mix flest menn,1369,11840,Team Coop 4 (Coop Norge SA),1:21:26,4886.0,https://www.sportsidioten.no/resultater/bedrift-og-mosjonslag-mix-flest-menn-holmenkollstafetten-2025/
2025,bedrift og mosjonslag mix flest menn,1370,5854,UiO Institutt for geofag,1:21:26,4886.0,https://www.sportsidioten.no/resultater/bedrift-og-mosjonslag-mix-flest-menn-holmenkollstafetten-2025/
2025,bedrift og mosjonslag mix flest menn,1371,9218,AdviseTech (AdviseTech AS),1:21:26,4886.0,https://www.sportsidioten.no/resultater/bedrift-og-mosjonslag-mix-flest-menn-holmenkollstafetten-2025/
2025,bedrift og mosjonslag mix flest menn,1372,8464,Microsoft 1 (Microsoft Norway),1:21:27,4887.0,https://www.sportsidioten.no/resultater/bedrift-og-mosjonslag-mix-flest-menn-holmenkollstafetten-2025/
2025,bedrift og mosjonslag mix flest menn,1373,7841,SATS Social (SATS),1:21:27,4887.0,https://www.sportsidioten.no/resultater/bedrift-og-mosjonslag-mix-flest-menn-holmenkollstafetten-2025/
2025,bedrift og mosjonslag mix flest menn,1374,9668,AFRY 3 (AFRY NORWAY AS),1:21:28,4888.0,https://www.sportsidioten.no/resultater/bedrift-og-mosjonslag-mix-flest-menn-holmenkollstafetten-2025/
2025,bedrift og mosjonslag mix flest menn,1375,10677,Norman & CO. (Advokatfirmaet Norman & Co. ANS),1:21:28,4888.0,https://www.sportsidioten.no/resultater/bedrift-og-mosjonslag-mix-flest-menn-holmenkollstafetten-2025/
2025,bedrift og mosjonslag mix flest menn,1376,6256,KPMG AS – Løpende Avskrivning (KPMG AS),1:21:28,4888.0,https://www.sportsidioten.no/resultater/bedrift-og-mosjonslag-mix-flest-menn-holmenkollstafetten-2025/
2025,bedrift og mosjonslag mix flest menn,1377,11266,KDI (Kriminalomsorgsdirektoratet),1:21:28,4888.0,https://www.sportsidioten.no/resultater/bedrift-og-mosjonslag-mix-flest-menn-holmenkollstafetten-2025/
2025,bedrift og mosjonslag mix flest menn,1378,5622,ASKO VESTFOLD-TELEMARK 1 (NorgesGruppen ASA),1:21:29,4889.0,https://www.sportsidioten.no/resultater/bedrift-og-mosjonslag-mix-flest-menn-holmenkollstafetten-2025/
2025,bedrift og mosjonslag mix flest menn,1379,8606,Utleiemegleren 2 (Utleiemegleren),1:21:29,4889.0,https://www.sportsidioten.no/resultater/bedrift-og-mosjonslag-mix-flest-menn-holmenkollstafetten-2025/
2025,bedrift og mosjonslag mix flest menn,1380,7605,Elopak Spikkestad (Elopak BIL),1:21:30,4890.0,https://www.sportsidioten.no/resultater/bedrift-og-mosjonslag-mix-flest-menn-holmenkollstafetten-2025/
2025,bedrift og mosjonslag mix flest menn,1381,12097,Muybridge (Muybridge AS),1:21:30,4890.0,https://www.sportsidioten.no/resultater/bedrift-og-mosjonslag-mix-flest-menn-holmenkollstafetten-2025/
2025,bedrift og mosjonslag mix flest menn,1382,8918,Linderud Skole,1:21:30,4890.0,https://www.sportsidioten.no/resultater/bedrift-og-mosjonslag-mix-flest-menn-holmenkollstafetten-2025/
2025,bedrift og mosjonslag mix flest menn,1383,10689,PRS DEEPOCEAN,1:21:31,4891.0,https://www.sportsidioten.no/resultater/bedrift-og-mosjonslag-mix-flest-menn-holmenkollstafetten-2025/
2025,bedrift og mosjonslag mix flest menn,1384,8680,NF Aktiv 1 (Nordisk Film AS),1:21:31,4891.0,https://www.sportsidioten.no/resultater/bedrift-og-mosjonslag-mix-flest-menn-holmenkollstafetten-2025/
2025,bedrift og mosjonslag mix flest menn,1385,9627,BBL Pivotal (BBL Datakompetanse AS),1:21:31,4891.0,https://www.sportsidioten.no/resultater/bedrift-og-mosjonslag-mix-flest-menn-holmenkollstafetten-2025/
2025,bedrift og mosjonslag mix flest menn,1386,7222,Aquatiq (Aquatiq AS),1:21:31,4891.0,https://www.sportsidioten.no/resultater/bedrift-og-mosjonslag-mix-flest-menn-holmenkollstafetten-2025/
2025,bedrift og mosjonslag mix flest menn,1387,10254,AS Financiering,1:21:32,4892.0,https://www.sportsidioten.no/resultater/bedrift-og-mosjonslag-mix-flest-menn-holmenkollstafetten-2025/
2025,bedrift og mosjonslag mix flest menn,1388,6485,Telia Enterprise C&P (Telia Norge),1:21:32,4892.0,https://www.sportsidioten.no/resultater/bedrift-og-mosjonslag-mix-flest-menn-holmenkollstafetten-2025/
2025,bedrift og mosjonslag mix flest menn,1389,7030,Sport Holding AS 1 1 (Sport Holding AS),1:21:32,4892.0,https://www.sportsidioten.no/resultater/bedrift-og-mosjonslag-mix-flest-menn-holmenkollstafetten-2025/
2025,bedrift og mosjonslag mix flest menn,1390,7116,Extensor AS,1:21:32,4892.0,https://www.sportsidioten.no/resultater/bedrift-og-mosjonslag-mix-flest-menn-holmenkollstafetten-2025/
2025,bedrift og mosjonslag mix flest menn,1391,11472,Parti Langhus + STA (Postnord AS),1:21:33,4893.0,https://www.sportsidioten.no/resultater/bedrift-og-mosjonslag-mix-flest-menn-holmenkollstafetten-2025/
2025,bedrift og mosjonslag mix flest menn,1392,10483,Foss VGS,1:21:34,4894.0,https://www.sportsidioten.no/resultater/bedrift-og-mosjonslag-mix-flest-menn-holmenkollstafetten-2025/
2025,bedrift og mosjonslag mix flest menn,1393,10684,Elvebakken vgs 1 (Elvebakken),1:21:35,4895.0,https://www.sportsidioten.no/resultater/bedrift-og-mosjonslag-mix-flest-menn-holmenkollstafetten-2025/
2025,bedrift og mosjonslag mix flest menn,1394,8720,Millum AS,1:21:35,4895.0,https://www.sportsidioten.no/resultater/bedrift-og-mosjonslag-mix-flest-menn-holmenkollstafetten-2025/
2025,bedrift og mosjonslag mix flest menn,1395,8047,Fornybar Norge,1:21:35,4895.0,https://www.sportsidioten.no/resultater/bedrift-og-mosjonslag-mix-flest-menn-holmenkollstafetten-2025/
2025,bedrift og mosjonslag mix flest menn,1396,9313,Novenco AS,1:21:36,4896.0,https://www.sportsidioten.no/resultater/bedrift-og-mosjonslag-mix-flest-menn-holmenkollstafetten-2025/
2025,bedrift og mosjonslag mix flest menn,1397,6028,DNB Livsgnist (DNB),1:21:37,4897.0,https://www.sportsidioten.no/resultater/bedrift-og-mosjonslag-mix-flest-menn-holmenkollstafetten-2025/
2025,bedrift og mosjonslag mix flest menn,1398,7688,Wärtsilä Moss BIL 1 (Wärtsilä Moss AS),1:21:37,4897.0,https://www.sportsidioten.no/resultater/bedrift-og-mosjonslag-mix-flest-menn-holmenkollstafetten-2025/
2025,bedrift og mosjonslag mix flest menn,1399,10871,Ctrl+Alt+Defeat (Sopra Steria),1:21:38,4898.0,https://www.sportsidioten.no/resultater/bedrift-og-mosjonslag-mix-flest-menn-holmenkollstafetten-2025/
2025,bedrift og mosjonslag mix flest menn,1400,8433,PRA Group (Pra Group Europe AS),1:21:38,4898.0,https://www.sportsidioten.no/resultater/bedrift-og-mosjonslag-mix-flest-menn-holmenkollstafetten-2025/
2025,bedrift og mosjonslag mix flest menn,1401,12268,Skagerrak Sparebank Bedriftsidrettslag (Skagerrak Sparebank),1:21:39,4899.0,https://www.sportsidioten.no/resultater/bedrift-og-mosjonslag-mix-flest-menn-holmenkollstafetten-2025/
2025,bedrift og mosjonslag mix flest menn,1402,7032,Bamford1869 1 (Bamford1869 Nærsnes løpeklubb),1:21:40,4900.0,https://www.sportsidioten.no/resultater/bedrift-og-mosjonslag-mix-flest-menn-holmenkollstafetten-2025/
2025,bedrift og mosjonslag mix flest menn,1403,8913,Philips Norge (Philips Norge AS),1:21:40,4900.0,https://www.sportsidioten.no/resultater/bedrift-og-mosjonslag-mix-flest-menn-holmenkollstafetten-2025/
2025,bedrift og mosjonslag mix flest menn,1404,8222,NIBR – OsloMet (OsloMet),1:21:41,4901.0,https://www.sportsidioten.no/resultater/bedrift-og-mosjonslag-mix-flest-menn-holmenkollstafetten-2025/
2025,bedrift og mosjonslag mix flest menn,1405,10692,Høvik skole,1:21:41,4901.0,https://www.sportsidioten.no/resultater/bedrift-og-mosjonslag-mix-flest-menn-holmenkollstafetten-2025/
2025,bedrift og mosjonslag mix flest menn,1406,9242,Tietoevry Banking,1:21:41,4901.0,https://www.sportsidioten.no/resultater/bedrift-og-mosjonslag-mix-flest-menn-holmenkollstafetten-2025/
2025,bedrift og mosjonslag mix flest menn,1407,8118,Servicegrossistene & Systemkjøp 2 (Servicegrossistene),1:21:41,4901.0,https://www.sportsidioten.no/resultater/bedrift-og-mosjonslag-mix-flest-menn-holmenkollstafetten-2025/
2025,bedrift og mosjonslag mix flest menn,1408,11623,Fiddy,1:21:41,4901.0,https://www.sportsidioten.no/resultater/bedrift-og-mosjonslag-mix-flest-menn-holmenkollstafetten-2025/
2025,bedrift og mosjonslag mix flest menn,1409,11232,Hallingplast,1:21:41,4901.0,https://www.sportsidioten.no/resultater/bedrift-og-mosjonslag-mix-flest-menn-holmenkollstafetten-2025/
2025,bedrift og mosjonslag mix flest menn,1410,10664,NINA Lillehammer (Norsk Institutt for Naturforskning (NINA)),1:21:41,4901.0,https://www.sportsidioten.no/resultater/bedrift-og-mosjonslag-mix-flest-menn-holmenkollstafetten-2025/
2025,bedrift og mosjonslag mix flest menn,1411,9040,Møller Bil Oslo Vest,1:21:42,4902.0,https://www.sportsidioten.no/resultater/bedrift-og-mosjonslag-mix-flest-menn-holmenkollstafetten-2025/
2025,bedrift og mosjonslag mix flest menn,1412,6615,IMDi,1:21:43,4903.0,https://www.sportsidioten.no/resultater/bedrift-og-mosjonslag-mix-flest-menn-holmenkollstafetten-2025/
2025,bedrift og mosjonslag mix flest menn,1413,7828,Norsk Energi,1:21:43,4903.0,https://www.sportsidioten.no/resultater/bedrift-og-mosjonslag-mix-flest-menn-holmenkollstafetten-2025/
2025,bedrift og mosjonslag mix flest menn,1414,8636,Spike Wave Runners (Oslo Universitetssykehus),1:21:43,4903.0,https://www.sportsidioten.no/resultater/bedrift-og-mosjonslag-mix-flest-menn-holmenkollstafetten-2025/
2025,bedrift og mosjonslag mix flest menn,1415,6034,DNB Konsernfinans KRR (DNB),1:21:44,4904.0,https://www.sportsidioten.no/resultater/bedrift-og-mosjonslag-mix-flest-menn-holmenkollstafetten-2025/
2025,bedrift og mosjonslag mix flest menn,1416,9030,Tradesolution BIL lag 1 1 (Tradesolution Bedriftsidrettslag),1:21:44,4904.0,https://www.sportsidioten.no/resultater/bedrift-og-mosjonslag-mix-flest-menn-holmenkollstafetten-2025/
2025,bedrift og mosjonslag mix flest menn,1417,10292,AREALIZE (Arealize AS),1:21:44,4904.0,https://www.sportsidioten.no/resultater/bedrift-og-mosjonslag-mix-flest-menn-holmenkollstafetten-2025/
2025,bedrift og mosjonslag mix flest menn,1418,4082,Dyve & Partnere (PrivatMegleren Dyve & Partnere),1:21:44,4904.0,https://www.sportsidioten.no/resultater/bedrift-og-mosjonslag-mix-flest-menn-holmenkollstafetten-2025/
2025,bedrift og mosjonslag mix flest menn,1419,8104,Eika BIL 2 (Eika),1:21:45,4905.0,https://www.sportsidioten.no/resultater/bedrift-og-mosjonslag-mix-flest-menn-holmenkollstafetten-2025/
2025,bedrift og mosjonslag mix flest menn,1420,9719,Team Bergans (Bergans Fritid AS),1:21:45,4905.0,https://www.sportsidioten.no/resultater/bedrift-og-mosjonslag-mix-flest-menn-holmenkollstafetten-2025/
2025,bedrift og mosjonslag mix flest menn,1421,11897,Team Rekkeklemme (JFKnudtzen),1:21:45,4905.0,https://www.sportsidioten.no/resultater/bedrift-og-mosjonslag-mix-flest-menn-holmenkollstafetten-2025/
2025,bedrift og mosjonslag mix flest menn,1422,10614,Rambøll RMC PM Pluss (Rambøll Norge AS),1:21:45,4905.0,https://www.sportsidioten.no/resultater/bedrift-og-mosjonslag-mix-flest-menn-holmenkollstafetten-2025/
2025,bedrift og mosjonslag mix flest menn,1423,7512,Dell Technologies,1:21:45,4905.0,https://www.sportsidioten.no/resultater/bedrift-og-mosjonslag-mix-flest-menn-holmenkollstafetten-2025/
2025,bedrift og mosjonslag mix flest menn,1424,7825,Norkart BIL (Norkart AS),1:21:46,4906.0,https://www.sportsidioten.no/resultater/bedrift-og-mosjonslag-mix-flest-menn-holmenkollstafetten-2025/
2025,bedrift og mosjonslag mix flest menn,1425,7045,Bane NOR Traineetoget (Bane NOR),1:21:47,4907.0,https://www.sportsidioten.no/resultater/bedrift-og-mosjonslag-mix-flest-menn-holmenkollstafetten-2025/
2025,bedrift og mosjonslag mix flest menn,1426,10462,Langseth Gruppen (Langseth Services AS),1:21:47,4907.0,https://www.sportsidioten.no/resultater/bedrift-og-mosjonslag-mix-flest-menn-holmenkollstafetten-2025/
2025,bedrift og mosjonslag mix flest menn,1427,10434,TKE Expressen (TK Elevator AS),1:21:47,4907.0,https://www.sportsidioten.no/resultater/bedrift-og-mosjonslag-mix-flest-menn-holmenkollstafetten-2025/
2025,bedrift og mosjonslag mix flest menn,1428,6818,Maskinstyring AS,1:21:48,4908.0,https://www.sportsidioten.no/resultater/bedrift-og-mosjonslag-mix-flest-menn-holmenkollstafetten-2025/
2025,bedrift og mosjonslag mix flest menn,1429,6673,Telenor 5 (Telenor),1:21:48,4908.0,https://www.sportsidioten.no/resultater/bedrift-og-mosjonslag-mix-flest-menn-holmenkollstafetten-2025/
2025,bedrift og mosjonslag mix flest menn,1430,12235,Outdoor AS,1:21:49,4909.0,https://www.sportsidioten.no/resultater/bedrift-og-mosjonslag-mix-flest-menn-holmenkollstafetten-2025/
2025,bedrift og mosjonslag mix flest menn,1431,8488,Naprapatene,1:21:50,4910.0,https://www.sportsidioten.no/resultater/bedrift-og-mosjonslag-mix-flest-menn-holmenkollstafetten-2025/
2025,bedrift og mosjonslag mix flest menn,1432,10898,NOVA 3 (Nova Consulting Group AS),1:21:50,4910.0,https://www.sportsidioten.no/resultater/bedrift-og-mosjonslag-mix-flest-menn-holmenkollstafetten-2025/
2025,bedrift og mosjonslag mix flest menn,1433,9408,Norsonic BIL (Norsonic AS),1:21:51,4911.0,https://www.sportsidioten.no/resultater/bedrift-og-mosjonslag-mix-flest-menn-holmenkollstafetten-2025/
2025,bedrift og mosjonslag mix flest menn,1434,7025,Nammo BIL 2 (Nammo Raufoss A/S),1:21:51,4911.0,https://www.sportsidioten.no/resultater/bedrift-og-mosjonslag-mix-flest-menn-holmenkollstafetten-2025/
2025,bedrift og mosjonslag mix flest menn,1435,7812,NMD Servicekontor 1 (Norsk Medisinaldepot AS),1:21:51,4911.0,https://www.sportsidioten.no/resultater/bedrift-og-mosjonslag-mix-flest-menn-holmenkollstafetten-2025/
2025,bedrift og mosjonslag mix flest menn,1436,7262,Kahoot! 1 (Kahoot! AS),1:21:51,4911.0,https://www.sportsidioten.no/resultater/bedrift-og-mosjonslag-mix-flest-menn-holmenkollstafetten-2025/
2025,bedrift og mosjonslag mix flest menn,1437,8217,Statens vegvesen Lillehammer (Statens vegvesen),1:21:51,4911.0,https://www.sportsidioten.no/resultater/bedrift-og-mosjonslag-mix-flest-menn-holmenkollstafetten-2025/
2025,bedrift og mosjonslag mix flest menn,1438,8611,Møller Digital AS,1:21:51,4911.0,https://www.sportsidioten.no/resultater/bedrift-og-mosjonslag-mix-flest-menn-holmenkollstafetten-2025/
2025,bedrift og mosjonslag mix flest menn,1439,7407,Volkswagen Møller Bilfinans 2 (Volkswagen Møller Bilfinans),1:21:52,4912.0,https://www.sportsidioten.no/resultater/bedrift-og-mosjonslag-mix-flest-menn-holmenkollstafetten-2025/
2025,bedrift og mosjonslag mix flest menn,1440,10242,Solon Eiendom (Solon Bolig AS),1:21:52,4912.0,https://www.sportsidioten.no/resultater/bedrift-og-mosjonslag-mix-flest-menn-holmenkollstafetten-2025/
2025,bedrift og mosjonslag mix flest menn,1441,11040,Apotek1 Run 4 Fun 2 (Apotek 1 Gruppen AS),1:21:52,4912.0,https://www.sportsidioten.no/resultater/bedrift-og-mosjonslag-mix-flest-menn-holmenkollstafetten-2025/
2025,bedrift og mosjonslag mix flest menn,1442,7423,Aera Amazing (Aera Payment & Identification AS),1:21:53,4913.0,https://www.sportsidioten.no/resultater/bedrift-og-mosjonslag-mix-flest-menn-holmenkollstafetten-2025/
2025,bedrift og mosjonslag mix flest menn,1443,10241,STENERSEN CHARTERING AS,1:21:54,4914.0,https://www.sportsidioten.no/resultater/bedrift-og-mosjonslag-mix-flest-menn-holmenkollstafetten-2025/
2025,bedrift og mosjonslag mix flest menn,1444,7637,Nel Bedriftsidrettslag,1:21:55,4915.0,https://www.sportsidioten.no/resultater/bedrift-og-mosjonslag-mix-flest-menn-holmenkollstafetten-2025/
2025,bedrift og mosjonslag mix flest menn,1445,5917,Aker Security (Aker Security AS),1:21:55,4915.0,https://www.sportsidioten.no/resultater/bedrift-og-mosjonslag-mix-flest-menn-holmenkollstafetten-2025/
2025,bedrift og mosjonslag mix flest menn,1446,6449,SamSpar Lightning Squad (SpareBank 1 SamSpar AS),1:21:55,4915.0,https://www.sportsidioten.no/resultater/bedrift-og-mosjonslag-mix-flest-menn-holmenkollstafetten-2025/
2025,bedrift og mosjonslag mix flest menn,1447,11811,Bik Bok Run(way) (Varner),1:21:57,4917.0,https://www.sportsidioten.no/resultater/bedrift-og-mosjonslag-mix-flest-menn-holmenkollstafetten-2025/
2025,bedrift og mosjonslag mix flest menn,1448,8630,Cheffelo (Cheffelo Norway AS),1:21:58,4918.0,https://www.sportsidioten.no/resultater/bedrift-og-mosjonslag-mix-flest-menn-holmenkollstafetten-2025/
2025,bedrift og mosjonslag mix flest menn,1449,8020,IFE-BIL (IFE),1:21:59,4919.0,https://www.sportsidioten.no/resultater/bedrift-og-mosjonslag-mix-flest-menn-holmenkollstafetten-2025/
2025,bedrift og mosjonslag mix flest menn,1450,8406,ECIT AS Fornebu 2 (ECIT AS),1:21:59,4919.0,https://www.sportsidioten.no/resultater/bedrift-og-mosjonslag-mix-flest-menn-holmenkollstafetten-2025/
2025,bedrift og mosjonslag mix flest menn,1451,6653,DIPS Oslo (DIPS AS),1:21:59,4919.0,https://www.sportsidioten.no/resultater/bedrift-og-mosjonslag-mix-flest-menn-holmenkollstafetten-2025/
2025,bedrift og mosjonslag mix flest menn,1452,5864,UiO Natural History Museum (Natural History Museum UiO),1:22:00,4920.0,https://www.sportsidioten.no/resultater/bedrift-og-mosjonslag-mix-flest-menn-holmenkollstafetten-2025/
2025,bedrift og mosjonslag mix flest menn,1453,12226,NRK Felles 3 (NRK),1:22:00,4920.0,https://www.sportsidioten.no/resultater/bedrift-og-mosjonslag-mix-flest-menn-holmenkollstafetten-2025/
2025,bedrift og mosjonslag mix flest menn,1454,10509,Monbeg Whisper (Howden Norway AS),1:22:00,4920.0,https://www.sportsidioten.no/resultater/bedrift-og-mosjonslag-mix-flest-menn-holmenkollstafetten-2025/
2025,bedrift og mosjonslag mix flest menn,1455,12019,Team Skadespesialist 2,1:22:02,4922.0,https://www.sportsidioten.no/resultater/bedrift-og-mosjonslag-mix-flest-menn-holmenkollstafetten-2025/
2025,bedrift og mosjonslag mix flest menn,1456,6467,Telia IT superstars (Telia Norge),1:22:03,4923.0,https://www.sportsidioten.no/resultater/bedrift-og-mosjonslag-mix-flest-menn-holmenkollstafetten-2025/
2025,bedrift og mosjonslag mix flest menn,1457,8059,ezprk run club (EasyPark AS),1:22:03,4923.0,https://www.sportsidioten.no/resultater/bedrift-og-mosjonslag-mix-flest-menn-holmenkollstafetten-2025/
2025,bedrift og mosjonslag mix flest menn,1458,6865,Bouvet 3 Adeliepingvin (Bouvet),1:22:04,4924.0,https://www.sportsidioten.no/resultater/bedrift-og-mosjonslag-mix-flest-menn-holmenkollstafetten-2025/
2025,bedrift og mosjonslag mix flest menn,1459,9869,Kulturtanken/Riksteatret,1:22:04,4924.0,https://www.sportsidioten.no/resultater/bedrift-og-mosjonslag-mix-flest-menn-holmenkollstafetten-2025/
2025,bedrift og mosjonslag mix flest menn,1460,9653,Skogbrand med venner (Skogbrand Forsikringsselskap Gjensidig),1:22:06,4926.0,https://www.sportsidioten.no/resultater/bedrift-og-mosjonslag-mix-flest-menn-holmenkollstafetten-2025/
2025,bedrift og mosjonslag mix flest menn,1461,7665,The Dalbakks,1:22:06,4926.0,https://www.sportsidioten.no/resultater/bedrift-og-mosjonslag-mix-flest-menn-holmenkollstafetten-2025/
2025,bedrift og mosjonslag mix flest menn,1461,6266,Deloitte 9 (Deloitte BIL),1:22:06,4926.0,https://www.sportsidioten.no/resultater/bedrift-og-mosjonslag-mix-flest-menn-holmenkollstafetten-2025/
2025,bedrift og mosjonslag mix flest menn,1463,10089,GE HealthCare 1 (GE HealthCare),1:22:07,4927.0,https://www.sportsidioten.no/resultater/bedrift-og-mosjonslag-mix-flest-menn-holmenkollstafetten-2025/
2025,bedrift og mosjonslag mix flest menn,1464,6867,BAMA 7 (BAMA Gruppen AS),1:22:07,4927.0,https://www.sportsidioten.no/resultater/bedrift-og-mosjonslag-mix-flest-menn-holmenkollstafetten-2025/
2025,bedrift og mosjonslag mix flest menn,1465,6834,IF Forsikring 2 (IF Skadeforsikring),1:22:07,4927.0,https://www.sportsidioten.no/resultater/bedrift-og-mosjonslag-mix-flest-menn-holmenkollstafetten-2025/
2025,bedrift og mosjonslag mix flest menn,1466,10116,CCEP 1 2 (Coca- Cola Europacific Partners),1:22:07,4927.0,https://www.sportsidioten.no/resultater/bedrift-og-mosjonslag-mix-flest-menn-holmenkollstafetten-2025/
2025,bedrift og mosjonslag mix flest menn,1467,5856,UiO Det Medisinske Fakultets Sekretariat 1 (UiO),1:22:08,4928.0,https://www.sportsidioten.no/resultater/bedrift-og-mosjonslag-mix-flest-menn-holmenkollstafetten-2025/
2025,bedrift og mosjonslag mix flest menn,1468,7609,Embriq AS,1:22:08,4928.0,https://www.sportsidioten.no/resultater/bedrift-og-mosjonslag-mix-flest-menn-holmenkollstafetten-2025/
2025,bedrift og mosjonslag mix flest menn,1469,10247,Ayvens Runners 1 (Ayvens Norge AS),1:22:08,4928.0,https://www.sportsidioten.no/resultater/bedrift-og-mosjonslag-mix-flest-menn-holmenkollstafetten-2025/
2025,bedrift og mosjonslag mix flest menn,1470,7805,Nordstrand ungdomsskole,1:22:09,4929.0,https://www.sportsidioten.no/resultater/bedrift-og-mosjonslag-mix-flest-menn-holmenkollstafetten-2025/
2025,bedrift og mosjonslag mix flest menn,1471,5481,ABB BIL 1 (ABB),1:22:09,4929.0,https://www.sportsidioten.no/resultater/bedrift-og-mosjonslag-mix-flest-menn-holmenkollstafetten-2025/
2025,bedrift og mosjonslag mix flest menn,1472,6918,Adite (Adite AS),1:22:09,4929.0,https://www.sportsidioten.no/resultater/bedrift-og-mosjonslag-mix-flest-menn-holmenkollstafetten-2025/
2025,bedrift og mosjonslag mix flest menn,1473,4232,Team Coop 1 (Coop Norge SA),1:22:10,4930.0,https://www.sportsidioten.no/resultater/bedrift-og-mosjonslag-mix-flest-menn-holmenkollstafetten-2025/
2025,bedrift og mosjonslag mix flest menn,1474,5207,DNV Offshore Classification (Det Norske Veritas),1:22:10,4930.0,https://www.sportsidioten.no/resultater/bedrift-og-mosjonslag-mix-flest-menn-holmenkollstafetten-2025/
2025,bedrift og mosjonslag mix flest menn,1475,9623,Glava (Glava AS),1:22:13,4933.0,https://www.sportsidioten.no/resultater/bedrift-og-mosjonslag-mix-flest-menn-holmenkollstafetten-2025/
2025,bedrift og mosjonslag mix flest menn,1476,7650,Dun & Bradstreet (Dun & Bradstreet Norway AS),1:22:14,4934.0,https://www.sportsidioten.no/resultater/bedrift-og-mosjonslag-mix-flest-menn-holmenkollstafetten-2025/
2025,bedrift og mosjonslag mix flest menn,1477,7052,Pecus AS,1:22:14,4934.0,https://www.sportsidioten.no/resultater/bedrift-og-mosjonslag-mix-flest-menn-holmenkollstafetten-2025/
2025,bedrift og mosjonslag mix flest menn,1478,10271,VVS Kontakten (VVS Kontakten AS),1:22:14,4934.0,https://www.sportsidioten.no/resultater/bedrift-og-mosjonslag-mix-flest-menn-holmenkollstafetten-2025/
2025,bedrift og mosjonslag mix flest menn,1479,11616,Digital Solutions 1 (DNV AS),1:22:15,4935.0,https://www.sportsidioten.no/resultater/bedrift-og-mosjonslag-mix-flest-menn-holmenkollstafetten-2025/
2025,bedrift og mosjonslag mix flest menn,1480,7603,Aker BP 4 (Aker BP),1:22:15,4935.0,https://www.sportsidioten.no/resultater/bedrift-og-mosjonslag-mix-flest-menn-holmenkollstafetten-2025/
2025,bedrift og mosjonslag mix flest menn,1481,11299,Skatteetaten Informasjonsforvaltning (Skatt Helsfyr B.I.L),1:22:15,4935.0,https://www.sportsidioten.no/resultater/bedrift-og-mosjonslag-mix-flest-menn-holmenkollstafetten-2025/
2025,bedrift og mosjonslag mix flest menn,1482,7251,ONH Team (Oslo Nye Høyskole),1:22:16,4936.0,https://www.sportsidioten.no/resultater/bedrift-og-mosjonslag-mix-flest-menn-holmenkollstafetten-2025/
2025,bedrift og mosjonslag mix flest menn,1483,5626,ASKO MOLDE 1 (NorgesGruppen ASA),1:22:16,4936.0,https://www.sportsidioten.no/resultater/bedrift-og-mosjonslag-mix-flest-menn-holmenkollstafetten-2025/
2025,bedrift og mosjonslag mix flest menn,1484,8106,Siemens Healthineers A (Siemens Healthineers),1:22:16,4936.0,https://www.sportsidioten.no/resultater/bedrift-og-mosjonslag-mix-flest-menn-holmenkollstafetten-2025/
2025,bedrift og mosjonslag mix flest menn,1485,6483,Telia OCMC (Telia Norge),1:22:16,4936.0,https://www.sportsidioten.no/resultater/bedrift-og-mosjonslag-mix-flest-menn-holmenkollstafetten-2025/
2025,bedrift og mosjonslag mix flest menn,1486,7886,Astrup Fearnley 2 (Astrup Fearnley AS),1:22:16,4936.0,https://www.sportsidioten.no/resultater/bedrift-og-mosjonslag-mix-flest-menn-holmenkollstafetten-2025/
2025,bedrift og mosjonslag mix flest menn,1487,10873,Footsprint (Sopra Steria),1:22:17,4937.0,https://www.sportsidioten.no/resultater/bedrift-og-mosjonslag-mix-flest-menn-holmenkollstafetten-2025/
2025,bedrift og mosjonslag mix flest menn,1488,11828,Team Nikken,1:22:17,4937.0,https://www.sportsidioten.no/resultater/bedrift-og-mosjonslag-mix-flest-menn-holmenkollstafetten-2025/
2025,bedrift og mosjonslag mix flest menn,1489,11812,Legeforeningen 2 (Den norske legeforening),1:22:18,4938.0,https://www.sportsidioten.no/resultater/bedrift-og-mosjonslag-mix-flest-menn-holmenkollstafetten-2025/
2025,bedrift og mosjonslag mix flest menn,1490,7111,Det toppede laget (EiendomsMegler 1),1:22:19,4939.0,https://www.sportsidioten.no/resultater/bedrift-og-mosjonslag-mix-flest-menn-holmenkollstafetten-2025/
2025,bedrift og mosjonslag mix flest menn,1491,6427,EY BIL Fa + Ccass Lag 4 (EY),1:22:19,4939.0,https://www.sportsidioten.no/resultater/bedrift-og-mosjonslag-mix-flest-menn-holmenkollstafetten-2025/
2025,bedrift og mosjonslag mix flest menn,1492,9109,DNV Ship Classification 1 (DNV),1:22:19,4939.0,https://www.sportsidioten.no/resultater/bedrift-og-mosjonslag-mix-flest-menn-holmenkollstafetten-2025/
2025,bedrift og mosjonslag mix flest menn,1493,8228,Brødrene Dahl IL Langhus (Brødrene Dahl AS),1:22:20,4940.0,https://www.sportsidioten.no/resultater/bedrift-og-mosjonslag-mix-flest-menn-holmenkollstafetten-2025/
2025,bedrift og mosjonslag mix flest menn,1494,7249,Vestre Viken Ambulansen (Vestre Viken HF),1:22:21,4941.0,https://www.sportsidioten.no/resultater/bedrift-og-mosjonslag-mix-flest-menn-holmenkollstafetten-2025/
2025,bedrift og mosjonslag mix flest menn,1495,6312,PwC Granskning (PricewaterhouseCoopers),1:22:21,4941.0,https://www.sportsidioten.no/resultater/bedrift-og-mosjonslag-mix-flest-menn-holmenkollstafetten-2025/
2025,bedrift og mosjonslag mix flest menn,1496,11268,NHO Reiseliv,1:22:21,4941.0,https://www.sportsidioten.no/resultater/bedrift-og-mosjonslag-mix-flest-menn-holmenkollstafetten-2025/
2025,bedrift og mosjonslag mix flest menn,1497,9283,Dignus Medical,1:22:21,4941.0,https://www.sportsidioten.no/resultater/bedrift-og-mosjonslag-mix-flest-menn-holmenkollstafetten-2025/
2025,bedrift og mosjonslag mix flest menn,1498,5882,BDO Business Services – Regnskap 2 (BDO AS),1:22:21,4941.0,https://www.sportsidioten.no/resultater/bedrift-og-mosjonslag-mix-flest-menn-holmenkollstafetten-2025/
2025,bedrift og mosjonslag mix flest menn,1499,6458,EY Tønsberg (EY),1:22:21,4941.0,https://www.sportsidioten.no/resultater/bedrift-og-mosjonslag-mix-flest-menn-holmenkollstafetten-2025/
2025,bedrift og mosjonslag mix flest menn,1500,7489,Guard Automation 3 (Guard Automation),1:22:21,4941.0,https://www.sportsidioten.no/resultater/bedrift-og-mosjonslag-mix-flest-menn-holmenkollstafetten-2025/
2025,ideelle organisasjoner,3039,,Parat,13:35,815.0,https://www.sportsidioten.no/resultater/ideelle-organisasjoner-holmenkollstafetten-2025/
2025,ideelle organisasjoner,3057,,NORILCO,13:35,815.0,https://www.sportsidioten.no/resultater/ideelle-organisasjoner-holmenkollstafetten-2025/
2025,ideelle organisasjoner,3031,,Norsk elbilforening,13:35,815.0,https://www.sportsidioten.no/resultater/ideelle-organisasjoner-holmenkollstafetten-2025/
2025,ideelle organisasjoner,3080,,Etisk handel Norge,13:35,815.0,https://www.sportsidioten.no/resultater/ideelle-organisasjoner-holmenkollstafetten-2025/
2025,ideelle organisasjoner,3013,,MOT Norge,13:35,815.0,https://www.sportsidioten.no/resultater/ideelle-organisasjoner-holmenkollstafetten-2025/
2025,ideelle organisasjoner,3058,,Misjonssambandet ung,13:35,815.0,https://www.sportsidioten.no/resultater/ideelle-organisasjoner-holmenkollstafetten-2025/
2025,ideelle organisasjoner,3038,,NVIO Oslo,13:35,815.0,https://www.sportsidioten.no/resultater/ideelle-organisasjoner-holmenkollstafetten-2025/
2025,ideelle organisasjoner,3059,,Norsk Luftambulanse Bedriftsidrettslag,13:35,815.0,https://www.sportsidioten.no/resultater/ideelle-organisasjoner-holmenkollstafetten-2025/
2025,ideelle organisasjoner,3032,,"UNN Tromsø, Positronets Venneforening",13:35,815.0,https://www.sportsidioten.no/resultater/ideelle-organisasjoner-holmenkollstafetten-2025/
2025,ideelle organisasjoner,3007,,DNT Oslo og Omegn,13:35,815.0,https://www.sportsidioten.no/resultater/ideelle-organisasjoner-holmenkollstafetten-2025/
2025,ideelle organisasjoner,3026,,Kondis,13:35,815.0,https://www.sportsidioten.no/resultater/ideelle-organisasjoner-holmenkollstafetten-2025/
2025,ideelle organisasjoner,3040,,Barnekreftforeningen,13:35,815.0,https://www.sportsidioten.no/resultater/ideelle-organisasjoner-holmenkollstafetten-2025/
2025,ideelle organisasjoner,3037,,NOREF,13:35,815.0,https://www.sportsidioten.no/resultater/ideelle-organisasjoner-holmenkollstafetten-2025/
2025,ideelle organisasjoner,3006,,Norges Røde Kors,13:35,815.0,https://www.sportsidioten.no/resultater/ideelle-organisasjoner-holmenkollstafetten-2025/
2025,ideelle organisasjoner,3060,,Zero Emission Resource Organisation,13:35,815.0,https://www.sportsidioten.no/resultater/ideelle-organisasjoner-holmenkollstafetten-2025/
2025,ideelle organisasjoner,3027,,Mensa Oslo,13:35,815.0,https://www.sportsidioten.no/resultater/ideelle-organisasjoner-holmenkollstafetten-2025/
2025,ideelle organisasjoner,3003,,,13:35,815.0,https://www.sportsidioten.no/resultater/ideelle-organisasjoner-holmenkollstafetten-2025/
2025,ideelle organisasjoner,3043,,INTOSAI Development Initiative,13:35,815.0,https://www.sportsidioten.no/resultater/ideelle-organisasjoner-holmenkollstafetten-2025/
2025,ideelle organisasjoner,3061,,Dyrevernalliansen,13:35,815.0,https://www.sportsidioten.no/resultater/ideelle-organisasjoner-holmenkollstafetten-2025/
2025,ideelle organisasjoner,3028,,Nasjonalforeningen for folkehelsen,13:35,815.0,https://www.sportsidioten.no/resultater/ideelle-organisasjoner-holmenkollstafetten-2025/
2025,ideelle organisasjoner,3044,,Redd Barna,13:35,815.0,https://www.sportsidioten.no/resultater/ideelle-organisasjoner-holmenkollstafetten-2025/
2025,ideelle organisasjoner,3019,,Redd Barna,13:35,815.0,https://www.sportsidioten.no/resultater/ideelle-organisasjoner-holmenkollstafetten-2025/
2025,ideelle organisasjoner,3062,,Behandlingstunet Fetsund Frelsesarmeen,13:35,815.0,https://www.sportsidioten.no/resultater/ideelle-organisasjoner-holmenkollstafetten-2025/
2025,ideelle organisasjoner,3045,,Blå Kors Klinikk Lade,13:35,815.0,https://www.sportsidioten.no/resultater/ideelle-organisasjoner-holmenkollstafetten-2025/
2025,ideelle organisasjoner,3016,,Kirkens Bymisjons Barneverntiltak,13:35,815.0,https://www.sportsidioten.no/resultater/ideelle-organisasjoner-holmenkollstafetten-2025/
2025,ideelle organisasjoner,3053,,Brannmenn mot kreft – Sunnfjord Brann og Redning,13:35,815.0,https://www.sportsidioten.no/resultater/ideelle-organisasjoner-holmenkollstafetten-2025/
2025,ideelle organisasjoner,3055,,Brannmenn mot kreft – Follo brannvesen IKS,13:35,815.0,https://www.sportsidioten.no/resultater/ideelle-organisasjoner-holmenkollstafetten-2025/
2025,ideelle organisasjoner,3063,,Frammuseet,13:35,815.0,https://www.sportsidioten.no/resultater/ideelle-organisasjoner-holmenkollstafetten-2025/
2025,ideelle organisasjoner,3015,,Amnesty International Norge,13:35,815.0,https://www.sportsidioten.no/resultater/ideelle-organisasjoner-holmenkollstafetten-2025/
2025,ideelle organisasjoner,3056,,Aktiv mot kreft,13:35,815.0,https://www.sportsidioten.no/resultater/ideelle-organisasjoner-holmenkollstafetten-2025/
2025,ideelle organisasjoner,3051,,NRBR bedriftsidrettslaget,13:35,815.0,https://www.sportsidioten.no/resultater/ideelle-organisasjoner-holmenkollstafetten-2025/
2025,ideelle organisasjoner,3020,,Venstre,13:35,815.0,https://www.sportsidioten.no/resultater/ideelle-organisasjoner-holmenkollstafetten-2025/
2025,ideelle organisasjoner,3054,,Indre Østfold Brann og Redning IKS,13:35,815.0,https://www.sportsidioten.no/resultater/ideelle-organisasjoner-holmenkollstafetten-2025/
2025,ideelle organisasjoner,3021,,Eplehagen og Rektorhaugen Kanvas barnehager,13:35,815.0,https://www.sportsidioten.no/resultater/ideelle-organisasjoner-holmenkollstafetten-2025/
2025,ideelle organisasjoner,3010,,Stiftelsen Beitostølen Helsesportsenter,13:35,815.0,https://www.sportsidioten.no/resultater/ideelle-organisasjoner-holmenkollstafetten-2025/
2025,ideelle organisasjoner,3064,,Voksne for Barn,13:35,815.0,https://www.sportsidioten.no/resultater/ideelle-organisasjoner-holmenkollstafetten-2025/
2025,ideelle organisasjoner,3017,,Norges Røde Kors,13:35,815.0,https://www.sportsidioten.no/resultater/ideelle-organisasjoner-holmenkollstafetten-2025/
2025,ideelle organisasjoner,3065,,Wayback,13:35,815.0,https://www.sportsidioten.no/resultater/ideelle-organisasjoner-holmenkollstafetten-2025/
2025,ideelle organisasjoner,3066,,CEPI,13:35,815.0,https://www.sportsidioten.no/resultater/ideelle-organisasjoner-holmenkollstafetten-2025/
2025,ideelle organisasjoner,3024,,Caritas Norge,13:35,815.0,https://www.sportsidioten.no/resultater/ideelle-organisasjoner-holmenkollstafetten-2025/
2025,ideelle organisasjoner,3025,,Caritas Norge,13:35,815.0,https://www.sportsidioten.no/resultater/ideelle-organisasjoner-holmenkollstafetten-2025/
2025,ideelle organisasjoner,3035,,Norges Blindeforbund,13:35,815.0,https://www.sportsidioten.no/resultater/ideelle-organisasjoner-holmenkollstafetten-2025/
2025,ideelle organisasjoner,3036,,Regnskogfondet,13:35,815.0,https://www.sportsidioten.no/resultater/ideelle-organisasjoner-holmenkollstafetten-2025/
2025,ideelle organisasjoner,3005,,Skiforeningen,13:35,815.0,https://www.sportsidioten.no/resultater/ideelle-organisasjoner-holmenkollstafetten-2025/
2025,ideelle organisasjoner,3023,,Skiforeningen,13:35,815.0,https://www.sportsidioten.no/resultater/ideelle-organisasjoner-holmenkollstafetten-2025/
2025,ideelle organisasjoner,3018,,Oslo Røde Kors,13:35,815.0,https://www.sportsidioten.no/resultater/ideelle-organisasjoner-holmenkollstafetten-2025/
2025,ideelle organisasjoner,3012,,EAT,13:35,815.0,https://www.sportsidioten.no/resultater/ideelle-organisasjoner-holmenkollstafetten-2025/
2025,ideelle organisasjoner,3050,,Drammensregionens brannvesen IKS,13:35,815.0,https://www.sportsidioten.no/resultater/ideelle-organisasjoner-holmenkollstafetten-2025/
2025,ideelle organisasjoner,3004,,BIL Kreftforeningen,13:35,815.0,https://www.sportsidioten.no/resultater/ideelle-organisasjoner-holmenkollstafetten-2025/
2025,ideelle organisasjoner,3067,,BIL Kreftforeningen,13:35,815.0,https://www.sportsidioten.no/resultater/ideelle-organisasjoner-holmenkollstafetten-2025/
2025,ideelle organisasjoner,3034,,Grønn Byggallianse,13:35,815.0,https://www.sportsidioten.no/resultater/ideelle-organisasjoner-holmenkollstafetten-2025/
2025,ideelle organisasjoner,3022,,Europabevegelsen,13:35,815.0,https://www.sportsidioten.no/resultater/ideelle-organisasjoner-holmenkollstafetten-2025/
2025,ideelle organisasjoner,3069,,Norsk Luftambulanse bedriftsidrettslag,13:35,815.0,https://www.sportsidioten.no/resultater/ideelle-organisasjoner-holmenkollstafetten-2025/
2025,ideelle organisasjoner,3029,,NKS Grefsenlia,13:35,815.0,https://www.sportsidioten.no/resultater/ideelle-organisasjoner-holmenkollstafetten-2025/
2025,ideelle organisasjoner,3070,,Det Europeiske Wergelandsenteret,13:35,815.0,https://www.sportsidioten.no/resultater/ideelle-organisasjoner-holmenkollstafetten-2025/
2025,ideelle organisasjoner,3009,,NRC Flyktninghjelpen,13:35,815.0,https://www.sportsidioten.no/resultater/ideelle-organisasjoner-holmenkollstafetten-2025/
2025,ideelle organisasjoner,3048,,NRC Flyktninghjelpen,13:35,815.0,https://www.sportsidioten.no/resultater/ideelle-organisasjoner-holmenkollstafetten-2025/
2025,ideelle organisasjoner,3047,,Plan Norge,13:35,815.0,https://www.sportsidioten.no/resultater/ideelle-organisasjoner-holmenkollstafetten-2025/
2025,ideelle organisasjoner,3049,,Kvinnekollektivet Arken,13:35,815.0,https://www.sportsidioten.no/resultater/ideelle-organisasjoner-holmenkollstafetten-2025/
2025,ideelle organisasjoner,3071,,,13:35,815.0,https://www.sportsidioten.no/resultater/ideelle-organisasjoner-holmenkollstafetten-2025/
2025,ideelle organisasjoner,3072,,,13:35,815.0,https://www.sportsidioten.no/resultater/ideelle-organisasjoner-holmenkollstafetten-2025/
2025,ideelle organisasjoner,3073,,,13:35,815.0,https://www.sportsidioten.no/resultater/ideelle-organisasjoner-holmenkollstafetten-2025/
2025,ideelle organisasjoner,3074,,Framtiden i våre hender,13:35,815.0,https://www.sportsidioten.no/resultater/ideelle-organisasjoner-holmenkollstafetten-2025/
2025,ideelle organisasjoner,3011,,Svanemerket,13:35,815.0,https://www.sportsidioten.no/resultater/ideelle-organisasjoner-holmenkollstafetten-2025/
2025,ideelle organisasjoner,3052,,Oslo brannkorps idrettslag,13:35,815.0,https://www.sportsidioten.no/resultater/ideelle-organisasjoner-holmenkollstafetten-2025/
2025,ideelle organisasjoner,3041,,Den norske kirke,13:35,815.0,https://www.sportsidioten.no/resultater/ideelle-organisasjoner-holmenkollstafetten-2025/
2025,ideelle organisasjoner,3033,,Kirkens Nødhjelp,13:35,815.0,https://www.sportsidioten.no/resultater/ideelle-organisasjoner-holmenkollstafetten-2025/
2025,ideelle organisasjoner,3008,,Den Norske Turistforening,13:35,815.0,https://www.sportsidioten.no/resultater/ideelle-organisasjoner-holmenkollstafetten-2025/
2025,ideelle organisasjoner,3001,,The Bardo Foundation Inc.,13:35,815.0,https://www.sportsidioten.no/resultater/ideelle-organisasjoner-holmenkollstafetten-2025/
2025,ideelle organisasjoner,3075,,The Bardo Foundation Inc.,13:35,815.0,https://www.sportsidioten.no/resultater/ideelle-organisasjoner-holmenkollstafetten-2025/
2025,ideelle organisasjoner,3076,,The Bardo Foundation Inc.,13:35,815.0,https://www.sportsidioten.no/resultater/ideelle-organisasjoner-holmenkollstafetten-2025/
2025,ideelle organisasjoner,3014,,Norsk Folkehjelp,13:35,815.0,https://www.sportsidioten.no/resultater/ideelle-organisasjoner-holmenkollstafetten-2025/
2025,ideelle organisasjoner,3002,,Right To Play,13:35,815.0,https://www.sportsidioten.no/resultater/ideelle-organisasjoner-holmenkollstafetten-2025/
2025,ideelle organisasjoner,3077,,Brannmenn mot kreft-MOSSEREGIONEN BRANN OG REDNING,13:35,815.0,https://www.sportsidioten.no/resultater/ideelle-organisasjoner-holmenkollstafetten-2025/
2025,ideelle organisasjoner,3042,,Bellona,13:35,815.0,https://www.sportsidioten.no/resultater/ideelle-organisasjoner-holmenkollstafetten-2025/
2025,ideelle organisasjoner,3078,,WWF Verdens Naturfond,13:35,815.0,https://www.sportsidioten.no/resultater/ideelle-organisasjoner-holmenkollstafetten-2025/
2025,ideelle organisasjoner,3030,,PKNN,13:35,815.0,https://www.sportsidioten.no/resultater/ideelle-organisasjoner-holmenkollstafetten-2025/
2025,ideelle organisasjoner,3046,,Norges Vel,13:35,815.0,https://www.sportsidioten.no/resultater/ideelle-organisasjoner-holmenkollstafetten-2025/
2025,ideelle organisasjoner,3079,,Yara Brann,13:35,815.0,https://www.sportsidioten.no/resultater/ideelle-organisasjoner-holmenkollstafetten-2025/
2025,kvinner bedrift,1,3602,PwC xLos Damer (PricewaterhouseCoopers),1:03:35,3815.0,https://www.sportsidioten.no/resultater/kvinner-bedrift-holmenkollstafetten-2025/
2025,kvinner bedrift,2,3603,EY Damer (EY BIL),1:03:50,3830.0,https://www.sportsidioten.no/resultater/kvinner-bedrift-holmenkollstafetten-2025/
2025,kvinner bedrift,3,3637,Norconsult Kvinner (Norconsult Norge AS),1:04:44,3884.0,https://www.sportsidioten.no/resultater/kvinner-bedrift-holmenkollstafetten-2025/
2025,kvinner bedrift,4,3604,Deloitte Kvinner Elite (Deloitte BIL),1:06:42,4002.0,https://www.sportsidioten.no/resultater/kvinner-bedrift-holmenkollstafetten-2025/
2025,kvinner bedrift,5,3634,KPMG AS Elite Damer (KPMG AS),1:08:18,4098.0,https://www.sportsidioten.no/resultater/kvinner-bedrift-holmenkollstafetten-2025/
2025,kvinner bedrift,6,3612,Statnett BIL Kvinner (Statnett SF),1:09:01,4141.0,https://www.sportsidioten.no/resultater/kvinner-bedrift-holmenkollstafetten-2025/
2025,kvinner bedrift,7,3638,Multiconsult damer (Multiconsult Norge AS),1:09:18,4158.0,https://www.sportsidioten.no/resultater/kvinner-bedrift-holmenkollstafetten-2025/
2025,kvinner bedrift,8,3606,Oslo Politis Idrettslag (Oslo Politidistrikt),1:09:26,4166.0,https://www.sportsidioten.no/resultater/kvinner-bedrift-holmenkollstafetten-2025/
2025,kvinner bedrift,9,3640,DNB Bil Elite 3 (DNB),1:09:33,4173.0,https://www.sportsidioten.no/resultater/kvinner-bedrift-holmenkollstafetten-2025/
2025,kvinner bedrift,10,3607,Advokatfirmaet Haavind – Kvinner Elite (Advokatfirmaet Haavind AS),1:10:16,4216.0,https://www.sportsidioten.no/resultater/kvinner-bedrift-holmenkollstafetten-2025/
2025,kvinner bedrift,11,3653,BDO Elite Kvinner (BDO),1:11:06,4266.0,https://www.sportsidioten.no/resultater/kvinner-bedrift-holmenkollstafetten-2025/
2025,kvinner bedrift,12,3621,Advokatfirmaet Wiersholm 1 (Advokatfirmaet Wiersholm),1:11:45,4305.0,https://www.sportsidioten.no/resultater/kvinner-bedrift-holmenkollstafetten-2025/
2025,kvinner bedrift,13,3645,Capgemini 4 (Capgemini),1:14:11,4451.0,https://www.sportsidioten.no/resultater/kvinner-bedrift-holmenkollstafetten-2025/
2025,kvinner bedrift,14,3609,Intility K1 (Intility AS),1:15:02,4502.0,https://www.sportsidioten.no/resultater/kvinner-bedrift-holmenkollstafetten-2025/
2025,kvinner bedrift,15,3614,Bergenslærerne,1:15:37,4537.0,https://www.sportsidioten.no/resultater/kvinner-bedrift-holmenkollstafetten-2025/
2025,kvinner bedrift,16,3641,Rystad Energy Wind (Rystad Energy),1:15:38,4538.0,https://www.sportsidioten.no/resultater/kvinner-bedrift-holmenkollstafetten-2025/
2025,kvinner bedrift,17,3611,Equinor All Girls (Equinor),1:15:42,4542.0,https://www.sportsidioten.no/resultater/kvinner-bedrift-holmenkollstafetten-2025/
2025,kvinner bedrift,18,3605,Caretec Bardujentene,1:16:06,4566.0,https://www.sportsidioten.no/resultater/kvinner-bedrift-holmenkollstafetten-2025/
2025,kvinner bedrift,19,3628,Storebrand 22 (Storebrand),1:16:43,4603.0,https://www.sportsidioten.no/resultater/kvinner-bedrift-holmenkollstafetten-2025/
2025,kvinner bedrift,20,3636,Accenture 7 (Accenture),1:16:59,4619.0,https://www.sportsidioten.no/resultater/kvinner-bedrift-holmenkollstafetten-2025/
2025,kvinner bedrift,21,3616,SINTEF Løpejentene (SINTEF AS),1:18:18,4698.0,https://www.sportsidioten.no/resultater/kvinner-bedrift-holmenkollstafetten-2025/
2025,kvinner bedrift,22,3619,Arkwright Consulting 3 (Arkwright Consulting),1:18:20,4700.0,https://www.sportsidioten.no/resultater/kvinner-bedrift-holmenkollstafetten-2025/
2025,kvinner bedrift,23,3610,AF Gruppen Kvinner (AF Gruppen),1:19:19,4759.0,https://www.sportsidioten.no/resultater/kvinner-bedrift-holmenkollstafetten-2025/
2025,kvinner bedrift,24,3652,Å Energi BIL 2 (Å Energi),1:20:26,4826.0,https://www.sportsidioten.no/resultater/kvinner-bedrift-holmenkollstafetten-2025/
2025,kvinner bedrift,25,3644,TINE YT Damer (TINE SA),1:20:26,4826.0,https://www.sportsidioten.no/resultater/kvinner-bedrift-holmenkollstafetten-2025/
2025,kvinner bedrift,26,3649,Veritas BIL 2 (Det Norske Veritas),1:20:59,4859.0,https://www.sportsidioten.no/resultater/kvinner-bedrift-holmenkollstafetten-2025/
2025,kvinner bedrift,27,3618,Pareto Securities Kvinner (Pareto Securities),1:22:06,4926.0,https://www.sportsidioten.no/resultater/kvinner-bedrift-holmenkollstafetten-2025/
2025,kvinner bedrift,28,3608,St Olavs Hospital,1:23:35,5015.0,https://www.sportsidioten.no/resultater/kvinner-bedrift-holmenkollstafetten-2025/
2025,kvinner bedrift,29,3635,Lag 1 2 (Posten & Bring BIL Oslo),1:23:37,5017.0,https://www.sportsidioten.no/resultater/kvinner-bedrift-holmenkollstafetten-2025/
2025,kvinner bedrift,30,3620,Computas Kvinner (COMPUTAS AS),1:24:41,5081.0,https://www.sportsidioten.no/resultater/kvinner-bedrift-holmenkollstafetten-2025/
2025,kvinner bedrift,31,3643,Intility K3 (Intility AS),1:25:00,5100.0,https://www.sportsidioten.no/resultater/kvinner-bedrift-holmenkollstafetten-2025/
2025,kvinner bedrift,32,3624,COWI BIL OSLO 5 (COWI BIL OSLO),1:25:31,5131.0,https://www.sportsidioten.no/resultater/kvinner-bedrift-holmenkollstafetten-2025/
2025,kvinner bedrift,33,3601,Handelsbanken 8 (Handelsbanken),1:26:06,5166.0,https://www.sportsidioten.no/resultater/kvinner-bedrift-holmenkollstafetten-2025/
2025,kvinner bedrift,34,3650,Infeksjonskrigerne (Infeksjon Ullevål sykehus),1:27:00,5220.0,https://www.sportsidioten.no/resultater/kvinner-bedrift-holmenkollstafetten-2025/
2025,kvinner bedrift,35,3623,Føden Rikshospitalet,1:28:29,5309.0,https://www.sportsidioten.no/resultater/kvinner-bedrift-holmenkollstafetten-2025/
2025,kvinner bedrift,36,3626,"Sykepleierlaget Barneavdelingen Drammen (Vestre Viken Barneavdelingen, Sykerpleierlaget)",1:28:57,5337.0,https://www.sportsidioten.no/resultater/kvinner-bedrift-holmenkollstafetten-2025/
2025,kvinner bedrift,37,3633,LUIsvett 2 (OsloMet – LUI),1:31:29,5489.0,https://www.sportsidioten.no/resultater/kvinner-bedrift-holmenkollstafetten-2025/
2025,kvinner bedrift,38,3622,NGI Damer (Norges Geotekniske Institutt AS),1:32:02,5522.0,https://www.sportsidioten.no/resultater/kvinner-bedrift-holmenkollstafetten-2025/
2025,kvinner bedrift,39,3646,Gynekologisk poliklinikk- Anonymus (Kvinneklinikken OUS- Gynekologisk poliklinikk),1:33:13,5593.0,https://www.sportsidioten.no/resultater/kvinner-bedrift-holmenkollstafetten-2025/
2025,kvinner bedrift,40,3627,Team FOLLESTAD DAME (Follestad trend AS),1:33:45,5625.0,https://www.sportsidioten.no/resultater/kvinner-bedrift-holmenkollstafetten-2025/
2025,kvinner bedrift,41,3630,Bane NOR Jentelaget (Bane NOR),1:33:52,5632.0,https://www.sportsidioten.no/resultater/kvinner-bedrift-holmenkollstafetten-2025/
2025,kvinner bedrift,42,3631,Operasjonssykepleierne SOP Ahus (Akershus universitetssykehus),1:35:39,5739.0,https://www.sportsidioten.no/resultater/kvinner-bedrift-holmenkollstafetten-2025/
2025,kvinner bedrift,43,3647,Høyer Byporten x Storo (Høyer Byporten & Storo),1:36:51,5811.0,https://www.sportsidioten.no/resultater/kvinner-bedrift-holmenkollstafetten-2025/
2025,kvinner bedrift,44,3642,Intility K2 (Intility AS),1:36:52,5812.0,https://www.sportsidioten.no/resultater/kvinner-bedrift-holmenkollstafetten-2025/
2025,kvinner bedrift,45,3651,BVT (Lillestrøm barneverntjeneste),1:37:23,5843.0,https://www.sportsidioten.no/resultater/kvinner-bedrift-holmenkollstafetten-2025/
2025,kvinner bedrift,46,3617,Cisco 4 (Cisco),1:38:17,5897.0,https://www.sportsidioten.no/resultater/kvinner-bedrift-holmenkollstafetten-2025/
2025,kvinner bedrift,47,3648,GE HealthCare 3 (GE HealthCare),1:41:36,6096.0,https://www.sportsidioten.no/resultater/kvinner-bedrift-holmenkollstafetten-2025/
2025,kvinner bedrift,48,3625,Anita Systems (Anita Systems AS),1:42:46,6166.0,https://www.sportsidioten.no/resultater/kvinner-bedrift-holmenkollstafetten-2025/
2025,kvinner bedrift,49,3632,TUA Runners (Kongsberg kommune),1:46:37,6397.0,https://www.sportsidioten.no/resultater/kvinner-bedrift-holmenkollstafetten-2025/
2025,kvinner bedrift,50,3629,"Kvinneklinikken, Lillehammer (Sykehuset Innlandet)",1:47:59,6479.0,https://www.sportsidioten.no/resultater/kvinner-bedrift-holmenkollstafetten-2025/
2025,kvinner bedrift,51,3639,"Team NSF, Tinn Kommune (Tinn Kommune, NSF (Norsk sykepleier forbund))",2:02:39,7359.0,https://www.sportsidioten.no/resultater/kvinner-bedrift-holmenkollstafetten-2025/
2025,kvinner elite,1,,Tjalve (),0:57:12,3432.0,https://www.sportsidioten.no/resultater/kvinner-elite-holmenkollstafetten-2025/
2025,kvinner elite,2,,SK Vidar 1 (),0:58:17,3497.0,https://www.sportsidioten.no/resultater/kvinner-elite-holmenkollstafetten-2025/
2025,kvinner elite,3,,Varegg Fleriidrett (),0:59:20,3560.0,https://www.sportsidioten.no/resultater/kvinner-elite-holmenkollstafetten-2025/
2025,kvinner elite,4,,Hälle IF (),0:59:28,3568.0,https://www.sportsidioten.no/resultater/kvinner-elite-holmenkollstafetten-2025/
2025,kvinner elite,5,,Idrottslaget Gular (),0:59:41,3581.0,https://www.sportsidioten.no/resultater/kvinner-elite-holmenkollstafetten-2025/
2025,kvinner elite,6,,Ullensaker/Kisa IL Friidrett (),1:01:26,3686.0,https://www.sportsidioten.no/resultater/kvinner-elite-holmenkollstafetten-2025/
2025,kvinner elite,7,,SK Vidar 2 (),1:01:49,3709.0,https://www.sportsidioten.no/resultater/kvinner-elite-holmenkollstafetten-2025/
2025,kvinner elite,8,,Raumnes & Årnes IL (),1:02:09,3729.0,https://www.sportsidioten.no/resultater/kvinner-elite-holmenkollstafetten-2025/
2025,kvinner elite,9,,IL i BUL (),1:03:19,3799.0,https://www.sportsidioten.no/resultater/kvinner-elite-holmenkollstafetten-2025/
2025,kvinner elite,10,,Tyrving IL 1 (),1:03:29,3809.0,https://www.sportsidioten.no/resultater/kvinner-elite-holmenkollstafetten-2025/
2025,kvinner elite,11,,Sandefjord TIF (),1:04:04,3844.0,https://www.sportsidioten.no/resultater/kvinner-elite-holmenkollstafetten-2025/
2025,kvinner elite,12,,Tullinge friidrott (),1:04:12,3852.0,https://www.sportsidioten.no/resultater/kvinner-elite-holmenkollstafetten-2025/
2025,kvinner elite,13,,Spirit friidrett (),1:04:19,3859.0,https://www.sportsidioten.no/resultater/kvinner-elite-holmenkollstafetten-2025/
2025,kvinner elite,14,,Namdal løpeklubb Elite (),1:04:31,3871.0,https://www.sportsidioten.no/resultater/kvinner-elite-holmenkollstafetten-2025/
2025,kvinner elite,15,,SK Vidar Queens (),1:04:59,3899.0,https://www.sportsidioten.no/resultater/kvinner-elite-holmenkollstafetten-2025/
2025,kvinner elite,16,,Kjelsås Langrenn (),1:05:05,3905.0,https://www.sportsidioten.no/resultater/kvinner-elite-holmenkollstafetten-2025/
2025,kvinner elite,17,,FIK Ren-Eng (),1:05:38,3938.0,https://www.sportsidioten.no/resultater/kvinner-elite-holmenkollstafetten-2025/
2025,kvinner elite,18,,SK Vidar Dreamteam (),1:05:50,3950.0,https://www.sportsidioten.no/resultater/kvinner-elite-holmenkollstafetten-2025/
2025,kvinner elite,19,,Nesodden Idrettsforening (),1:06:13,3973.0,https://www.sportsidioten.no/resultater/kvinner-elite-holmenkollstafetten-2025/
2025,kvinner elite,20,,Lillehammer IF (),1:06:16,3976.0,https://www.sportsidioten.no/resultater/kvinner-elite-holmenkollstafetten-2025/
2025,kvinner junior,1,201,Nittedal IL 2,1:07:35,4055.0,https://www.sportsidioten.no/resultater/kvinner-junior-holmenkollstafetten-2025/
2025,kvinner junior,2,204,Markane IL,1:08:23,4103.0,https://www.sportsidioten.no/resultater/kvinner-junior-holmenkollstafetten-2025/
2025,kvinner junior,3,203,Ullensaker/Kisa IL Friidrett 8,1:08:55,4135.0,https://www.sportsidioten.no/resultater/kvinner-junior-holmenkollstafetten-2025/
2025,kvinner junior,4,207,IK Tjalve,1:09:56,4196.0,https://www.sportsidioten.no/resultater/kvinner-junior-holmenkollstafetten-2025/
2025,kvinner junior,5,205,Heming Langrenn jr 3 (IL Heming),1:10:51,4251.0,https://www.sportsidioten.no/resultater/kvinner-junior-holmenkollstafetten-2025/
2025,kvinner junior,6,202,Team Grenland ski 2,1:12:10,4330.0,https://www.sportsidioten.no/resultater/kvinner-junior-holmenkollstafetten-2025/
2025,kvinner junior,7,206,IL TRY 2 (TRY idrettslag),1:16:35,4595.0,https://www.sportsidioten.no/resultater/kvinner-junior-holmenkollstafetten-2025/
2025,kvinner senior,1,819,BRATSBERG IL 2 (Bratsberg IL),1:04:31,3871.0,https://www.sportsidioten.no/resultater/kvinner-senior-holmenkollstafetten-2025/
2025,kvinner senior,2,803,Team Hedmark Sjusjøen,1:08:04,4084.0,https://www.sportsidioten.no/resultater/kvinner-senior-holmenkollstafetten-2025/
2025,kvinner senior,3,817,Jølster Idrettslag,1:08:33,4113.0,https://www.sportsidioten.no/resultater/kvinner-senior-holmenkollstafetten-2025/
2025,kvinner senior,4,822,Rustad Idrettslag 2 (Rustad IL – Langrenn),1:09:59,4199.0,https://www.sportsidioten.no/resultater/kvinner-senior-holmenkollstafetten-2025/
2025,kvinner senior,5,805,Modum Friidrettsklubb,1:10:24,4224.0,https://www.sportsidioten.no/resultater/kvinner-senior-holmenkollstafetten-2025/
2025,kvinner senior,6,810,Asker Skiklubb 2 (Asker Skiklubb),1:10:40,4240.0,https://www.sportsidioten.no/resultater/kvinner-senior-holmenkollstafetten-2025/
2025,kvinner senior,7,804,LYN SKI,1:10:51,4251.0,https://www.sportsidioten.no/resultater/kvinner-senior-holmenkollstafetten-2025/
2025,kvinner senior,8,809,Svorkmo/NOI 3,1:11:12,4272.0,https://www.sportsidioten.no/resultater/kvinner-senior-holmenkollstafetten-2025/
2025,kvinner senior,9,812,Brandbu IF 2 (Brandbu Idrettsforening),1:11:26,4286.0,https://www.sportsidioten.no/resultater/kvinner-senior-holmenkollstafetten-2025/
2025,kvinner senior,10,816,Ringerike Friidrettsklubb Damer (Ringerike Friidrettsklubb),1:12:21,4341.0,https://www.sportsidioten.no/resultater/kvinner-senior-holmenkollstafetten-2025/
2025,kvinner senior,11,811,Egersund Idrettsklubb 2 (Egersund Idrettsklubb),1:12:46,4366.0,https://www.sportsidioten.no/resultater/kvinner-senior-holmenkollstafetten-2025/
2025,kvinner senior,12,818,Sørild Friidrettsklubb 2,1:13:35,4415.0,https://www.sportsidioten.no/resultater/kvinner-senior-holmenkollstafetten-2025/
2025,kvinner senior,13,802,Bjerkreim IL 1,1:13:43,4423.0,https://www.sportsidioten.no/resultater/kvinner-senior-holmenkollstafetten-2025/
2025,kvinner senior,14,806,Aurskog-Høland Friidrettslag,1:14:01,4441.0,https://www.sportsidioten.no/resultater/kvinner-senior-holmenkollstafetten-2025/
2025,kvinner senior,15,815,Gloppen Friidrettslag 3,1:14:08,4448.0,https://www.sportsidioten.no/resultater/kvinner-senior-holmenkollstafetten-2025/
2025,kvinner senior,16,820,GTI Friidrettsklubb 2 (GTI Friidrettsklubb),1:21:58,4918.0,https://www.sportsidioten.no/resultater/kvinner-senior-holmenkollstafetten-2025/
2025,kvinner senior,17,813,Kvæfjord IL Friidrett Kvinner,1:23:20,5000.0,https://www.sportsidioten.no/resultater/kvinner-senior-holmenkollstafetten-2025/
2025,kvinner senior,18,814,Øyer-Tretten 2,1:24:21,5061.0,https://www.sportsidioten.no/resultater/kvinner-senior-holmenkollstafetten-2025/
2025,kvinner senior,19,807,Bjerkreim IL 2,1:26:06,5166.0,https://www.sportsidioten.no/resultater/kvinner-senior-holmenkollstafetten-2025/
2025,kvinner senior,20,808,IL Nordlys Karasjok,1:29:50,5390.0,https://www.sportsidioten.no/resultater/kvinner-senior-holmenkollstafetten-2025/
2025,kvinner studenter,1,1002,Placebo Løpeklubb,1:07:22,4042.0,https://www.sportsidioten.no/resultater/kvinner-studenter-holmenkollstafetten-2025/
2025,kvinner studenter,2,1001,OSI Friidrett K (OSI Friidrett),1:07:25,4045.0,https://www.sportsidioten.no/resultater/kvinner-studenter-holmenkollstafetten-2025/
2025,kvinner studenter,3,1004,Lovstafetten Oslo 2,1:08:21,4101.0,https://www.sportsidioten.no/resultater/kvinner-studenter-holmenkollstafetten-2025/
2025,kvinner studenter,4,5890,TEAM BDO NHHS Dame (BDO AS),1:08:29,4109.0,https://www.sportsidioten.no/resultater/kvinner-studenter-holmenkollstafetten-2025/
2025,kvinner studenter,5,1005,Baktroppen (Studenter),1:23:38,5018.0,https://www.sportsidioten.no/resultater/kvinner-studenter-holmenkollstafetten-2025/
2025,kvinner studenter,6,1006,nasty nurses (studentlag),1:32:17,5537.0,https://www.sportsidioten.no/resultater/kvinner-studenter-holmenkollstafetten-2025/
2025,kvinner superveteran,1,603,If Hellas 2,1:19:20,4760.0,https://www.sportsidioten.no/resultater/kvinner-superveteran-holmenkollstafetten-2025/
2025,kvinner superveteran,2,604,Rustad Idrettslag 3 (Rustad IL – Langrenn),1:21:47,4907.0,https://www.sportsidioten.no/resultater/kvinner-superveteran-holmenkollstafetten-2025/
2025,kvinner superveteran,3,602,idrettslaget Jutul,1:27:54,5274.0,https://www.sportsidioten.no/resultater/kvinner-superveteran-holmenkollstafetten-2025/
2025,kvinner veteran bedrift,1,3801,DNB Bil Elite 4 (DNB),1:17:01,4621.0,https://www.sportsidioten.no/resultater/kvinner-veteran-bedrift-holmenkollstafetten-2025/
2025,kvinner veteran bedrift,2,3802,Nydalen helsestasjon- og skolehelsetjeneste,1:35:07,5707.0,https://www.sportsidioten.no/resultater/kvinner-veteran-bedrift-holmenkollstafetten-2025/
2025,kvinner veteran,1,406,SK Vidar Veteran K (Sportsklubben Vidar),1:08:22,4102.0,https://www.sportsidioten.no/resultater/kvinner-veteran-holmenkollstafetten-2025/
2025,kvinner veteran,2,405,Lillehammer IF 4,1:09:38,4178.0,https://www.sportsidioten.no/resultater/kvinner-veteran-holmenkollstafetten-2025/
2025,kvinner veteran,3,404,Spirit friidrett,1:09:50,4190.0,https://www.sportsidioten.no/resultater/kvinner-veteran-holmenkollstafetten-2025/
2025,kvinner veteran,4,408,Ullensaker/Kisa IL Friidrett 9,1:10:57,4257.0,https://www.sportsidioten.no/resultater/kvinner-veteran-holmenkollstafetten-2025/
2025,kvinner veteran,5,401,Heming Veterandamer (IL Heming),1:12:54,4374.0,https://www.sportsidioten.no/resultater/kvinner-veteran-holmenkollstafetten-2025/
2025,kvinner veteran,6,407,Sankthanshaugen løpeklubb 4 (Sankthanshaugen løpeklubb),1:15:39,4539.0,https://www.sportsidioten.no/resultater/kvinner-veteran-holmenkollstafetten-2025/
2025,kvinner veteran,7,402,If Hellas 1,1:22:49,4969.0,https://www.sportsidioten.no/resultater/kvinner-veteran-holmenkollstafetten-2025/
2025,menn bedrift,1,3201,EY Herrer (EY),0:51:38,3098.0,https://www.sportsidioten.no/resultater/menn-bedrift-holmenkollstafetten-2025/
2025,menn bedrift,2,3203,Deloitte Herrer Elite (Deloitte BIL),0:52:51,3171.0,https://www.sportsidioten.no/resultater/menn-bedrift-holmenkollstafetten-2025/
2025,menn bedrift,3,3202,PwC xLos Herrer (PricewaterhouseCoopers),0:53:07,3187.0,https://www.sportsidioten.no/resultater/menn-bedrift-holmenkollstafetten-2025/
2025,menn bedrift,4,3258,Norconsult Herrer (Norconsult Norge AS),0:53:31,3211.0,https://www.sportsidioten.no/resultater/menn-bedrift-holmenkollstafetten-2025/
2025,menn bedrift,5,3205,Pareto Securities 1 (Pareto Securities),0:53:56,3236.0,https://www.sportsidioten.no/resultater/menn-bedrift-holmenkollstafetten-2025/
2025,menn bedrift,6,3204,DNB Bil Elite 1 (DNB),0:54:56,3296.0,https://www.sportsidioten.no/resultater/menn-bedrift-holmenkollstafetten-2025/
2025,menn bedrift,7,3230,Multiconsult herrer (Multiconsult Norge AS),0:55:04,3304.0,https://www.sportsidioten.no/resultater/menn-bedrift-holmenkollstafetten-2025/
2025,menn bedrift,8,3271,Skanska Aktiv Elitelaget (Skanska Norge AS),0:55:12,3312.0,https://www.sportsidioten.no/resultater/menn-bedrift-holmenkollstafetten-2025/
2025,menn bedrift,9,3213,KPMG AS Elite Herrer (KPMG AS),0:55:16,3316.0,https://www.sportsidioten.no/resultater/menn-bedrift-holmenkollstafetten-2025/
2025,menn bedrift,10,3206,Rystad Energy Power (Rystad Energy),0:55:40,3340.0,https://www.sportsidioten.no/resultater/menn-bedrift-holmenkollstafetten-2025/
2025,menn bedrift,11,3272,McKinsey & Company 4 (McKinsey & Company),0:56:28,3388.0,https://www.sportsidioten.no/resultater/menn-bedrift-holmenkollstafetten-2025/
2025,menn bedrift,12,3290,BDO Elite Menn (BDO AS),0:56:46,3406.0,https://www.sportsidioten.no/resultater/menn-bedrift-holmenkollstafetten-2025/
2025,menn bedrift,13,3264,ABG Sundal Collier 2 (ABG Sundal Collier),0:56:58,3418.0,https://www.sportsidioten.no/resultater/menn-bedrift-holmenkollstafetten-2025/
2025,menn bedrift,14,3212,Arkwright Consulting 1 (Arkwright Consulting),0:57:00,3420.0,https://www.sportsidioten.no/resultater/menn-bedrift-holmenkollstafetten-2025/
2025,menn bedrift,15,3209,Statnett BIL Menn (Statnett SF),0:57:20,3440.0,https://www.sportsidioten.no/resultater/menn-bedrift-holmenkollstafetten-2025/
2025,menn bedrift,16,3207,Intility M1 (Intility AS),0:57:27,3447.0,https://www.sportsidioten.no/resultater/menn-bedrift-holmenkollstafetten-2025/
2025,menn bedrift,17,3278,Statkraft Runners (Statkraft),0:57:53,3473.0,https://www.sportsidioten.no/resultater/menn-bedrift-holmenkollstafetten-2025/
2025,menn bedrift,18,3233,Storebrand 21 (Storebrand),0:58:45,3525.0,https://www.sportsidioten.no/resultater/menn-bedrift-holmenkollstafetten-2025/
2025,menn bedrift,19,3256,Accenture 6 (Accenture),0:59:09,3549.0,https://www.sportsidioten.no/resultater/menn-bedrift-holmenkollstafetten-2025/
2025,menn bedrift,20,3214,AF Gruppen Herrer (AF Gruppen),0:59:21,3561.0,https://www.sportsidioten.no/resultater/menn-bedrift-holmenkollstafetten-2025/
2025,menn bedrift,21,3276,Capgemini 3 (Capgemini),1:00:03,3603.0,https://www.sportsidioten.no/resultater/menn-bedrift-holmenkollstafetten-2025/
2025,menn bedrift,22,3208,TINE YT (TINE SA),1:00:39,3639.0,https://www.sportsidioten.no/resultater/menn-bedrift-holmenkollstafetten-2025/
2025,menn bedrift,23,3288,Team Coop Elite (Coop Norge),1:01:42,3702.0,https://www.sportsidioten.no/resultater/menn-bedrift-holmenkollstafetten-2025/
2025,menn bedrift,24,3216,Hydro Aktiv – AM (Hydro),1:02:11,3731.0,https://www.sportsidioten.no/resultater/menn-bedrift-holmenkollstafetten-2025/
2025,menn bedrift,25,3234,Rystad Energy Oil (Rystad Energy),1:02:29,3749.0,https://www.sportsidioten.no/resultater/menn-bedrift-holmenkollstafetten-2025/
2025,menn bedrift,26,3257,Telia Herrer Elite (Telia Norge),1:02:58,3778.0,https://www.sportsidioten.no/resultater/menn-bedrift-holmenkollstafetten-2025/
2025,menn bedrift,27,3211,Veritas BIL 1 (Det Norske Veritas),1:03:19,3799.0,https://www.sportsidioten.no/resultater/menn-bedrift-holmenkollstafetten-2025/
2025,menn bedrift,28,3259,Rambøll Menn Elite (Rambøll Norge AS),1:03:35,3815.0,https://www.sportsidioten.no/resultater/menn-bedrift-holmenkollstafetten-2025/
2025,menn bedrift,29,3277,SEB (Skandinaviska Enskilda Banken SEB),1:05:00,3900.0,https://www.sportsidioten.no/resultater/menn-bedrift-holmenkollstafetten-2025/
2025,menn bedrift,30,3215,Silicon Labs Energy Friendly Runners (Silicon labs Norway),1:05:03,3903.0,https://www.sportsidioten.no/resultater/menn-bedrift-holmenkollstafetten-2025/
2025,menn bedrift,31,3220,Pareto Securities 2 (Pareto Securities),1:05:09,3909.0,https://www.sportsidioten.no/resultater/menn-bedrift-holmenkollstafetten-2025/
2025,menn bedrift,32,3218,Intility M2 (Intility AS),1:05:52,3952.0,https://www.sportsidioten.no/resultater/menn-bedrift-holmenkollstafetten-2025/
2025,menn bedrift,33,3224,Computas Herrer (COMPUTAS AS),1:05:55,3955.0,https://www.sportsidioten.no/resultater/menn-bedrift-holmenkollstafetten-2025/
2025,menn bedrift,34,3226,Pareto Securities 3 (Pareto Securities),1:06:06,3966.0,https://www.sportsidioten.no/resultater/menn-bedrift-holmenkollstafetten-2025/
2025,menn bedrift,35,3219,COWI BIL OSLO 3 (COWI BIL OSLO),1:06:24,3984.0,https://www.sportsidioten.no/resultater/menn-bedrift-holmenkollstafetten-2025/
2025,menn bedrift,36,3217,NGI Herrer (Norges Geotekniske Institutt AS),1:07:33,4053.0,https://www.sportsidioten.no/resultater/menn-bedrift-holmenkollstafetten-2025/
2025,menn bedrift,37,3267,Handelsbanken 7 (Handelsbanken),1:09:03,4143.0,https://www.sportsidioten.no/resultater/menn-bedrift-holmenkollstafetten-2025/
2025,menn bedrift,38,3243,Arkwright Consulting 2 (Arkwright Consulting),1:09:09,4149.0,https://www.sportsidioten.no/resultater/menn-bedrift-holmenkollstafetten-2025/
2025,menn bedrift,39,3251,Summa Equity,1:09:20,4160.0,https://www.sportsidioten.no/resultater/menn-bedrift-holmenkollstafetten-2025/
2025,menn bedrift,40,3255,Mandal Mur&Flis,1:09:48,4188.0,https://www.sportsidioten.no/resultater/menn-bedrift-holmenkollstafetten-2025/
2025,menn bedrift,41,3269,Rystad Energy Hydrogen (Rystad Energy),1:10:27,4227.0,https://www.sportsidioten.no/resultater/menn-bedrift-holmenkollstafetten-2025/
2025,menn bedrift,42,3222,Team Welhaven (Welhaven Rør og Elektro AS),1:10:53,4253.0,https://www.sportsidioten.no/resultater/menn-bedrift-holmenkollstafetten-2025/
2025,menn bedrift,43,3210,Å Energi BIL 1 (Å Energi),1:11:29,4289.0,https://www.sportsidioten.no/resultater/menn-bedrift-holmenkollstafetten-2025/
2025,menn bedrift,44,3244,Amedia Annonse,1:11:58,4318.0,https://www.sportsidioten.no/resultater/menn-bedrift-holmenkollstafetten-2025/
2025,menn bedrift,45,3232,COWI BIL OSLO 4 (COWI BIL OSLO),1:12:18,4338.0,https://www.sportsidioten.no/resultater/menn-bedrift-holmenkollstafetten-2025/
2025,menn bedrift,46,3239,Eker Design (Eker Design AS),1:12:58,4378.0,https://www.sportsidioten.no/resultater/menn-bedrift-holmenkollstafetten-2025/
2025,menn bedrift,47,3263,SSY (SSY Oslo),1:13:39,4419.0,https://www.sportsidioten.no/resultater/menn-bedrift-holmenkollstafetten-2025/
2025,menn bedrift,48,3227,Tømrermester Jo Morten Hagen,1:13:51,4431.0,https://www.sportsidioten.no/resultater/menn-bedrift-holmenkollstafetten-2025/
2025,menn bedrift,49,3273,Intility M6 (Intility AS),1:14:03,4443.0,https://www.sportsidioten.no/resultater/menn-bedrift-holmenkollstafetten-2025/
2025,menn bedrift,50,3268,LY Entreprenør AS,1:14:03,4443.0,https://www.sportsidioten.no/resultater/menn-bedrift-holmenkollstafetten-2025/
2025,menn bedrift,51,3284,Pareto Securities 4 (Pareto Securities),1:14:15,4455.0,https://www.sportsidioten.no/resultater/menn-bedrift-holmenkollstafetten-2025/
2025,menn bedrift,52,3279,Trailblazers (Like IT AS),1:14:22,4462.0,https://www.sportsidioten.no/resultater/menn-bedrift-holmenkollstafetten-2025/
2025,menn bedrift,53,3274,Intility M7 (Intility AS),1:14:37,4477.0,https://www.sportsidioten.no/resultater/menn-bedrift-holmenkollstafetten-2025/
2025,menn bedrift,54,3235,EDA Elektro Data Romerike AS,1:14:59,4499.0,https://www.sportsidioten.no/resultater/menn-bedrift-holmenkollstafetten-2025/
2025,menn bedrift,55,3270,Rystad Energy Solar (Rystad Energy),1:15:12,4512.0,https://www.sportsidioten.no/resultater/menn-bedrift-holmenkollstafetten-2025/
2025,menn bedrift,56,3236,Rørleggerhuset 2025 (Rørleggerhuset AS),1:15:23,4523.0,https://www.sportsidioten.no/resultater/menn-bedrift-holmenkollstafetten-2025/
2025,menn bedrift,57,3261,Team Pon 2 (Pon Equipment og Pon Power),1:15:58,4558.0,https://www.sportsidioten.no/resultater/menn-bedrift-holmenkollstafetten-2025/
2025,menn bedrift,58,3275,Intility M8 (Intility AS),1:16:48,4608.0,https://www.sportsidioten.no/resultater/menn-bedrift-holmenkollstafetten-2025/
2025,menn bedrift,59,3613,Marstrand AS,1:16:52,4612.0,https://www.sportsidioten.no/resultater/menn-bedrift-holmenkollstafetten-2025/
2025,menn bedrift,60,3221,Nokas (Nokas Verdihåndtering AS),1:17:29,4649.0,https://www.sportsidioten.no/resultater/menn-bedrift-holmenkollstafetten-2025/
2025,menn bedrift,61,3238,Intility M5 (Intility AS),1:17:34,4654.0,https://www.sportsidioten.no/resultater/menn-bedrift-holmenkollstafetten-2025/
2025,menn bedrift,62,3240,Intility M3 (Intility AS),1:17:38,4658.0,https://www.sportsidioten.no/resultater/menn-bedrift-holmenkollstafetten-2025/
2025,menn bedrift,63,3260,Marlink Eik teleport (Marlink eik teleport),1:17:48,4668.0,https://www.sportsidioten.no/resultater/menn-bedrift-holmenkollstafetten-2025/
2025,menn bedrift,64,3283,Cache Us If You Can (Secloud AS),1:17:52,4672.0,https://www.sportsidioten.no/resultater/menn-bedrift-holmenkollstafetten-2025/
2025,menn bedrift,65,3223,FLYT ENTREPRENØR AS (Flyt Entreprenør AS),1:18:20,4700.0,https://www.sportsidioten.no/resultater/menn-bedrift-holmenkollstafetten-2025/
2025,menn bedrift,66,3225,Intility M4 (Intility AS),1:18:51,4731.0,https://www.sportsidioten.no/resultater/menn-bedrift-holmenkollstafetten-2025/
2025,menn bedrift,67,3228,EDA Oslo (EDA Elektro Data Oslo AS),1:19:17,4757.0,https://www.sportsidioten.no/resultater/menn-bedrift-holmenkollstafetten-2025/
2025,menn bedrift,68,3281,GE HealthCare 2 (GE HealthCare),1:19:46,4786.0,https://www.sportsidioten.no/resultater/menn-bedrift-holmenkollstafetten-2025/
2025,menn bedrift,69,3231,IdrettsPilotene (Prosesspilotene),1:19:51,4791.0,https://www.sportsidioten.no/resultater/menn-bedrift-holmenkollstafetten-2025/
2025,menn bedrift,70,3280,Photoncycle (Photoncycle AS),1:21:02,4862.0,https://www.sportsidioten.no/resultater/menn-bedrift-holmenkollstafetten-2025/
2025,menn bedrift,71,3266,OBOS Eiendomsforvaltning (OBOS),1:22:16,4936.0,https://www.sportsidioten.no/resultater/menn-bedrift-holmenkollstafetten-2025/
2025,menn bedrift,72,3286,Fugro 2 (Fugro Norway AS),1:22:42,4962.0,https://www.sportsidioten.no/resultater/menn-bedrift-holmenkollstafetten-2025/
2025,menn bedrift,73,3229,Mr fug (Mr fug as),1:24:36,5076.0,https://www.sportsidioten.no/resultater/menn-bedrift-holmenkollstafetten-2025/
2025,menn bedrift,74,3252,Møller Bil Kalbakken,1:24:50,5090.0,https://www.sportsidioten.no/resultater/menn-bedrift-holmenkollstafetten-2025/
2025,menn bedrift,75,3237,Statement,1:25:10,5110.0,https://www.sportsidioten.no/resultater/menn-bedrift-holmenkollstafetten-2025/
2025,menn bedrift,76,3265,EBR ELEKTRO AS,1:25:38,5138.0,https://www.sportsidioten.no/resultater/menn-bedrift-holmenkollstafetten-2025/
2025,menn bedrift,77,3242,NORE BIL (Statkraft Nore bil),1:26:07,5167.0,https://www.sportsidioten.no/resultater/menn-bedrift-holmenkollstafetten-2025/
2025,menn bedrift,78,3254,ikkebarejobb (Kongsberg Defense & Aerospace),1:26:23,5183.0,https://www.sportsidioten.no/resultater/menn-bedrift-holmenkollstafetten-2025/
2025,menn bedrift,79,3245,De raske menn fra Lambertseter (Lambertseter vgs),1:26:39,5199.0,https://www.sportsidioten.no/resultater/menn-bedrift-holmenkollstafetten-2025/
2025,menn bedrift,80,3248,Team Memo (Memo Elektro AS),1:27:21,5241.0,https://www.sportsidioten.no/resultater/menn-bedrift-holmenkollstafetten-2025/
2025,menn bedrift,81,3249,Fugro 1 (Fugro Norway AS),1:27:45,5265.0,https://www.sportsidioten.no/resultater/menn-bedrift-holmenkollstafetten-2025/
2025,menn bedrift,82,3250,Sony Super Sonics (Sony Nordic Norway),1:30:45,5445.0,https://www.sportsidioten.no/resultater/menn-bedrift-holmenkollstafetten-2025/
2025,menn bedrift,83,3253,Elis mosjonister (Elis Norge AS),1:31:41,5501.0,https://www.sportsidioten.no/resultater/menn-bedrift-holmenkollstafetten-2025/
2025,menn bedrift,84,3282,Rokea Gruppen (Rokea Gruppen AS),1:33:02,5582.0,https://www.sportsidioten.no/resultater/menn-bedrift-holmenkollstafetten-2025/
2025,menn bedrift,85,3247,Røhneselmer Lillestrøm (røhneselmer AS),1:35:42,5742.0,https://www.sportsidioten.no/resultater/menn-bedrift-holmenkollstafetten-2025/
2025,menn bedrift,86,3262,H/S Elektro A/S,1:40:44,6044.0,https://www.sportsidioten.no/resultater/menn-bedrift-holmenkollstafetten-2025/
2025,menn elite,1,,Ullensaker/Kisa IL Friidrett 1 (),0:48:59,2939.0,https://www.sportsidioten.no/resultater/menn-elite-holmenkollstafetten-2025/
2025,menn elite,2,,Tjalve (),0:49:06,2946.0,https://www.sportsidioten.no/resultater/menn-elite-holmenkollstafetten-2025/
2025,menn elite,3,,Idrottslaget Gular (),0:49:56,2996.0,https://www.sportsidioten.no/resultater/menn-elite-holmenkollstafetten-2025/
2025,menn elite,4,,Hälle IF 1 (),0:49:58,2998.0,https://www.sportsidioten.no/resultater/menn-elite-holmenkollstafetten-2025/
2025,menn elite,5,,SK Vidar 1 (),0:50:50,3050.0,https://www.sportsidioten.no/resultater/menn-elite-holmenkollstafetten-2025/
2025,menn elite,6,,IL i BUL (),0:50:53,3053.0,https://www.sportsidioten.no/resultater/menn-elite-holmenkollstafetten-2025/
2025,menn elite,7,,Jølster IL (),0:51:23,3083.0,https://www.sportsidioten.no/resultater/menn-elite-holmenkollstafetten-2025/
2025,menn elite,8,,IL Gneist (),0:51:38,3098.0,https://www.sportsidioten.no/resultater/menn-elite-holmenkollstafetten-2025/
2025,menn elite,9,,Svorkmo/NOI 1 (),0:52:14,3134.0,https://www.sportsidioten.no/resultater/menn-elite-holmenkollstafetten-2025/
2025,menn elite,10,,Mosvik IL Friidrett (),0:52:17,3137.0,https://www.sportsidioten.no/resultater/menn-elite-holmenkollstafetten-2025/
2025,menn elite,11,,Kjelsås Langrenn (),0:52:39,3159.0,https://www.sportsidioten.no/resultater/menn-elite-holmenkollstafetten-2025/
2025,menn elite,12,,SK Vidar 2 (),0:52:44,3164.0,https://www.sportsidioten.no/resultater/menn-elite-holmenkollstafetten-2025/
2025,menn elite,13,,Varegg Fleriidrett 1 (),0:52:45,3165.0,https://www.sportsidioten.no/resultater/menn-elite-holmenkollstafetten-2025/
2025,menn elite,14,,Namdal løpeklubb Elite 1 (),0:53:09,3189.0,https://www.sportsidioten.no/resultater/menn-elite-holmenkollstafetten-2025/
2025,menn elite,15,,Heming Elite (),0:53:13,3193.0,https://www.sportsidioten.no/resultater/menn-elite-holmenkollstafetten-2025/
2025,menn elite,16,,Lillehammer IF (),0:53:20,3200.0,https://www.sportsidioten.no/resultater/menn-elite-holmenkollstafetten-2025/
2025,menn elite,17,,IF Kamp/Vestheim (),0:53:22,3202.0,https://www.sportsidioten.no/resultater/menn-elite-holmenkollstafetten-2025/
2025,menn elite,18,,FIK Ren-Eng (),0:53:35,3215.0,https://www.sportsidioten.no/resultater/menn-elite-holmenkollstafetten-2025/
2025,menn elite,19,,RINDAL IL (),0:53:43,3223.0,https://www.sportsidioten.no/resultater/menn-elite-holmenkollstafetten-2025/
2025,menn junior,1,1607,Ullensaker/Kisa IL Friidrett 3,0:55:56,3356.0,https://www.sportsidioten.no/resultater/menn-junior-holmenkollstafetten-2025/
2025,menn junior,2,1606,Tullinge friidrott 1,0:56:31,3391.0,https://www.sportsidioten.no/resultater/menn-junior-holmenkollstafetten-2025/
2025,menn junior,3,1603,Nittedal IL 1,0:56:41,3401.0,https://www.sportsidioten.no/resultater/menn-junior-holmenkollstafetten-2025/
2025,menn junior,4,1602,IL i BUL,0:57:39,3459.0,https://www.sportsidioten.no/resultater/menn-junior-holmenkollstafetten-2025/
2025,menn junior,5,1604,Team Grenland ski 1,0:59:05,3545.0,https://www.sportsidioten.no/resultater/menn-junior-holmenkollstafetten-2025/
2025,menn junior,6,1611,IK Tjalve,1:00:25,3625.0,https://www.sportsidioten.no/resultater/menn-junior-holmenkollstafetten-2025/
2025,menn junior,7,1610,IL TRY 1 (TRY idrettslag),1:00:53,3653.0,https://www.sportsidioten.no/resultater/menn-junior-holmenkollstafetten-2025/
2025,menn junior,8,1601,Heming Langrenn jr 1 (IL Heming),1:01:17,3677.0,https://www.sportsidioten.no/resultater/menn-junior-holmenkollstafetten-2025/
2025,menn junior,9,1608,Ullensaker/Kisa IL Friidrett 4,1:01:48,3708.0,https://www.sportsidioten.no/resultater/menn-junior-holmenkollstafetten-2025/
2025,menn junior,10,1609,Heming Langrenn jr 2 (IL Heming),1:03:48,3828.0,https://www.sportsidioten.no/resultater/menn-junior-holmenkollstafetten-2025/
2025,menn senior,1,1419,Tyrving IL 2 (Tyrving IL),0:52:47,3167.0,https://www.sportsidioten.no/resultater/menn-senior-holmenkollstafetten-2025/
2025,menn senior,2,1442,Haugesund IL Friidrett,0:53:17,3197.0,https://www.sportsidioten.no/resultater/menn-senior-holmenkollstafetten-2025/
2025,menn senior,3,1432,Spirit friidrett 1,0:53:20,3200.0,https://www.sportsidioten.no/resultater/menn-senior-holmenkollstafetten-2025/
2025,menn senior,4,1444,Ullensaker/Kisa IL Friidrett 2,0:53:47,3227.0,https://www.sportsidioten.no/resultater/menn-senior-holmenkollstafetten-2025/
2025,menn senior,5,1402,Steinkjer Friidrettsklubb,0:54:00,3240.0,https://www.sportsidioten.no/resultater/menn-senior-holmenkollstafetten-2025/
2025,menn senior,6,1404,Førde friidrett 1 (Førde friidrett),0:54:00,3240.0,https://www.sportsidioten.no/resultater/menn-senior-holmenkollstafetten-2025/
2025,menn senior,7,1423,Brandbu IF 1 (Brandbu Idrettsforening),0:54:01,3241.0,https://www.sportsidioten.no/resultater/menn-senior-holmenkollstafetten-2025/
2025,menn senior,8,1431,Ogndal IL,0:54:16,3256.0,https://www.sportsidioten.no/resultater/menn-senior-holmenkollstafetten-2025/
2025,menn senior,9,1401,SK Vidar MS 1 (Sportsklubben Vidar),0:54:34,3274.0,https://www.sportsidioten.no/resultater/menn-senior-holmenkollstafetten-2025/
2025,menn senior,10,1424,Asker Skiklubb 1 (Asker Skiklubb),0:55:07,3307.0,https://www.sportsidioten.no/resultater/menn-senior-holmenkollstafetten-2025/
2025,menn senior,11,1429,FIK Orion,0:55:15,3315.0,https://www.sportsidioten.no/resultater/menn-senior-holmenkollstafetten-2025/
2025,menn senior,12,1435,Gloppen Friidrettslag 1,0:55:30,3330.0,https://www.sportsidioten.no/resultater/menn-senior-holmenkollstafetten-2025/
2025,menn senior,13,1441,BRATSBERG IL 1 (Bratsberg IL),0:56:04,3364.0,https://www.sportsidioten.no/resultater/menn-senior-holmenkollstafetten-2025/
2025,menn senior,14,1405,LYN SKI 1 (LYN SKI),0:56:13,3373.0,https://www.sportsidioten.no/resultater/menn-senior-holmenkollstafetten-2025/
2025,menn senior,15,1406,Oppegård IL,0:56:13,3373.0,https://www.sportsidioten.no/resultater/menn-senior-holmenkollstafetten-2025/
2025,menn senior,16,1421,Rustad Idrettslag 1 (Rustad IL – Langrenn),0:56:14,3374.0,https://www.sportsidioten.no/resultater/menn-senior-holmenkollstafetten-2025/
2025,menn senior,17,1407,HSIL Langrenn,0:56:28,3388.0,https://www.sportsidioten.no/resultater/menn-senior-holmenkollstafetten-2025/
2025,menn senior,18,1439,Kristiansand løpeklubb 2 (Kristiansand løpeklubb),0:56:44,3404.0,https://www.sportsidioten.no/resultater/menn-senior-holmenkollstafetten-2025/
2025,menn senior,19,1428,IK Hind,0:56:59,3419.0,https://www.sportsidioten.no/resultater/menn-senior-holmenkollstafetten-2025/
2025,menn senior,20,1403,Hommelvik IL,0:57:18,3438.0,https://www.sportsidioten.no/resultater/menn-senior-holmenkollstafetten-2025/
2025,menn senior,21,1433,Spirit friidrett 2,0:57:40,3460.0,https://www.sportsidioten.no/resultater/menn-senior-holmenkollstafetten-2025/
2025,menn senior,22,1408,Sylling IF 1,0:57:43,3463.0,https://www.sportsidioten.no/resultater/menn-senior-holmenkollstafetten-2025/
2025,menn senior,23,1410,Bøler IF Friidrett,0:58:06,3486.0,https://www.sportsidioten.no/resultater/menn-senior-holmenkollstafetten-2025/
2025,menn senior,24,1440,Sørild Friidrettsklubb 1,0:58:28,3508.0,https://www.sportsidioten.no/resultater/menn-senior-holmenkollstafetten-2025/
2025,menn senior,25,1438,Ringerike Friidrettsklubb Herrer (Ringerike Friidrettsklubb),0:58:39,3519.0,https://www.sportsidioten.no/resultater/menn-senior-holmenkollstafetten-2025/
2025,menn senior,26,1422,Modum Friidrettsklubb,0:58:51,3531.0,https://www.sportsidioten.no/resultater/menn-senior-holmenkollstafetten-2025/
2025,menn senior,27,1417,Sigdal Friidrettsklubb,0:59:00,3540.0,https://www.sportsidioten.no/resultater/menn-senior-holmenkollstafetten-2025/
2025,menn senior,28,1434,SK Vidar MS 2 (Sportsklubben Vidar),0:59:03,3543.0,https://www.sportsidioten.no/resultater/menn-senior-holmenkollstafetten-2025/
2025,menn senior,29,1412,Lillehammer 1990 Elite,0:59:11,3551.0,https://www.sportsidioten.no/resultater/menn-senior-holmenkollstafetten-2025/
2025,menn senior,30,1420,FIK Ren-Eng,0:59:20,3560.0,https://www.sportsidioten.no/resultater/menn-senior-holmenkollstafetten-2025/
2025,menn senior,31,1436,Jølster IL 3 (Jølster Idrettslag- Friidrett),0:59:54,3594.0,https://www.sportsidioten.no/resultater/menn-senior-holmenkollstafetten-2025/
2025,menn senior,32,1446,Ås IL 1,1:00:00,3600.0,https://www.sportsidioten.no/resultater/menn-senior-holmenkollstafetten-2025/
2025,menn senior,33,1413,Undheim IL 1 (Undheim IL),1:00:02,3602.0,https://www.sportsidioten.no/resultater/menn-senior-holmenkollstafetten-2025/
2025,menn senior,34,1411,Aurskog-Høland Friidrettslag (Aurskog Høland Friidrettslag),1:01:23,3683.0,https://www.sportsidioten.no/resultater/menn-senior-holmenkollstafetten-2025/
2025,menn senior,35,1430,Svorkmo/NOI 2,1:01:46,3706.0,https://www.sportsidioten.no/resultater/menn-senior-holmenkollstafetten-2025/
2025,menn senior,36,1445,Spirit friidrett 3.lag (Spirit friidrettsklubb),1:02:38,3758.0,https://www.sportsidioten.no/resultater/menn-senior-holmenkollstafetten-2025/
2025,menn senior,37,1416,GTI Friidrettsklubb 1 (GTI Friidrettsklubb),1:02:47,3767.0,https://www.sportsidioten.no/resultater/menn-senior-holmenkollstafetten-2025/
2025,menn senior,38,1415,Lalm idrettslag,1:02:54,3774.0,https://www.sportsidioten.no/resultater/menn-senior-holmenkollstafetten-2025/
2025,menn senior,39,1426,Egersund Idrettsklubb 1 (Egersund Idrettsklubb),1:03:53,3833.0,https://www.sportsidioten.no/resultater/menn-senior-holmenkollstafetten-2025/
2025,menn senior,40,1414,LYN SKI 2 (LYN SKI),1:04:25,3865.0,https://www.sportsidioten.no/resultater/menn-senior-holmenkollstafetten-2025/
2025,menn senior,41,1418,Bjerkreim IL 1,1:06:09,3969.0,https://www.sportsidioten.no/resultater/menn-senior-holmenkollstafetten-2025/
2025,menn senior,42,1427,Øyer-Tretten 1,1:08:53,4133.0,https://www.sportsidioten.no/resultater/menn-senior-holmenkollstafetten-2025/
2025,menn senior,43,1425,GTI Friidrettsklubb 3 (GTI Friidrettsklubb),1:14:09,4449.0,https://www.sportsidioten.no/resultater/menn-senior-holmenkollstafetten-2025/
2025,menn senior,44,1409,Sylling IF 2 (sylling),1:14:47,4487.0,https://www.sportsidioten.no/resultater/menn-senior-holmenkollstafetten-2025/
2025,menn studenter,1,2402,Placebo Løpeklubb,0:55:02,3302.0,https://www.sportsidioten.no/resultater/menn-studenter-holmenkollstafetten-2025/
2025,menn studenter,2,5900,TEAM BDO NHHS Herre (BDO AS),0:55:37,3337.0,https://www.sportsidioten.no/resultater/menn-studenter-holmenkollstafetten-2025/
2025,menn studenter,3,2410,Janus ski- og løpeklubb,0:56:43,3403.0,https://www.sportsidioten.no/resultater/menn-studenter-holmenkollstafetten-2025/
2025,menn studenter,4,2401,OSI Friidrett M (OSI Friidrett),0:57:12,3432.0,https://www.sportsidioten.no/resultater/menn-studenter-holmenkollstafetten-2025/
2025,menn studenter,5,2407,NMBUI Langrenn 1,1:00:10,3610.0,https://www.sportsidioten.no/resultater/menn-studenter-holmenkollstafetten-2025/
2025,menn studenter,6,2406,Lovstafetten Oslo 1,1:04:38,3878.0,https://www.sportsidioten.no/resultater/menn-studenter-holmenkollstafetten-2025/
2025,menn studenter,7,2405,Team Fagskolen Oslo 1,1:06:21,3981.0,https://www.sportsidioten.no/resultater/menn-studenter-holmenkollstafetten-2025/
2025,menn studenter,8,2408,NMBUI Langrenn 2 (NMBUI Langrenn),1:12:04,4324.0,https://www.sportsidioten.no/resultater/menn-studenter-holmenkollstafetten-2025/
2025,menn studenter,9,2403,De sollandske helte,1:13:43,4423.0,https://www.sportsidioten.no/resultater/menn-studenter-holmenkollstafetten-2025/
2025,menn studenter,10,2409,TEKNA STUDENT NMBU,1:18:31,4711.0,https://www.sportsidioten.no/resultater/menn-studenter-holmenkollstafetten-2025/
2025,menn studenter,11,2404,Team Faskolen Oslo,1:26:47,5207.0,https://www.sportsidioten.no/resultater/menn-studenter-holmenkollstafetten-2025/
2025,menn superveteran,1,1805,Sankthanshaugen løpeklubb 3 (Sankthanshaugen løpeklubb),1:01:14,3674.0,https://www.sportsidioten.no/resultater/menn-superveteran-holmenkollstafetten-2025/
2025,menn superveteran,2,1806,Ullensaker/Kisa IL Friidrett 6,1:03:23,3803.0,https://www.sportsidioten.no/resultater/menn-superveteran-holmenkollstafetten-2025/
2025,menn superveteran,3,1803,Spirit friidrett (Spirit veteran 1.lag),1:04:58,3898.0,https://www.sportsidioten.no/resultater/menn-superveteran-holmenkollstafetten-2025/
2025,menn superveteran,4,2005,Ringerike Friidrettsklubb Veteran (Ringerike Friidrettsklubb),1:06:21,3981.0,https://www.sportsidioten.no/resultater/menn-superveteran-holmenkollstafetten-2025/
2025,menn superveteran,5,1802,SK Vidar Veteran M (Sportsklubben Vidar),1:06:27,3987.0,https://www.sportsidioten.no/resultater/menn-superveteran-holmenkollstafetten-2025/
2025,menn superveteran,6,1801,Rustad IL Langrenn (Rustad Idrettslag),1:07:05,4025.0,https://www.sportsidioten.no/resultater/menn-superveteran-holmenkollstafetten-2025/
2025,menn veteran bedrift,1,3401,EY Menn veteran (EY),1:01:04,3664.0,https://www.sportsidioten.no/resultater/menn-veteran-bedrift-holmenkollstafetten-2025/
2025,menn veteran,1,2004,Spirit friidrett,0:57:23,3443.0,https://www.sportsidioten.no/resultater/menn-veteran-holmenkollstafetten-2025/
2025,menn veteran,2,2003,Sankthanshaugen løpeklubb 2 (Sankthanshaugen løpeklubb),0:58:30,3510.0,https://www.sportsidioten.no/resultater/menn-veteran-holmenkollstafetten-2025/
2025,menn veteran,3,2001,Slevik IL,0:59:57,3597.0,https://www.sportsidioten.no/resultater/menn-veteran-holmenkollstafetten-2025/
2025,menn veteran,4,2002,Heming Veteran (IL Heming),1:00:28,3628.0,https://www.sportsidioten.no/resultater/menn-veteran-holmenkollstafetten-2025/
2025,menn veteran,5,2008,Ullensaker/Kisa IL Friidrett 5,1:03:05,3785.0,https://www.sportsidioten.no/resultater/menn-veteran-holmenkollstafetten-2025/
2025,menn veteran,6,2006,Lillehammer IF 2,1:05:31,3931.0,https://www.sportsidioten.no/resultater/menn-veteran-holmenkollstafetten-2025/
2025,menn veteran,7,2009,Ås IL 2,1:07:22,4042.0,https://www.sportsidioten.no/resultater/menn-veteran-holmenkollstafetten-2025/
2025,menn veteran,8,2007,Kristiansand løpeklubb 3 (Kristiansand løpeklubb),1:07:55,4075.0,https://www.sportsidioten.no/resultater/menn-veteran-holmenkollstafetten-2025/
2025,militaere forlegninger,1,2238,HMKG 1 (Hans Majestet Kongens Garde),0:59:22,3562.0,https://www.sportsidioten.no/resultater/militaere-forlegninger-holmenkollstafetten-2025/
2025,militaere forlegninger,2,2237,FMA HERRER (Forsvarsmateriell),0:59:34,3574.0,https://www.sportsidioten.no/resultater/militaere-forlegninger-holmenkollstafetten-2025/
2025,militaere forlegninger,3,2202,Jegerbataljonen GSV (Forsvaret),0:59:46,3586.0,https://www.sportsidioten.no/resultater/militaere-forlegninger-holmenkollstafetten-2025/
2025,militaere forlegninger,4,2207,Forsvarets høgskole 1 (Forsvaret),0:59:55,3595.0,https://www.sportsidioten.no/resultater/militaere-forlegninger-holmenkollstafetten-2025/
2025,militaere forlegninger,5,2205,Rexim 027 1 (Forsvaret),1:05:32,3932.0,https://www.sportsidioten.no/resultater/militaere-forlegninger-holmenkollstafetten-2025/
2025,militaere forlegninger,6,2241,PANSERBATALJONEN 1,1:05:39,3939.0,https://www.sportsidioten.no/resultater/militaere-forlegninger-holmenkollstafetten-2025/
2025,militaere forlegninger,7,2240,Forsvarsbygg 3 (Forsvarsbygg),1:05:42,3942.0,https://www.sportsidioten.no/resultater/militaere-forlegninger-holmenkollstafetten-2025/
2025,militaere forlegninger,8,2203,Krigsskolen (Forsvaret),1:06:04,3964.0,https://www.sportsidioten.no/resultater/militaere-forlegninger-holmenkollstafetten-2025/
2025,militaere forlegninger,9,2227,CBRNKP (Forsvaret),1:06:06,3966.0,https://www.sportsidioten.no/resultater/militaere-forlegninger-holmenkollstafetten-2025/
2025,militaere forlegninger,10,2206,Mix Cyberkrigere (Forsvaret),1:07:00,4020.0,https://www.sportsidioten.no/resultater/militaere-forlegninger-holmenkollstafetten-2025/
2025,militaere forlegninger,11,2210,Rexim 027 2 (Forsvaret),1:10:57,4257.0,https://www.sportsidioten.no/resultater/militaere-forlegninger-holmenkollstafetten-2025/
2025,militaere forlegninger,12,2209,FHS Befalsskolen (Forsvaret),1:11:14,4274.0,https://www.sportsidioten.no/resultater/militaere-forlegninger-holmenkollstafetten-2025/
2025,militaere forlegninger,13,2223,Rough Riders (Forsvaret),1:11:50,4310.0,https://www.sportsidioten.no/resultater/militaere-forlegninger-holmenkollstafetten-2025/
2025,militaere forlegninger,14,2225,Føniks Sprint (Forsvaret),1:12:28,4348.0,https://www.sportsidioten.no/resultater/militaere-forlegninger-holmenkollstafetten-2025/
2025,militaere forlegninger,15,2228,HSRF 2 (HÆRENS SKOLE FOR REKRUTT OG FAGUTDANNING),1:13:27,4407.0,https://www.sportsidioten.no/resultater/militaere-forlegninger-holmenkollstafetten-2025/
2025,militaere forlegninger,16,2222,Sen verneplikt – raskt offiser (Forsvaret),1:13:44,4424.0,https://www.sportsidioten.no/resultater/militaere-forlegninger-holmenkollstafetten-2025/
2025,militaere forlegninger,17,2208,Derby IL,1:13:53,4433.0,https://www.sportsidioten.no/resultater/militaere-forlegninger-holmenkollstafetten-2025/
2025,militaere forlegninger,18,2201,HSRF 1 (HÆRENS SKOLE FOR REKRUTT OG FAGUTDANNING),1:14:26,4466.0,https://www.sportsidioten.no/resultater/militaere-forlegninger-holmenkollstafetten-2025/
2025,militaere forlegninger,19,2224,130LV (Forsvaret),1:15:02,4502.0,https://www.sportsidioten.no/resultater/militaere-forlegninger-holmenkollstafetten-2025/
2025,militaere forlegninger,20,2231,FMA LAND&FELLES (Forsvarsmateriell),1:15:58,4558.0,https://www.sportsidioten.no/resultater/militaere-forlegninger-holmenkollstafetten-2025/
2025,militaere forlegninger,21,2215,Trenregimentet Rena (Forsvaret),1:17:10,4630.0,https://www.sportsidioten.no/resultater/militaere-forlegninger-holmenkollstafetten-2025/
2025,militaere forlegninger,22,2212,Sanitetsregimentet (Forsvaret),1:17:17,4637.0,https://www.sportsidioten.no/resultater/militaere-forlegninger-holmenkollstafetten-2025/
2025,militaere forlegninger,23,2235,FMA MIX (Forsvarsmateriell),1:17:39,4659.0,https://www.sportsidioten.no/resultater/militaere-forlegninger-holmenkollstafetten-2025/
2025,militaere forlegninger,24,2226,Plan-og Beslutningsetaten (Forsvaret),1:18:04,4684.0,https://www.sportsidioten.no/resultater/militaere-forlegninger-holmenkollstafetten-2025/
2025,militaere forlegninger,25,2219,Team Kolsås (Forsvaret),1:18:59,4739.0,https://www.sportsidioten.no/resultater/militaere-forlegninger-holmenkollstafetten-2025/
2025,militaere forlegninger,26,2217,Team Rygge (Forsvaret),1:19:08,4748.0,https://www.sportsidioten.no/resultater/militaere-forlegninger-holmenkollstafetten-2025/
2025,militaere forlegninger,27,2216,FPVS Hamar (Forsvarets personell- og vernepliktssenter),1:19:16,4756.0,https://www.sportsidioten.no/resultater/militaere-forlegninger-holmenkollstafetten-2025/
2025,militaere forlegninger,28,2229,FMA LUFT 1 (Forsvarsmateriell),1:19:41,4781.0,https://www.sportsidioten.no/resultater/militaere-forlegninger-holmenkollstafetten-2025/
2025,militaere forlegninger,29,2204,FMA GWPL (Forsvarsmateriell),1:20:43,4843.0,https://www.sportsidioten.no/resultater/militaere-forlegninger-holmenkollstafetten-2025/
2025,militaere forlegninger,30,2220,Arkiv og regelverksenheten (Forsvaret),1:21:08,4868.0,https://www.sportsidioten.no/resultater/militaere-forlegninger-holmenkollstafetten-2025/
2025,militaere forlegninger,31,2242,PANSERBATALJONEN 2,1:21:30,4890.0,https://www.sportsidioten.no/resultater/militaere-forlegninger-holmenkollstafetten-2025/
2025,militaere forlegninger,32,2233,FMA AVHENDING (Forsvarsmateriell),1:22:08,4928.0,https://www.sportsidioten.no/resultater/militaere-forlegninger-holmenkollstafetten-2025/
2025,militaere forlegninger,33,2218,Team Kolsås (Forsvaret),1:22:58,4978.0,https://www.sportsidioten.no/resultater/militaere-forlegninger-holmenkollstafetten-2025/
2025,militaere forlegninger,34,2221,Forsvarsstaben 2 (Forsvaret),1:23:09,4989.0,https://www.sportsidioten.no/resultater/militaere-forlegninger-holmenkollstafetten-2025/
2025,militaere forlegninger,35,2234,FMA ANSKAFFELSER (Forsvarsmateriell),1:23:16,4996.0,https://www.sportsidioten.no/resultater/militaere-forlegninger-holmenkollstafetten-2025/
2025,militaere forlegninger,36,2211,Forsvarsstaben 1 (Forsvaret),1:23:31,5011.0,https://www.sportsidioten.no/resultater/militaere-forlegninger-holmenkollstafetten-2025/
2025,militaere forlegninger,37,2230,FMA LUFT 2 (Forsvarsmateriell),1:23:33,5013.0,https://www.sportsidioten.no/resultater/militaere-forlegninger-holmenkollstafetten-2025/
2025,militaere forlegninger,38,2232,FMA IKT (Forsvarsmateriell),1:24:08,5048.0,https://www.sportsidioten.no/resultater/militaere-forlegninger-holmenkollstafetten-2025/
2025,militaere forlegninger,39,2236,FMA DAMER (Forsvarmateriell),1:30:02,5402.0,https://www.sportsidioten.no/resultater/militaere-forlegninger-holmenkollstafetten-2025/
2025,militaere forlegninger,40,2213,Forsvaret kommunikasjon (Forsvaret),1:31:48,5508.0,https://www.sportsidioten.no/resultater/militaere-forlegninger-holmenkollstafetten-2025/
2024,andre lag 55,1,,Rustad IL 1 (),1:08:12,4092.0,https://www.sportsidioten.no/resultater/andre-lag-55-holmenkollstafetten-2024/
2024,andre lag 55,2,,Jølster IL (),1:08:53,4133.0,https://www.sportsidioten.no/resultater/andre-lag-55-holmenkollstafetten-2024/
2024,andre lag 55,3,,Strindheim il 55+ (),1:10:06,4206.0,https://www.sportsidioten.no/resultater/andre-lag-55-holmenkollstafetten-2024/
2024,andre lag 55,4,,Boysegutta Nesodden (),1:17:08,4628.0,https://www.sportsidioten.no/resultater/andre-lag-55-holmenkollstafetten-2024/
2024,andre lag 55,5,,Jølster IL V65 (),1:20:47,4847.0,https://www.sportsidioten.no/resultater/andre-lag-55-holmenkollstafetten-2024/
2024,andre lag 55,6,,Aurskog-Høland Friidrettslag 1 (),1:23:58,5038.0,https://www.sportsidioten.no/resultater/andre-lag-55-holmenkollstafetten-2024/
2024,andre lag 55,7,,I.L. Brosteinskameratene (),1:29:20,5360.0,https://www.sportsidioten.no/resultater/andre-lag-55-holmenkollstafetten-2024/
2024,bedriftslag holmenkollstafetten flertall kvinner 2024,1,,Team Dæhlie Runners (),1:00:24,3624.0,https://www.sportsidioten.no/resultater/bedriftslag-holmenkollstafetten-flertall-kvinner-2024/
2024,bedriftslag holmenkollstafetten flertall kvinner 2024,2,,Bull Aktiv (),1:00:54,3654.0,https://www.sportsidioten.no/resultater/bedriftslag-holmenkollstafetten-flertall-kvinner-2024/
2024,bedriftslag holmenkollstafetten flertall kvinner 2024,3,,Arntzen de Besche Advokatfirma 1 (),1:01:32,3692.0,https://www.sportsidioten.no/resultater/bedriftslag-holmenkollstafetten-flertall-kvinner-2024/
2024,bedriftslag holmenkollstafetten flertall kvinner 2024,4,,twr lundmarks satsebuss (),1:02:52,3772.0,https://www.sportsidioten.no/resultater/bedriftslag-holmenkollstafetten-flertall-kvinner-2024/
2024,bedriftslag holmenkollstafetten flertall kvinner 2024,5,,Daimyo AS (),1:03:33,3813.0,https://www.sportsidioten.no/resultater/bedriftslag-holmenkollstafetten-flertall-kvinner-2024/
2024,bedriftslag holmenkollstafetten flertall kvinner 2024,6,,Orkla BIL Elite Mix (),1:04:10,3850.0,https://www.sportsidioten.no/resultater/bedriftslag-holmenkollstafetten-flertall-kvinner-2024/
2024,bedriftslag holmenkollstafetten flertall kvinner 2024,7,,Folkehelseinstituttet BIL 1 (),1:05:20,3920.0,https://www.sportsidioten.no/resultater/bedriftslag-holmenkollstafetten-flertall-kvinner-2024/
2024,bedriftslag holmenkollstafetten flertall kvinner 2024,8,,Amundsen Club 2 (),1:05:53,3953.0,https://www.sportsidioten.no/resultater/bedriftslag-holmenkollstafetten-flertall-kvinner-2024/
2024,bedriftslag holmenkollstafetten flertall kvinner 2024,9,,Sprint Consulting 1 (),1:06:00,3960.0,https://www.sportsidioten.no/resultater/bedriftslag-holmenkollstafetten-flertall-kvinner-2024/
2024,bedriftslag holmenkollstafetten flertall kvinner 2024,10,,PwC Bergen 2 (),1:06:20,3980.0,https://www.sportsidioten.no/resultater/bedriftslag-holmenkollstafetten-flertall-kvinner-2024/
2024,bedriftslag holmenkollstafetten flertall kvinner 2024,11,,Idrettens Helsesenter (),1:06:36,3996.0,https://www.sportsidioten.no/resultater/bedriftslag-holmenkollstafetten-flertall-kvinner-2024/
2024,bedriftslag holmenkollstafetten flertall kvinner 2024,12,,Ullevål og Tåsen Fysioterapi og Trening (),1:06:42,4002.0,https://www.sportsidioten.no/resultater/bedriftslag-holmenkollstafetten-flertall-kvinner-2024/
2024,bedriftslag holmenkollstafetten flertall kvinner 2024,13,,Lovstafetten Bergen (),1:08:15,4095.0,https://www.sportsidioten.no/resultater/bedriftslag-holmenkollstafetten-flertall-kvinner-2024/
2024,bedriftslag holmenkollstafetten flertall kvinner 2024,14,,Advokatfirmaet Wiersholm 2 (),1:08:21,4101.0,https://www.sportsidioten.no/resultater/bedriftslag-holmenkollstafetten-flertall-kvinner-2024/
2024,bedriftslag holmenkollstafetten flertall kvinner 2024,15,,Team Thommessen 1 (),1:08:31,4111.0,https://www.sportsidioten.no/resultater/bedriftslag-holmenkollstafetten-flertall-kvinner-2024/
2024,bedriftslag holmenkollstafetten flertall kvinner 2024,16,,Dnv Maritime Advisory 1 (),1:08:53,4133.0,https://www.sportsidioten.no/resultater/bedriftslag-holmenkollstafetten-flertall-kvinner-2024/
2024,bedriftslag holmenkollstafetten flertall kvinner 2024,17,,Legestudentenes idrettsklubb 1 (),1:08:54,4134.0,https://www.sportsidioten.no/resultater/bedriftslag-holmenkollstafetten-flertall-kvinner-2024/
2024,bedriftslag holmenkollstafetten flertall kvinner 2024,18,,twr lundmarks bankettbitches (),1:09:21,4161.0,https://www.sportsidioten.no/resultater/bedriftslag-holmenkollstafetten-flertall-kvinner-2024/
2024,bedriftslag holmenkollstafetten flertall kvinner 2024,19,,Wikborg Rein BIL 2 (),1:09:30,4170.0,https://www.sportsidioten.no/resultater/bedriftslag-holmenkollstafetten-flertall-kvinner-2024/
2024,bedriftslag holmenkollstafetten flertall kvinner 2024,20,,Tripletex elite (),1:09:55,4195.0,https://www.sportsidioten.no/resultater/bedriftslag-holmenkollstafetten-flertall-kvinner-2024/
2024,bedriftslag holmenkollstafetten flertall kvinner 2024,21,,Advokatfirmaet BAHR AS 2 (),1:10:22,4222.0,https://www.sportsidioten.no/resultater/bedriftslag-holmenkollstafetten-flertall-kvinner-2024/
2024,bedriftslag holmenkollstafetten flertall kvinner 2024,22,,reMarkable 4 (),1:10:45,4245.0,https://www.sportsidioten.no/resultater/bedriftslag-holmenkollstafetten-flertall-kvinner-2024/
2024,bedriftslag holmenkollstafetten flertall kvinner 2024,23,,Team Hedmark Sjusjøen (),1:10:46,4246.0,https://www.sportsidioten.no/resultater/bedriftslag-holmenkollstafetten-flertall-kvinner-2024/
2024,bedriftslag holmenkollstafetten flertall kvinner 2024,24,,IL i BUL (),1:10:56,4256.0,https://www.sportsidioten.no/resultater/bedriftslag-holmenkollstafetten-flertall-kvinner-2024/
2024,bedriftslag holmenkollstafetten flertall kvinner 2024,25,,MEDISIN BÆRUM (),1:11:10,4270.0,https://www.sportsidioten.no/resultater/bedriftslag-holmenkollstafetten-flertall-kvinner-2024/
2024,bedriftslag holmenkollstafetten flertall kvinner 2024,26,,Nymoen Paulsen Family&Friends (),1:11:22,4282.0,https://www.sportsidioten.no/resultater/bedriftslag-holmenkollstafetten-flertall-kvinner-2024/
2024,bedriftslag holmenkollstafetten flertall kvinner 2024,27,,Advokatfirmaet Grette 1 – Det seriøse laget (),1:11:27,4287.0,https://www.sportsidioten.no/resultater/bedriftslag-holmenkollstafetten-flertall-kvinner-2024/
2024,bedriftslag holmenkollstafetten flertall kvinner 2024,28,,Dønski kameratene (),1:11:54,4314.0,https://www.sportsidioten.no/resultater/bedriftslag-holmenkollstafetten-flertall-kvinner-2024/
2024,bedriftslag holmenkollstafetten flertall kvinner 2024,29,,Bull Ski & Kajakk (),1:11:54,4314.0,https://www.sportsidioten.no/resultater/bedriftslag-holmenkollstafetten-flertall-kvinner-2024/
2024,bedriftslag holmenkollstafetten flertall kvinner 2024,30,,Lillestrøm muskel- og leddklinikk (),1:11:58,4318.0,https://www.sportsidioten.no/resultater/bedriftslag-holmenkollstafetten-flertall-kvinner-2024/
2024,bedriftslag holmenkollstafetten flertall kvinner 2024,31,,Telenor IGnite & Run (),1:12:11,4331.0,https://www.sportsidioten.no/resultater/bedriftslag-holmenkollstafetten-flertall-kvinner-2024/
2024,bedriftslag holmenkollstafetten flertall kvinner 2024,32,,Diakonhjemmet Sykehus Elite Mix (),1:12:18,4338.0,https://www.sportsidioten.no/resultater/bedriftslag-holmenkollstafetten-flertall-kvinner-2024/
2024,bedriftslag holmenkollstafetten flertall kvinner 2024,33,,Justis- og beredskapsdepartementet (),1:12:49,4369.0,https://www.sportsidioten.no/resultater/bedriftslag-holmenkollstafetten-flertall-kvinner-2024/
2024,bedriftslag holmenkollstafetten flertall kvinner 2024,34,,Landbruksdirektoratet 1 (),1:12:52,4372.0,https://www.sportsidioten.no/resultater/bedriftslag-holmenkollstafetten-flertall-kvinner-2024/
2024,bedriftslag holmenkollstafetten flertall kvinner 2024,35,,IEMR (),1:12:53,4373.0,https://www.sportsidioten.no/resultater/bedriftslag-holmenkollstafetten-flertall-kvinner-2024/
2024,bedriftslag holmenkollstafetten flertall kvinner 2024,36,,Juliet med venner (),1:13:06,4386.0,https://www.sportsidioten.no/resultater/bedriftslag-holmenkollstafetten-flertall-kvinner-2024/
2024,bedriftslag holmenkollstafetten flertall kvinner 2024,37,,Skøyenåsen Skole 2 (),1:13:14,4394.0,https://www.sportsidioten.no/resultater/bedriftslag-holmenkollstafetten-flertall-kvinner-2024/
2024,bedriftslag holmenkollstafetten flertall kvinner 2024,38,,AON Norway (),1:13:18,4398.0,https://www.sportsidioten.no/resultater/bedriftslag-holmenkollstafetten-flertall-kvinner-2024/
2024,bedriftslag holmenkollstafetten flertall kvinner 2024,39,,Wikborg Rein BIL 3 (),1:13:22,4402.0,https://www.sportsidioten.no/resultater/bedriftslag-holmenkollstafetten-flertall-kvinner-2024/
2024,bedriftslag holmenkollstafetten flertall kvinner 2024,40,,Haugenstua skole (),1:13:24,4404.0,https://www.sportsidioten.no/resultater/bedriftslag-holmenkollstafetten-flertall-kvinner-2024/
2024,bedriftslag holmenkollstafetten flertall kvinner 2024,41,,EY BIL Oslo Business Transformation (),1:13:28,4408.0,https://www.sportsidioten.no/resultater/bedriftslag-holmenkollstafetten-flertall-kvinner-2024/
2024,bedriftslag holmenkollstafetten flertall kvinner 2024,42,,Duracellene (),1:13:37,4417.0,https://www.sportsidioten.no/resultater/bedriftslag-holmenkollstafetten-flertall-kvinner-2024/
2024,bedriftslag holmenkollstafetten flertall kvinner 2024,43,,DNB Corporate Center (),1:13:40,4420.0,https://www.sportsidioten.no/resultater/bedriftslag-holmenkollstafetten-flertall-kvinner-2024/
2024,bedriftslag holmenkollstafetten flertall kvinner 2024,44,,Moloklinikken (),1:13:41,4421.0,https://www.sportsidioten.no/resultater/bedriftslag-holmenkollstafetten-flertall-kvinner-2024/
2024,bedriftslag holmenkollstafetten flertall kvinner 2024,45,,twr lundmarks underdogs (),1:13:47,4427.0,https://www.sportsidioten.no/resultater/bedriftslag-holmenkollstafetten-flertall-kvinner-2024/
2024,bedriftslag holmenkollstafetten flertall kvinner 2024,46,,Ahus Nevro 1 – Team Ole Morten Running (),1:13:50,4430.0,https://www.sportsidioten.no/resultater/bedriftslag-holmenkollstafetten-flertall-kvinner-2024/
2024,bedriftslag holmenkollstafetten flertall kvinner 2024,47,,Hovseter Skole (),1:14:01,4441.0,https://www.sportsidioten.no/resultater/bedriftslag-holmenkollstafetten-flertall-kvinner-2024/
2024,bedriftslag holmenkollstafetten flertall kvinner 2024,48,,Akso FunRun Elite (),1:14:04,4444.0,https://www.sportsidioten.no/resultater/bedriftslag-holmenkollstafetten-flertall-kvinner-2024/
2024,bedriftslag holmenkollstafetten flertall kvinner 2024,49,,ACTIVE BRANDS 1 (),1:14:11,4451.0,https://www.sportsidioten.no/resultater/bedriftslag-holmenkollstafetten-flertall-kvinner-2024/
2024,bedriftslag holmenkollstafetten flertall kvinner 2024,50,,Telenor IT Team (),1:14:16,4456.0,https://www.sportsidioten.no/resultater/bedriftslag-holmenkollstafetten-flertall-kvinner-2024/
2024,bedriftslag holmenkollstafetten flertall kvinner 2024,51,,Team Flyge (),1:14:17,4457.0,https://www.sportsidioten.no/resultater/bedriftslag-holmenkollstafetten-flertall-kvinner-2024/
2024,bedriftslag holmenkollstafetten flertall kvinner 2024,52,,Morgenbladet (),1:14:36,4476.0,https://www.sportsidioten.no/resultater/bedriftslag-holmenkollstafetten-flertall-kvinner-2024/
2024,bedriftslag holmenkollstafetten flertall kvinner 2024,53,,NIHI (),1:14:42,4482.0,https://www.sportsidioten.no/resultater/bedriftslag-holmenkollstafetten-flertall-kvinner-2024/
2024,bedriftslag holmenkollstafetten flertall kvinner 2024,54,,JobbJoggerne (),1:14:45,4485.0,https://www.sportsidioten.no/resultater/bedriftslag-holmenkollstafetten-flertall-kvinner-2024/
2024,bedriftslag holmenkollstafetten flertall kvinner 2024,55,,Econa (),1:14:54,4494.0,https://www.sportsidioten.no/resultater/bedriftslag-holmenkollstafetten-flertall-kvinner-2024/
2024,bedriftslag holmenkollstafetten flertall kvinner 2024,56,,Skadelegevakten (),1:14:58,4498.0,https://www.sportsidioten.no/resultater/bedriftslag-holmenkollstafetten-flertall-kvinner-2024/
2024,bedriftslag holmenkollstafetten flertall kvinner 2024,57,,Advokatfirmaet Haavind – Kvinner Elite (),1:15:00,4500.0,https://www.sportsidioten.no/resultater/bedriftslag-holmenkollstafetten-flertall-kvinner-2024/
2024,bedriftslag holmenkollstafetten flertall kvinner 2024,58,,Hotelroom (),1:15:01,4501.0,https://www.sportsidioten.no/resultater/bedriftslag-holmenkollstafetten-flertall-kvinner-2024/
2024,bedriftslag holmenkollstafetten flertall kvinner 2024,59,,Apotek1 Born 2 Run (),1:15:02,4502.0,https://www.sportsidioten.no/resultater/bedriftslag-holmenkollstafetten-flertall-kvinner-2024/
2024,bedriftslag holmenkollstafetten flertall kvinner 2024,60,,Team Zalaris (),1:15:05,4505.0,https://www.sportsidioten.no/resultater/bedriftslag-holmenkollstafetten-flertall-kvinner-2024/
2024,bedriftslag holmenkollstafetten flertall kvinner 2024,61,,Huseby skole (),1:15:22,4522.0,https://www.sportsidioten.no/resultater/bedriftslag-holmenkollstafetten-flertall-kvinner-2024/
2024,bedriftslag holmenkollstafetten flertall kvinner 2024,62,,Domstolene i Oslo 2 (),1:15:26,4526.0,https://www.sportsidioten.no/resultater/bedriftslag-holmenkollstafetten-flertall-kvinner-2024/
2024,bedriftslag holmenkollstafetten flertall kvinner 2024,63,,Tonsenahagen Superstars (),1:15:26,4526.0,https://www.sportsidioten.no/resultater/bedriftslag-holmenkollstafetten-flertall-kvinner-2024/
2024,bedriftslag holmenkollstafetten flertall kvinner 2024,64,,Snøhetta (),1:15:28,4528.0,https://www.sportsidioten.no/resultater/bedriftslag-holmenkollstafetten-flertall-kvinner-2024/
2024,bedriftslag holmenkollstafetten flertall kvinner 2024,65,,Kjell Rusten Form (),1:15:29,4529.0,https://www.sportsidioten.no/resultater/bedriftslag-holmenkollstafetten-flertall-kvinner-2024/
2024,bedriftslag holmenkollstafetten flertall kvinner 2024,66,,Team Skaanes (),1:15:29,4529.0,https://www.sportsidioten.no/resultater/bedriftslag-holmenkollstafetten-flertall-kvinner-2024/
2024,bedriftslag holmenkollstafetten flertall kvinner 2024,67,,FUF mixed (),1:15:30,4530.0,https://www.sportsidioten.no/resultater/bedriftslag-holmenkollstafetten-flertall-kvinner-2024/
2024,bedriftslag holmenkollstafetten flertall kvinner 2024,68,,Arbeids- og inkluderingsdepartementet (),1:15:34,4534.0,https://www.sportsidioten.no/resultater/bedriftslag-holmenkollstafetten-flertall-kvinner-2024/
2024,bedriftslag holmenkollstafetten flertall kvinner 2024,69,,Statens vegvesen BIL O & A 1 (),1:15:40,4540.0,https://www.sportsidioten.no/resultater/bedriftslag-holmenkollstafetten-flertall-kvinner-2024/
2024,bedriftslag holmenkollstafetten flertall kvinner 2024,70,,Bufdir (),1:15:40,4540.0,https://www.sportsidioten.no/resultater/bedriftslag-holmenkollstafetten-flertall-kvinner-2024/
2024,bedriftslag holmenkollstafetten flertall kvinner 2024,71,,Reisekontoret (),1:15:41,4541.0,https://www.sportsidioten.no/resultater/bedriftslag-holmenkollstafetten-flertall-kvinner-2024/
2024,bedriftslag holmenkollstafetten flertall kvinner 2024,72,,Rud løpeklubb 1 (),1:15:43,4543.0,https://www.sportsidioten.no/resultater/bedriftslag-holmenkollstafetten-flertall-kvinner-2024/
2024,bedriftslag holmenkollstafetten flertall kvinner 2024,73,,Grav Sporty (),1:15:50,4550.0,https://www.sportsidioten.no/resultater/bedriftslag-holmenkollstafetten-flertall-kvinner-2024/
2024,bedriftslag holmenkollstafetten flertall kvinner 2024,74,,TINE Industri m/venner (),1:15:53,4553.0,https://www.sportsidioten.no/resultater/bedriftslag-holmenkollstafetten-flertall-kvinner-2024/
2024,bedriftslag holmenkollstafetten flertall kvinner 2024,75,,Stabekk vgs (),1:15:53,4553.0,https://www.sportsidioten.no/resultater/bedriftslag-holmenkollstafetten-flertall-kvinner-2024/
2024,bedriftslag holmenkollstafetten flertall kvinner 2024,76,,Team Nesøya (),1:15:55,4555.0,https://www.sportsidioten.no/resultater/bedriftslag-holmenkollstafetten-flertall-kvinner-2024/
2024,bedriftslag holmenkollstafetten flertall kvinner 2024,77,,Advokatfirmaet Hjort 2 (),1:15:57,4557.0,https://www.sportsidioten.no/resultater/bedriftslag-holmenkollstafetten-flertall-kvinner-2024/
2024,bedriftslag holmenkollstafetten flertall kvinner 2024,78,,twoday 2 (),1:16:01,4561.0,https://www.sportsidioten.no/resultater/bedriftslag-holmenkollstafetten-flertall-kvinner-2024/
2024,bedriftslag holmenkollstafetten flertall kvinner 2024,79,,AHO studenter (),1:16:05,4565.0,https://www.sportsidioten.no/resultater/bedriftslag-holmenkollstafetten-flertall-kvinner-2024/
2024,bedriftslag holmenkollstafetten flertall kvinner 2024,80,,Vytis Running Club (),1:16:09,4569.0,https://www.sportsidioten.no/resultater/bedriftslag-holmenkollstafetten-flertall-kvinner-2024/
2024,bedriftslag holmenkollstafetten flertall kvinner 2024,81,,Laidback (),1:16:09,4569.0,https://www.sportsidioten.no/resultater/bedriftslag-holmenkollstafetten-flertall-kvinner-2024/
2024,bedriftslag holmenkollstafetten flertall kvinner 2024,82,,Påtale Oslo politidistrikt Enhet Sentrum (),1:16:11,4571.0,https://www.sportsidioten.no/resultater/bedriftslag-holmenkollstafetten-flertall-kvinner-2024/
2024,bedriftslag holmenkollstafetten flertall kvinner 2024,83,,Sprint Consulting 2 (),1:16:26,4586.0,https://www.sportsidioten.no/resultater/bedriftslag-holmenkollstafetten-flertall-kvinner-2024/
2024,bedriftslag holmenkollstafetten flertall kvinner 2024,84,,Visma Amili (),1:16:29,4589.0,https://www.sportsidioten.no/resultater/bedriftslag-holmenkollstafetten-flertall-kvinner-2024/
2024,bedriftslag holmenkollstafetten flertall kvinner 2024,85,,Advokatfirmaet BAHR AS 3 (),1:16:29,4589.0,https://www.sportsidioten.no/resultater/bedriftslag-holmenkollstafetten-flertall-kvinner-2024/
2024,bedriftslag holmenkollstafetten flertall kvinner 2024,86,,Eyes eyes baby (),1:16:29,4589.0,https://www.sportsidioten.no/resultater/bedriftslag-holmenkollstafetten-flertall-kvinner-2024/
2024,bedriftslag holmenkollstafetten flertall kvinner 2024,87,,Domstolene i Oslo 3 (),1:16:30,4590.0,https://www.sportsidioten.no/resultater/bedriftslag-holmenkollstafetten-flertall-kvinner-2024/
2024,bedriftslag holmenkollstafetten flertall kvinner 2024,88,,Norsk Tipping BIL 2 (),1:16:32,4592.0,https://www.sportsidioten.no/resultater/bedriftslag-holmenkollstafetten-flertall-kvinner-2024/
2024,bedriftslag holmenkollstafetten flertall kvinner 2024,89,,DNB Ocean Industries (),1:16:33,4593.0,https://www.sportsidioten.no/resultater/bedriftslag-holmenkollstafetten-flertall-kvinner-2024/
2024,bedriftslag holmenkollstafetten flertall kvinner 2024,90,,Norsk helsenett SF 2 (),1:16:39,4599.0,https://www.sportsidioten.no/resultater/bedriftslag-holmenkollstafetten-flertall-kvinner-2024/
2024,bedriftslag holmenkollstafetten flertall kvinner 2024,91,,Odontologforeningen i Bergen (),1:16:40,4600.0,https://www.sportsidioten.no/resultater/bedriftslag-holmenkollstafetten-flertall-kvinner-2024/
2024,bedriftslag holmenkollstafetten flertall kvinner 2024,92,,Sivilombudet (),1:16:41,4601.0,https://www.sportsidioten.no/resultater/bedriftslag-holmenkollstafetten-flertall-kvinner-2024/
2024,bedriftslag holmenkollstafetten flertall kvinner 2024,93,,LIS Medisin Ullevål (),1:16:41,4601.0,https://www.sportsidioten.no/resultater/bedriftslag-holmenkollstafetten-flertall-kvinner-2024/
2024,bedriftslag holmenkollstafetten flertall kvinner 2024,94,,Svensson Nøkleby Advokatfirma (),1:16:42,4602.0,https://www.sportsidioten.no/resultater/bedriftslag-holmenkollstafetten-flertall-kvinner-2024/
2024,bedriftslag holmenkollstafetten flertall kvinner 2024,95,,Helsefrelserne (),1:16:44,4604.0,https://www.sportsidioten.no/resultater/bedriftslag-holmenkollstafetten-flertall-kvinner-2024/
2024,bedriftslag holmenkollstafetten flertall kvinner 2024,96,,Advokatfirmaet Selmer 2 (),1:16:45,4605.0,https://www.sportsidioten.no/resultater/bedriftslag-holmenkollstafetten-flertall-kvinner-2024/
2024,bedriftslag holmenkollstafetten flertall kvinner 2024,97,,Puls Flisa 1 (),1:16:55,4615.0,https://www.sportsidioten.no/resultater/bedriftslag-holmenkollstafetten-flertall-kvinner-2024/
2024,bedriftslag holmenkollstafetten flertall kvinner 2024,98,,Advokatfirmaet Molteberg Nilsen AS (),1:16:56,4616.0,https://www.sportsidioten.no/resultater/bedriftslag-holmenkollstafetten-flertall-kvinner-2024/
2024,bedriftslag holmenkollstafetten flertall kvinner 2024,99,,Vestre Viken- Røntgenstrålene (),1:16:57,4617.0,https://www.sportsidioten.no/resultater/bedriftslag-holmenkollstafetten-flertall-kvinner-2024/
2024,bedriftslag holmenkollstafetten flertall kvinner 2024,100,,SMAKS (),1:16:58,4618.0,https://www.sportsidioten.no/resultater/bedriftslag-holmenkollstafetten-flertall-kvinner-2024/
2024,ideelle organisasjoner,1,,The Bardo Foundation Inc. (),0:57:42,3462.0,https://www.sportsidioten.no/resultater/ideelle-organisasjoner-holmenkollstafetten-2024/
2024,ideelle organisasjoner,2,,Team Right To Play (),0:58:29,3509.0,https://www.sportsidioten.no/resultater/ideelle-organisasjoner-holmenkollstafetten-2024/
2024,ideelle organisasjoner,3,,Gammeldalen IL (),1:05:24,3924.0,https://www.sportsidioten.no/resultater/ideelle-organisasjoner-holmenkollstafetten-2024/
2024,ideelle organisasjoner,4,,Kreftforeningen BIL 1 (),1:09:38,4178.0,https://www.sportsidioten.no/resultater/ideelle-organisasjoner-holmenkollstafetten-2024/
2024,ideelle organisasjoner,5,,Skiforeningen (),1:10:25,4225.0,https://www.sportsidioten.no/resultater/ideelle-organisasjoner-holmenkollstafetten-2024/
2024,ideelle organisasjoner,6,,Ida Eides Minnefond (),1:10:40,4240.0,https://www.sportsidioten.no/resultater/ideelle-organisasjoner-holmenkollstafetten-2024/
2024,ideelle organisasjoner,7,,Norges Røde Kors (),1:10:47,4247.0,https://www.sportsidioten.no/resultater/ideelle-organisasjoner-holmenkollstafetten-2024/
2024,ideelle organisasjoner,8,,Human-Etisk Forbund Oslo 1 (),1:11:35,4295.0,https://www.sportsidioten.no/resultater/ideelle-organisasjoner-holmenkollstafetten-2024/
2024,ideelle organisasjoner,9,,Lag (),1:12:22,4342.0,https://www.sportsidioten.no/resultater/ideelle-organisasjoner-holmenkollstafetten-2024/
2024,ideelle organisasjoner,10,,DNT – Sentralt (),1:14:41,4481.0,https://www.sportsidioten.no/resultater/ideelle-organisasjoner-holmenkollstafetten-2024/
2024,ideelle organisasjoner,11,,NRC Flyktninghjelpen 1 (),1:15:56,4556.0,https://www.sportsidioten.no/resultater/ideelle-organisasjoner-holmenkollstafetten-2024/
2024,ideelle organisasjoner,12,,Beitostølen Helsesportsenter (),1:16:07,4567.0,https://www.sportsidioten.no/resultater/ideelle-organisasjoner-holmenkollstafetten-2024/
2024,ideelle organisasjoner,13,,DNT ung (),1:16:58,4618.0,https://www.sportsidioten.no/resultater/ideelle-organisasjoner-holmenkollstafetten-2024/
2024,ideelle organisasjoner,14,,Svanemerket (),1:18:17,4697.0,https://www.sportsidioten.no/resultater/ideelle-organisasjoner-holmenkollstafetten-2024/
2024,ideelle organisasjoner,15,,OI Svømming (),1:18:41,4721.0,https://www.sportsidioten.no/resultater/ideelle-organisasjoner-holmenkollstafetten-2024/
2024,ideelle organisasjoner,16,,EAT Foundation (),1:19:05,4745.0,https://www.sportsidioten.no/resultater/ideelle-organisasjoner-holmenkollstafetten-2024/
2024,ideelle organisasjoner,17,,MOT Norge (),1:19:18,4758.0,https://www.sportsidioten.no/resultater/ideelle-organisasjoner-holmenkollstafetten-2024/
2024,ideelle organisasjoner,18,,SOS-barnebyer (),1:19:54,4794.0,https://www.sportsidioten.no/resultater/ideelle-organisasjoner-holmenkollstafetten-2024/
2024,ideelle organisasjoner,19,,Norsk Folkehjelp (),1:20:32,4832.0,https://www.sportsidioten.no/resultater/ideelle-organisasjoner-holmenkollstafetten-2024/
2024,ideelle organisasjoner,20,,Amnesty International Norge (),1:20:35,4835.0,https://www.sportsidioten.no/resultater/ideelle-organisasjoner-holmenkollstafetten-2024/
2024,ideelle organisasjoner,21,,OLA (),1:20:58,4858.0,https://www.sportsidioten.no/resultater/ideelle-organisasjoner-holmenkollstafetten-2024/
2024,ideelle organisasjoner,22,,Heggeli Barnehjem (),1:21:34,4894.0,https://www.sportsidioten.no/resultater/ideelle-organisasjoner-holmenkollstafetten-2024/
2024,ideelle organisasjoner,23,,Norges Røde Kors 2 (),1:21:44,4904.0,https://www.sportsidioten.no/resultater/ideelle-organisasjoner-holmenkollstafetten-2024/
2024,ideelle organisasjoner,24,,Oslo Røde Kors (),1:21:45,4905.0,https://www.sportsidioten.no/resultater/ideelle-organisasjoner-holmenkollstafetten-2024/
2024,ideelle organisasjoner,25,,Redd Barna Y (),1:21:49,4909.0,https://www.sportsidioten.no/resultater/ideelle-organisasjoner-holmenkollstafetten-2024/
2024,ideelle organisasjoner,26,,Rektors Epler (),1:23:17,4997.0,https://www.sportsidioten.no/resultater/ideelle-organisasjoner-holmenkollstafetten-2024/
2024,ideelle organisasjoner,27,,Kirkens SOS 2 (),1:24:02,5042.0,https://www.sportsidioten.no/resultater/ideelle-organisasjoner-holmenkollstafetten-2024/
2024,ideelle organisasjoner,28,,Redningsselskapet RS BIL (),1:24:09,5049.0,https://www.sportsidioten.no/resultater/ideelle-organisasjoner-holmenkollstafetten-2024/
2024,ideelle organisasjoner,29,,Skiforeningen koselaget (),1:24:42,5082.0,https://www.sportsidioten.no/resultater/ideelle-organisasjoner-holmenkollstafetten-2024/
2024,ideelle organisasjoner,30,,Caritas Norge (),1:25:13,5113.0,https://www.sportsidioten.no/resultater/ideelle-organisasjoner-holmenkollstafetten-2024/
2024,ideelle organisasjoner,31,,Kondis (),1:25:27,5127.0,https://www.sportsidioten.no/resultater/ideelle-organisasjoner-holmenkollstafetten-2024/
2024,ideelle organisasjoner,32,,Mensa Oslo (),1:25:29,5129.0,https://www.sportsidioten.no/resultater/ideelle-organisasjoner-holmenkollstafetten-2024/
2024,ideelle organisasjoner,33,,Team EITI (),1:26:05,5165.0,https://www.sportsidioten.no/resultater/ideelle-organisasjoner-holmenkollstafetten-2024/
2024,ideelle organisasjoner,34,,Nasjonalforeningen for folkehelsen (),1:26:06,5166.0,https://www.sportsidioten.no/resultater/ideelle-organisasjoner-holmenkollstafetten-2024/
2024,ideelle organisasjoner,35,,Grefsenlia (),1:26:10,5170.0,https://www.sportsidioten.no/resultater/ideelle-organisasjoner-holmenkollstafetten-2024/
2024,ideelle organisasjoner,36,,PKNN – for fokus på kreft i bukspyttkjertelen (),1:26:20,5180.0,https://www.sportsidioten.no/resultater/ideelle-organisasjoner-holmenkollstafetten-2024/
2024,ideelle organisasjoner,37,,Norsk elbilforening (),1:27:16,5236.0,https://www.sportsidioten.no/resultater/ideelle-organisasjoner-holmenkollstafetten-2024/
2024,ideelle organisasjoner,38,,Positronets Venneforening (),1:27:31,5251.0,https://www.sportsidioten.no/resultater/ideelle-organisasjoner-holmenkollstafetten-2024/
2024,ideelle organisasjoner,39,,Kirkens SOS 1 (),1:27:48,5268.0,https://www.sportsidioten.no/resultater/ideelle-organisasjoner-holmenkollstafetten-2024/
2024,ideelle organisasjoner,40,,Kirkens Nødhjelp (),1:28:20,5300.0,https://www.sportsidioten.no/resultater/ideelle-organisasjoner-holmenkollstafetten-2024/
2024,ideelle organisasjoner,41,,Grønn Byggallianse (),1:28:21,5301.0,https://www.sportsidioten.no/resultater/ideelle-organisasjoner-holmenkollstafetten-2024/
2024,ideelle organisasjoner,42,,Kreftforeningen BIL 2 (),1:28:25,5305.0,https://www.sportsidioten.no/resultater/ideelle-organisasjoner-holmenkollstafetten-2024/
2024,ideelle organisasjoner,43,,Norges Blindeforbund Bedriftsidrettslag (),1:28:30,5310.0,https://www.sportsidioten.no/resultater/ideelle-organisasjoner-holmenkollstafetten-2024/
2024,ideelle organisasjoner,44,,Regnskogfondet (),1:28:32,5312.0,https://www.sportsidioten.no/resultater/ideelle-organisasjoner-holmenkollstafetten-2024/
2024,ideelle organisasjoner,45,,TheWinners (),1:28:37,5317.0,https://www.sportsidioten.no/resultater/ideelle-organisasjoner-holmenkollstafetten-2024/
2024,ideelle organisasjoner,46,,Muslimer For Fred (),1:28:49,5329.0,https://www.sportsidioten.no/resultater/ideelle-organisasjoner-holmenkollstafetten-2024/
2024,ideelle organisasjoner,47,,NVIO Runners (),1:29:07,5347.0,https://www.sportsidioten.no/resultater/ideelle-organisasjoner-holmenkollstafetten-2024/
2024,ideelle organisasjoner,48,,Parat (),1:29:09,5349.0,https://www.sportsidioten.no/resultater/ideelle-organisasjoner-holmenkollstafetten-2024/
2024,ideelle organisasjoner,49,,SV – Sosialistisk Venstreparti (),1:29:33,5373.0,https://www.sportsidioten.no/resultater/ideelle-organisasjoner-holmenkollstafetten-2024/
2024,ideelle organisasjoner,50,,ANSA (),1:29:55,5395.0,https://www.sportsidioten.no/resultater/ideelle-organisasjoner-holmenkollstafetten-2024/
2024,ideelle organisasjoner,51,,Leger Uten Grenser (),1:30:13,5413.0,https://www.sportsidioten.no/resultater/ideelle-organisasjoner-holmenkollstafetten-2024/
2024,ideelle organisasjoner,52,,Bellona (),1:30:25,5425.0,https://www.sportsidioten.no/resultater/ideelle-organisasjoner-holmenkollstafetten-2024/
2024,ideelle organisasjoner,53,,INTOSAI Development Initiative (),1:30:28,5428.0,https://www.sportsidioten.no/resultater/ideelle-organisasjoner-holmenkollstafetten-2024/
2024,ideelle organisasjoner,54,,Redd Barna X (),1:30:54,5454.0,https://www.sportsidioten.no/resultater/ideelle-organisasjoner-holmenkollstafetten-2024/
2024,ideelle organisasjoner,55,,LUB (),1:31:21,5481.0,https://www.sportsidioten.no/resultater/ideelle-organisasjoner-holmenkollstafetten-2024/
2024,ideelle organisasjoner,56,,Blå Kors Klinikk Lade (),1:31:49,5509.0,https://www.sportsidioten.no/resultater/ideelle-organisasjoner-holmenkollstafetten-2024/
2024,ideelle organisasjoner,57,,Mental Helse (),1:32:08,5528.0,https://www.sportsidioten.no/resultater/ideelle-organisasjoner-holmenkollstafetten-2024/
2024,ideelle organisasjoner,58,,Norges Vel (),1:33:15,5595.0,https://www.sportsidioten.no/resultater/ideelle-organisasjoner-holmenkollstafetten-2024/
2024,ideelle organisasjoner,59,,Blå Kors Norge (),1:33:28,5608.0,https://www.sportsidioten.no/resultater/ideelle-organisasjoner-holmenkollstafetten-2024/
2024,ideelle organisasjoner,60,,Plan Norge (),1:35:54,5754.0,https://www.sportsidioten.no/resultater/ideelle-organisasjoner-holmenkollstafetten-2024/
2024,ideelle organisasjoner,61,,NRC Flyktninghjelpen 2 (),1:37:19,5839.0,https://www.sportsidioten.no/resultater/ideelle-organisasjoner-holmenkollstafetten-2024/
2024,ideelle organisasjoner,62,,Mensa Oslo (),1:38:17,5897.0,https://www.sportsidioten.no/resultater/ideelle-organisasjoner-holmenkollstafetten-2024/
2024,ideelle organisasjoner,63,,LUB Oslo og Akershus (),1:38:18,5898.0,https://www.sportsidioten.no/resultater/ideelle-organisasjoner-holmenkollstafetten-2024/
2024,ideelle organisasjoner,64,,Human-Etisk Forbund Oslo 2 (),1:41:00,6060.0,https://www.sportsidioten.no/resultater/ideelle-organisasjoner-holmenkollstafetten-2024/
2024,ideelle organisasjoner,65,,Brånåsgjengen (),1:44:10,6250.0,https://www.sportsidioten.no/resultater/ideelle-organisasjoner-holmenkollstafetten-2024/
2024,ideelle organisasjoner,66,,Brannmenn mot kreft – Drammensregionens brannvesen (),1:48:21,6501.0,https://www.sportsidioten.no/resultater/ideelle-organisasjoner-holmenkollstafetten-2024/
2024,ideelle organisasjoner,67,,Brannmenn mot kreft – Nedre Romerike (),1:48:22,6502.0,https://www.sportsidioten.no/resultater/ideelle-organisasjoner-holmenkollstafetten-2024/
2024,ideelle organisasjoner,68,,Brannmenn mot kreft – OBIL/OBRE (),1:48:22,6502.0,https://www.sportsidioten.no/resultater/ideelle-organisasjoner-holmenkollstafetten-2024/
2024,ideelle organisasjoner,69,,Brannmenn mot kreft – ABBR (),1:48:22,6502.0,https://www.sportsidioten.no/resultater/ideelle-organisasjoner-holmenkollstafetten-2024/
2024,ideelle organisasjoner,70,,Brannmenn mot kreft – Ringerike brann og redning (),1:48:22,6502.0,https://www.sportsidioten.no/resultater/ideelle-organisasjoner-holmenkollstafetten-2024/
2024,ideelle organisasjoner,71,,Brannmenn mot kreft – Sunnfjord Brann og Redning (),1:48:23,6503.0,https://www.sportsidioten.no/resultater/ideelle-organisasjoner-holmenkollstafetten-2024/
2024,ideelle organisasjoner,72,,Brannmenn mot kreft – Brann- og redningsskolen (),1:48:24,6504.0,https://www.sportsidioten.no/resultater/ideelle-organisasjoner-holmenkollstafetten-2024/
2024,ideelle organisasjoner,73,,IØBR – Brannmenn mot kreft (),1:48:24,6504.0,https://www.sportsidioten.no/resultater/ideelle-organisasjoner-holmenkollstafetten-2024/
2024,ideelle organisasjoner,74,,Brannmenn mot kreft – Follo brannvesen IKS (),1:48:25,6505.0,https://www.sportsidioten.no/resultater/ideelle-organisasjoner-holmenkollstafetten-2024/
2024,ideelle organisasjoner,75,,Hørselshemmedes Landsforbund (),1:51:22,6682.0,https://www.sportsidioten.no/resultater/ideelle-organisasjoner-holmenkollstafetten-2024/
2024,ideelle organisasjoner,76,,Aktiv mot kreft (),1:51:23,6683.0,https://www.sportsidioten.no/resultater/ideelle-organisasjoner-holmenkollstafetten-2024/
2024,kvinner bedrift,1,,PwC xLos Damer (),1:05:50,3950.0,https://www.sportsidioten.no/resultater/kvinner-bedrift-holmenkollstafetten-2024/
2024,kvinner bedrift,2,,EY Damer (),1:06:13,3973.0,https://www.sportsidioten.no/resultater/kvinner-bedrift-holmenkollstafetten-2024/
2024,kvinner bedrift,3,,Norconsult Kvinner (),1:06:33,3993.0,https://www.sportsidioten.no/resultater/kvinner-bedrift-holmenkollstafetten-2024/
2024,kvinner bedrift,4,,Deloitte Kvinner Elite (),1:07:42,4062.0,https://www.sportsidioten.no/resultater/kvinner-bedrift-holmenkollstafetten-2024/
2024,kvinner bedrift,5,,Multiconsult Damer (),1:09:46,4186.0,https://www.sportsidioten.no/resultater/kvinner-bedrift-holmenkollstafetten-2024/
2024,kvinner bedrift,6,,Boston Consulting Group 2 (),1:09:59,4199.0,https://www.sportsidioten.no/resultater/kvinner-bedrift-holmenkollstafetten-2024/
2024,kvinner bedrift,7,,Storebrand Elite Damer (),1:10:38,4238.0,https://www.sportsidioten.no/resultater/kvinner-bedrift-holmenkollstafetten-2024/
2024,kvinner bedrift,8,,DNB BIL D (),1:11:16,4276.0,https://www.sportsidioten.no/resultater/kvinner-bedrift-holmenkollstafetten-2024/
2024,kvinner bedrift,9,,KPMG Elitelag Damer (),1:11:58,4318.0,https://www.sportsidioten.no/resultater/kvinner-bedrift-holmenkollstafetten-2024/
2024,kvinner bedrift,10,,BDO Elite Kvinner (),1:12:40,4360.0,https://www.sportsidioten.no/resultater/kvinner-bedrift-holmenkollstafetten-2024/
2024,kvinner bedrift,11,,Caretec Bardujentenr (),1:13:16,4396.0,https://www.sportsidioten.no/resultater/kvinner-bedrift-holmenkollstafetten-2024/
2024,kvinner bedrift,12,,Oslo Politis Idrettslag (),1:13:40,4420.0,https://www.sportsidioten.no/resultater/kvinner-bedrift-holmenkollstafetten-2024/
2024,kvinner bedrift,13,,Accenturekvinnene (),1:13:43,4423.0,https://www.sportsidioten.no/resultater/kvinner-bedrift-holmenkollstafetten-2024/
2024,kvinner bedrift,14,,NVE 6 (),1:14:36,4476.0,https://www.sportsidioten.no/resultater/kvinner-bedrift-holmenkollstafetten-2024/
2024,kvinner bedrift,15,,CapLøp Kvinner (),1:15:18,4518.0,https://www.sportsidioten.no/resultater/kvinner-bedrift-holmenkollstafetten-2024/
2024,kvinner bedrift,16,,St Olavs Hospital (),1:15:52,4552.0,https://www.sportsidioten.no/resultater/kvinner-bedrift-holmenkollstafetten-2024/
2024,kvinner bedrift,17,,Intility K1 (),1:16:06,4566.0,https://www.sportsidioten.no/resultater/kvinner-bedrift-holmenkollstafetten-2024/
2024,kvinner bedrift,18,,AF Gruppen Damer (),1:17:37,4657.0,https://www.sportsidioten.no/resultater/kvinner-bedrift-holmenkollstafetten-2024/
2024,kvinner bedrift,19,,Equinor All Girls (),1:18:25,4705.0,https://www.sportsidioten.no/resultater/kvinner-bedrift-holmenkollstafetten-2024/
2024,kvinner bedrift,20,,Statnett BIL Kvinner 1 (),1:18:43,4723.0,https://www.sportsidioten.no/resultater/kvinner-bedrift-holmenkollstafetten-2024/
2024,kvinner bedrift,21,,Handelsbanken 9 (),1:20:47,4847.0,https://www.sportsidioten.no/resultater/kvinner-bedrift-holmenkollstafetten-2024/
2024,kvinner bedrift,22,,Å Energi BIL K (),1:21:23,4883.0,https://www.sportsidioten.no/resultater/kvinner-bedrift-holmenkollstafetten-2024/
2024,kvinner bedrift,23,,Bergenslærerne (),1:21:53,4913.0,https://www.sportsidioten.no/resultater/kvinner-bedrift-holmenkollstafetten-2024/
2024,kvinner bedrift,24,,Cisco 5 (),1:22:08,4928.0,https://www.sportsidioten.no/resultater/kvinner-bedrift-holmenkollstafetten-2024/
2024,kvinner bedrift,25,,SINTEF Løperjenter (),1:22:19,4939.0,https://www.sportsidioten.no/resultater/kvinner-bedrift-holmenkollstafetten-2024/
2024,kvinner bedrift,26,,1 3 (),1:22:58,4978.0,https://www.sportsidioten.no/resultater/kvinner-bedrift-holmenkollstafetten-2024/
2024,kvinner bedrift,27,,Pareto Securities Kvinner (),1:23:00,4980.0,https://www.sportsidioten.no/resultater/kvinner-bedrift-holmenkollstafetten-2024/
2024,kvinner bedrift,28,,Arkwright Consulting 2 (),1:23:10,4990.0,https://www.sportsidioten.no/resultater/kvinner-bedrift-holmenkollstafetten-2024/
2024,kvinner bedrift,29,,Computas 3 (),1:23:55,5035.0,https://www.sportsidioten.no/resultater/kvinner-bedrift-holmenkollstafetten-2024/
2024,kvinner bedrift,30,,NGI kvinner (),1:25:13,5113.0,https://www.sportsidioten.no/resultater/kvinner-bedrift-holmenkollstafetten-2024/
2024,kvinner bedrift,31,,Føden Rikshospitalet (),1:25:23,5123.0,https://www.sportsidioten.no/resultater/kvinner-bedrift-holmenkollstafetten-2024/
2024,kvinner bedrift,32,,COWI BIL Oslo 5 (),1:25:37,5137.0,https://www.sportsidioten.no/resultater/kvinner-bedrift-holmenkollstafetten-2024/
2024,kvinner bedrift,33,,Arctic 3 (),1:26:18,5178.0,https://www.sportsidioten.no/resultater/kvinner-bedrift-holmenkollstafetten-2024/
2024,kvinner bedrift,34,,Lynrask gastro (),1:26:52,5212.0,https://www.sportsidioten.no/resultater/kvinner-bedrift-holmenkollstafetten-2024/
2024,kvinner bedrift,35,,Anita Systems (),1:27:54,5274.0,https://www.sportsidioten.no/resultater/kvinner-bedrift-holmenkollstafetten-2024/
2024,kvinner bedrift,36,,"Vestre Viken Barneavdelingen, Sykepleierlaget ()",1:29:06,5346.0,https://www.sportsidioten.no/resultater/kvinner-bedrift-holmenkollstafetten-2024/
2024,kvinner bedrift,37,,Team FOLLESTAD DAME (),1:29:37,5377.0,https://www.sportsidioten.no/resultater/kvinner-bedrift-holmenkollstafetten-2024/
2024,kvinner bedrift,38,,Aleris sisters (),1:31:58,5518.0,https://www.sportsidioten.no/resultater/kvinner-bedrift-holmenkollstafetten-2024/
2024,kvinner bedrift,39,,GE HealhtCare 3 (),1:33:18,5598.0,https://www.sportsidioten.no/resultater/kvinner-bedrift-holmenkollstafetten-2024/
2024,kvinner bedrift,40,,Bane NOR Jentelaget (),1:34:33,5673.0,https://www.sportsidioten.no/resultater/kvinner-bedrift-holmenkollstafetten-2024/
2024,kvinner bedrift,41,,Helsetøsene (),1:37:46,5866.0,https://www.sportsidioten.no/resultater/kvinner-bedrift-holmenkollstafetten-2024/
2024,kvinner bedrift,42,,Xledger 2 (),1:43:09,6189.0,https://www.sportsidioten.no/resultater/kvinner-bedrift-holmenkollstafetten-2024/
2024,kvinner bedrift,43,,KRESS (),1:43:19,6199.0,https://www.sportsidioten.no/resultater/kvinner-bedrift-holmenkollstafetten-2024/
2024,kvinner bedrift,44,,Kongsberg Discovery 2 (),1:46:50,6410.0,https://www.sportsidioten.no/resultater/kvinner-bedrift-holmenkollstafetten-2024/
2024,kvinner elite,1,,IK Tjalve (),0:58:13,3493.0,https://www.sportsidioten.no/resultater/kvinner-elite-holmenkollstafetten-2024-2/
2024,kvinner elite,2,,SK Vidar 1 (),0:59:02,3542.0,https://www.sportsidioten.no/resultater/kvinner-elite-holmenkollstafetten-2024-2/
2024,kvinner elite,3,,Idrottslaget Gular (),0:59:44,3584.0,https://www.sportsidioten.no/resultater/kvinner-elite-holmenkollstafetten-2024-2/
2024,kvinner elite,4,,Varegg Fleridrett (),0:59:56,3596.0,https://www.sportsidioten.no/resultater/kvinner-elite-holmenkollstafetten-2024-2/
2024,kvinner elite,5,,Mölndals AIK (),1:00:28,3628.0,https://www.sportsidioten.no/resultater/kvinner-elite-holmenkollstafetten-2024-2/
2024,kvinner elite,6,,Strindheim (),1:01:26,3686.0,https://www.sportsidioten.no/resultater/kvinner-elite-holmenkollstafetten-2024-2/
2024,kvinner elite,7,,Hälle IF (),1:01:54,3714.0,https://www.sportsidioten.no/resultater/kvinner-elite-holmenkollstafetten-2024-2/
2024,kvinner elite,8,,Ullensaker/Kisa IL Friidrett (),1:02:29,3749.0,https://www.sportsidioten.no/resultater/kvinner-elite-holmenkollstafetten-2024-2/
2024,kvinner elite,9,,SK Vidar 2 (),1:02:32,3752.0,https://www.sportsidioten.no/resultater/kvinner-elite-holmenkollstafetten-2024-2/
2024,kvinner elite,10,,Raumnes & Årnes IL (),1:02:42,3762.0,https://www.sportsidioten.no/resultater/kvinner-elite-holmenkollstafetten-2024-2/
2024,kvinner elite,11,,IL i BUL (),1:03:29,3809.0,https://www.sportsidioten.no/resultater/kvinner-elite-holmenkollstafetten-2024-2/
2024,kvinner elite,12,,spirit friidrett (),1:03:32,3812.0,https://www.sportsidioten.no/resultater/kvinner-elite-holmenkollstafetten-2024-2/
2024,kvinner elite,13,,Namdal Løpeklubb (),1:04:19,3859.0,https://www.sportsidioten.no/resultater/kvinner-elite-holmenkollstafetten-2024-2/
2024,kvinner elite,14,,SK Vidar Dreamteam (),1:05:29,3929.0,https://www.sportsidioten.no/resultater/kvinner-elite-holmenkollstafetten-2024-2/
2024,kvinner elite,15,,Kjelsås Langrenn (),1:05:47,3947.0,https://www.sportsidioten.no/resultater/kvinner-elite-holmenkollstafetten-2024-2/
2024,kvinner elite,16,,SK Vidar Villa (),1:06:08,3968.0,https://www.sportsidioten.no/resultater/kvinner-elite-holmenkollstafetten-2024-2/
2024,kvinner elite,17,,Tyrving Friidrett (),1:06:16,3976.0,https://www.sportsidioten.no/resultater/kvinner-elite-holmenkollstafetten-2024-2/
2024,kvinner elite,18,,FIK Ren-Eng (),1:06:19,3979.0,https://www.sportsidioten.no/resultater/kvinner-elite-holmenkollstafetten-2024-2/
2024,kvinner elite,19,,Lillehammer Idrettsforening (),1:07:17,4037.0,https://www.sportsidioten.no/resultater/kvinner-elite-holmenkollstafetten-2024-2/
2024,kvinner elite,20,,Svorkmo N.O.I. (),1:09:41,4181.0,https://www.sportsidioten.no/resultater/kvinner-elite-holmenkollstafetten-2024-2/
2024,kvinner junior,1,,Step Forward Stockholm (),1:09:01,4141.0,https://www.sportsidioten.no/resultater/kvinner-junior-holmenkollstafetten-2024/
2024,kvinner junior,2,,Nittedal IL (),1:10:20,4220.0,https://www.sportsidioten.no/resultater/kvinner-junior-holmenkollstafetten-2024/
2024,kvinner junior,3,,IK Tjalve (),1:10:51,4251.0,https://www.sportsidioten.no/resultater/kvinner-junior-holmenkollstafetten-2024/
2024,kvinner junior,4,,Team Grenland ski (),1:11:09,4269.0,https://www.sportsidioten.no/resultater/kvinner-junior-holmenkollstafetten-2024/
2024,kvinner junior,5,,Ullensaker/Kisa IL Friidrett (),1:12:21,4341.0,https://www.sportsidioten.no/resultater/kvinner-junior-holmenkollstafetten-2024/
2024,kvinner senior,1,,STIF (),1:08:19,4099.0,https://www.sportsidioten.no/resultater/kvinner-senior-holmenkollstafetten-2024/
2024,kvinner senior,2,,Nesodden Idrettsforening (),1:08:33,4113.0,https://www.sportsidioten.no/resultater/kvinner-senior-holmenkollstafetten-2024/
2024,kvinner senior,3,,Spirit FIK (),1:08:37,4117.0,https://www.sportsidioten.no/resultater/kvinner-senior-holmenkollstafetten-2024/
2024,kvinner senior,4,,Bjerkreim IL 3 (),1:10:28,4228.0,https://www.sportsidioten.no/resultater/kvinner-senior-holmenkollstafetten-2024/
2024,kvinner senior,5,,Rustad IL 3 (),1:10:32,4232.0,https://www.sportsidioten.no/resultater/kvinner-senior-holmenkollstafetten-2024/
2024,kvinner senior,6,,Ås IL (),1:11:04,4264.0,https://www.sportsidioten.no/resultater/kvinner-senior-holmenkollstafetten-2024/
2024,kvinner senior,7,,Ringerike Friidrettsklubb (),1:11:31,4291.0,https://www.sportsidioten.no/resultater/kvinner-senior-holmenkollstafetten-2024/
2024,kvinner senior,8,,LYN SKI 3 (),1:11:41,4301.0,https://www.sportsidioten.no/resultater/kvinner-senior-holmenkollstafetten-2024/
2024,kvinner senior,9,,Modum friidrettsklubb (),1:12:10,4330.0,https://www.sportsidioten.no/resultater/kvinner-senior-holmenkollstafetten-2024/
2024,kvinner senior,10,,Undheim IL (),1:12:41,4361.0,https://www.sportsidioten.no/resultater/kvinner-senior-holmenkollstafetten-2024/
2024,kvinner senior,11,,GTI Friidrettsklubb (),1:12:58,4378.0,https://www.sportsidioten.no/resultater/kvinner-senior-holmenkollstafetten-2024/
2024,kvinner senior,12,,Brandbu IF (),1:13:38,4418.0,https://www.sportsidioten.no/resultater/kvinner-senior-holmenkollstafetten-2024/
2024,kvinner senior,13,,Asker Skiklubb (),1:13:46,4426.0,https://www.sportsidioten.no/resultater/kvinner-senior-holmenkollstafetten-2024/
2024,kvinner senior,14,,Egersund Idrettsklubb (),1:15:36,4536.0,https://www.sportsidioten.no/resultater/kvinner-senior-holmenkollstafetten-2024/
2024,kvinner senior,15,,Aurskog-Høland Friidrettslag (),1:16:29,4589.0,https://www.sportsidioten.no/resultater/kvinner-senior-holmenkollstafetten-2024/
2024,kvinner senior,16,,Øyer-Tretten IF (),1:19:28,4768.0,https://www.sportsidioten.no/resultater/kvinner-senior-holmenkollstafetten-2024/
2024,kvinner senior,17,,Bjerkreim IL 2 (),1:23:07,4987.0,https://www.sportsidioten.no/resultater/kvinner-senior-holmenkollstafetten-2024/
2024,kvinner senior,18,,Bjerkreim IL 1 (),1:25:53,5153.0,https://www.sportsidioten.no/resultater/kvinner-senior-holmenkollstafetten-2024/
2024,kvinner senior,19,,GTI Friidrettsklubb (),1:32:12,5532.0,https://www.sportsidioten.no/resultater/kvinner-senior-holmenkollstafetten-2024/
2024,kvinner studenter,1,,Team BDO NHHS Kvinner (),1:05:49,3949.0,https://www.sportsidioten.no/resultater/kvinner-studenter-holmenkollstafetten-2024/
2024,kvinner studenter,2,,OSI Friidrett 2 (),1:06:35,3995.0,https://www.sportsidioten.no/resultater/kvinner-studenter-holmenkollstafetten-2024/
2024,kvinner studenter,3,,Placebo Løpeklubb (),1:08:58,4138.0,https://www.sportsidioten.no/resultater/kvinner-studenter-holmenkollstafetten-2024/
2024,kvinner studenter,4,,Forsvarets høgskole (),1:10:01,4201.0,https://www.sportsidioten.no/resultater/kvinner-studenter-holmenkollstafetten-2024/
2024,kvinner studenter,5,,JK Running (),1:19:48,4788.0,https://www.sportsidioten.no/resultater/kvinner-studenter-holmenkollstafetten-2024/
2024,kvinner studenter,6,,Lynet McQueens (),1:25:27,5127.0,https://www.sportsidioten.no/resultater/kvinner-studenter-holmenkollstafetten-2024/
2024,kvinner studenter,7,,Shippingutvalget BI 2 (),1:28:04,5284.0,https://www.sportsidioten.no/resultater/kvinner-studenter-holmenkollstafetten-2024/
2024,kvinner superveteran,1,,Rustad IL 4 (),1:23:15,4995.0,https://www.sportsidioten.no/resultater/kvinner-superveteran-holmenkollstafetten-2024/
2024,kvinner superveteran,2,,Idrettslaget Jutul (),1:24:49,5089.0,https://www.sportsidioten.no/resultater/kvinner-superveteran-holmenkollstafetten-2024/
2024,kvinner veteran,1,,Sportsklubben Vidar (),1:09:28,4168.0,https://www.sportsidioten.no/resultater/kvinner-veteran-holmenkollstafetten-2024/
2024,kvinner veteran,2,,Lillehammer idrettsforening (),1:11:16,4276.0,https://www.sportsidioten.no/resultater/kvinner-veteran-holmenkollstafetten-2024/
2024,kvinner veteran,3,,Ullensaker/Kisa IL Friidrett (),1:13:26,4406.0,https://www.sportsidioten.no/resultater/kvinner-veteran-holmenkollstafetten-2024/
2024,kvinner veteran,4,,Heming Veterandamer (),1:15:45,4545.0,https://www.sportsidioten.no/resultater/kvinner-veteran-holmenkollstafetten-2024/
2024,kvinner veteran,5,,Fossum Raske Damer (),1:16:09,4569.0,https://www.sportsidioten.no/resultater/kvinner-veteran-holmenkollstafetten-2024/
2024,kvinner veteran,6,,If Hellas (),1:23:56,5036.0,https://www.sportsidioten.no/resultater/kvinner-veteran-holmenkollstafetten-2024/
2024,lag tilsluttet andre saerforbund,1,,IFBS GB (),1:05:41,3941.0,https://www.sportsidioten.no/resultater/lag-tilsluttet-andre-saerforbund-holmenkollstafetten-2024/
2024,lag tilsluttet andre saerforbund,2,,Bækkelagets Sportsklub – Skigruppa (),1:06:15,3975.0,https://www.sportsidioten.no/resultater/lag-tilsluttet-andre-saerforbund-holmenkollstafetten-2024/
2024,lag tilsluttet andre saerforbund,3,,FIK Ren-Eng (),1:07:17,4037.0,https://www.sportsidioten.no/resultater/lag-tilsluttet-andre-saerforbund-holmenkollstafetten-2024/
2024,lag tilsluttet andre saerforbund,4,,BSV triatlon (),1:07:18,4038.0,https://www.sportsidioten.no/resultater/lag-tilsluttet-andre-saerforbund-holmenkollstafetten-2024/
2024,lag tilsluttet andre saerforbund,5,,TRY Skiskyting og Langrenn (),1:08:21,4101.0,https://www.sportsidioten.no/resultater/lag-tilsluttet-andre-saerforbund-holmenkollstafetten-2024/
2024,lag tilsluttet andre saerforbund,6,,IFBS Supermix (),1:10:56,4256.0,https://www.sportsidioten.no/resultater/lag-tilsluttet-andre-saerforbund-holmenkollstafetten-2024/
2024,lag tilsluttet andre saerforbund,7,,Sportsklubben Njård (),1:13:37,4417.0,https://www.sportsidioten.no/resultater/lag-tilsluttet-andre-saerforbund-holmenkollstafetten-2024/
2024,lag tilsluttet andre saerforbund,8,,Kjelsås damer (),1:26:26,5186.0,https://www.sportsidioten.no/resultater/lag-tilsluttet-andre-saerforbund-holmenkollstafetten-2024/
2024,lag tilsluttet andre saerforbund,9,,Våler Kommunes Bedriftsidrettslag (),1:39:41,5981.0,https://www.sportsidioten.no/resultater/lag-tilsluttet-andre-saerforbund-holmenkollstafetten-2024/
2024,menn bedrift,1,,EY Herrer (),0:52:23,3143.0,https://www.sportsidioten.no/resultater/menn-bedrift-holmenkollstafetten-2024/
2024,menn bedrift,2,,PwC xLos Herrer (),0:52:40,3160.0,https://www.sportsidioten.no/resultater/menn-bedrift-holmenkollstafetten-2024/
2024,menn bedrift,3,,Norconsult Herrer 1 (),0:54:15,3255.0,https://www.sportsidioten.no/resultater/menn-bedrift-holmenkollstafetten-2024/
2024,menn bedrift,4,,Deloitte Herrer Elite (),0:55:22,3322.0,https://www.sportsidioten.no/resultater/menn-bedrift-holmenkollstafetten-2024/
2024,menn bedrift,5,,DNB BIL 1 (),0:55:35,3335.0,https://www.sportsidioten.no/resultater/menn-bedrift-holmenkollstafetten-2024/
2024,menn bedrift,6,,McKinsey & Company 1 (),0:55:40,3340.0,https://www.sportsidioten.no/resultater/menn-bedrift-holmenkollstafetten-2024/
2024,menn bedrift,7,,Pareto Securities 1 (),0:55:46,3346.0,https://www.sportsidioten.no/resultater/menn-bedrift-holmenkollstafetten-2024/
2024,menn bedrift,8,,Boston Consulting Group 1 (),0:55:58,3358.0,https://www.sportsidioten.no/resultater/menn-bedrift-holmenkollstafetten-2024/
2024,menn bedrift,9,,Rystad Energy Power (),0:57:06,3426.0,https://www.sportsidioten.no/resultater/menn-bedrift-holmenkollstafetten-2024/
2024,menn bedrift,10,,BDO Elite Menn (),0:57:23,3443.0,https://www.sportsidioten.no/resultater/menn-bedrift-holmenkollstafetten-2024/
2024,menn bedrift,11,,Arctic 1 (),0:57:40,3460.0,https://www.sportsidioten.no/resultater/menn-bedrift-holmenkollstafetten-2024/
2024,menn bedrift,12,,Multiconsult Herrer (),0:58:27,3507.0,https://www.sportsidioten.no/resultater/menn-bedrift-holmenkollstafetten-2024/
2024,menn bedrift,13,,Accentureherrene (),0:58:36,3516.0,https://www.sportsidioten.no/resultater/menn-bedrift-holmenkollstafetten-2024/
2024,menn bedrift,14,,StorebrandSportHerre (),0:58:37,3517.0,https://www.sportsidioten.no/resultater/menn-bedrift-holmenkollstafetten-2024/
2024,menn bedrift,15,,Statkraft Runners (),0:58:38,3518.0,https://www.sportsidioten.no/resultater/menn-bedrift-holmenkollstafetten-2024/
2024,menn bedrift,16,,Intility M1 1 (),0:58:41,3521.0,https://www.sportsidioten.no/resultater/menn-bedrift-holmenkollstafetten-2024/
2024,menn bedrift,17,,Rambøll Menn elite (),1:00:12,3612.0,https://www.sportsidioten.no/resultater/menn-bedrift-holmenkollstafetten-2024/
2024,menn bedrift,18,,Norconsult Herrer 2 (),1:00:24,3624.0,https://www.sportsidioten.no/resultater/menn-bedrift-holmenkollstafetten-2024/
2024,menn bedrift,19,,Cognite (),1:00:47,3647.0,https://www.sportsidioten.no/resultater/menn-bedrift-holmenkollstafetten-2024/
2024,menn bedrift,20,,TINE YT (),1:00:56,3656.0,https://www.sportsidioten.no/resultater/menn-bedrift-holmenkollstafetten-2024/
2024,menn bedrift,21,,Statnett BIL Menn 1 (),1:01:34,3694.0,https://www.sportsidioten.no/resultater/menn-bedrift-holmenkollstafetten-2024/
2024,menn bedrift,22,,Å Energi BIL M (),1:01:53,3713.0,https://www.sportsidioten.no/resultater/menn-bedrift-holmenkollstafetten-2024/
2024,menn bedrift,23,,Veritas BIL (),1:02:08,3728.0,https://www.sportsidioten.no/resultater/menn-bedrift-holmenkollstafetten-2024/
2024,menn bedrift,24,,Arkwright Consulting 1 (),1:03:05,3785.0,https://www.sportsidioten.no/resultater/menn-bedrift-holmenkollstafetten-2024/
2024,menn bedrift,25,,KPMG Elitelag Herrer (),1:03:10,3790.0,https://www.sportsidioten.no/resultater/menn-bedrift-holmenkollstafetten-2024/
2024,menn bedrift,26,,Råsjøen Idrettslag (),1:03:22,3802.0,https://www.sportsidioten.no/resultater/menn-bedrift-holmenkollstafetten-2024/
2024,menn bedrift,27,,CapLøp Menn (),1:03:46,3826.0,https://www.sportsidioten.no/resultater/menn-bedrift-holmenkollstafetten-2024/
2024,menn bedrift,28,,AF Gruppen Herrer (),1:03:54,3834.0,https://www.sportsidioten.no/resultater/menn-bedrift-holmenkollstafetten-2024/
2024,menn bedrift,29,,Handelsbanken 8 (),1:04:04,3844.0,https://www.sportsidioten.no/resultater/menn-bedrift-holmenkollstafetten-2024/
2024,menn bedrift,30,,Fredensborg (),1:04:11,3851.0,https://www.sportsidioten.no/resultater/menn-bedrift-holmenkollstafetten-2024/
2024,menn bedrift,31,,Valkyrien Oldstars (),1:05:04,3904.0,https://www.sportsidioten.no/resultater/menn-bedrift-holmenkollstafetten-2024/
2024,menn bedrift,32,,Silicon Labs Energy Friendly Runners (),1:06:18,3978.0,https://www.sportsidioten.no/resultater/menn-bedrift-holmenkollstafetten-2024/
2024,menn bedrift,33,,Oslobygg KF – Lag 1 (),1:06:30,3990.0,https://www.sportsidioten.no/resultater/menn-bedrift-holmenkollstafetten-2024/
2024,menn bedrift,34,,Aibel Asker BIL 3 (),1:06:38,3998.0,https://www.sportsidioten.no/resultater/menn-bedrift-holmenkollstafetten-2024/
2024,menn bedrift,35,,NGI herrer (),1:07:28,4048.0,https://www.sportsidioten.no/resultater/menn-bedrift-holmenkollstafetten-2024/
2024,menn bedrift,36,,Texas Instruments BIL (),1:08:44,4124.0,https://www.sportsidioten.no/resultater/menn-bedrift-holmenkollstafetten-2024/
2024,menn bedrift,37,,Arctic 2 (),1:09:51,4191.0,https://www.sportsidioten.no/resultater/menn-bedrift-holmenkollstafetten-2024/
2024,menn bedrift,38,,Intility M2 (),1:09:51,4191.0,https://www.sportsidioten.no/resultater/menn-bedrift-holmenkollstafetten-2024/
2024,menn bedrift,39,,COWI BIL Oslo 3 (),1:10:03,4203.0,https://www.sportsidioten.no/resultater/menn-bedrift-holmenkollstafetten-2024/
2024,menn bedrift,40,,Anna Asset Management (),1:10:03,4203.0,https://www.sportsidioten.no/resultater/menn-bedrift-holmenkollstafetten-2024/
2024,menn bedrift,41,,Pareto Securities 2 (),1:10:06,4206.0,https://www.sportsidioten.no/resultater/menn-bedrift-holmenkollstafetten-2024/
2024,menn bedrift,42,,Nokas (),1:10:09,4209.0,https://www.sportsidioten.no/resultater/menn-bedrift-holmenkollstafetten-2024/
2024,menn bedrift,43,,Team Welhaven (),1:10:47,4247.0,https://www.sportsidioten.no/resultater/menn-bedrift-holmenkollstafetten-2024/
2024,menn bedrift,44,,Novelda UWB Runners (),1:12:36,4356.0,https://www.sportsidioten.no/resultater/menn-bedrift-holmenkollstafetten-2024/
2024,menn bedrift,45,,Ball & Jekkert (),1:13:20,4400.0,https://www.sportsidioten.no/resultater/menn-bedrift-holmenkollstafetten-2024/
2024,menn bedrift,46,,Aprila Bank 2 (),1:14:08,4448.0,https://www.sportsidioten.no/resultater/menn-bedrift-holmenkollstafetten-2024/
2024,menn bedrift,47,,FLYT (),1:14:49,4489.0,https://www.sportsidioten.no/resultater/menn-bedrift-holmenkollstafetten-2024/
2024,menn bedrift,48,,Computas 2 (),1:14:56,4496.0,https://www.sportsidioten.no/resultater/menn-bedrift-holmenkollstafetten-2024/
2024,menn bedrift,49,,Intility M4 (),1:15:22,4522.0,https://www.sportsidioten.no/resultater/menn-bedrift-holmenkollstafetten-2024/
2024,menn bedrift,50,,GE HealhtCare 2 (),1:15:42,4542.0,https://www.sportsidioten.no/resultater/menn-bedrift-holmenkollstafetten-2024/
2024,menn bedrift,51,,Tømrermester Jo Morten Hagen (),1:15:45,4545.0,https://www.sportsidioten.no/resultater/menn-bedrift-holmenkollstafetten-2024/
2024,menn bedrift,52,,Haukeland Sykehus Idrettslag 1 (),1:15:47,4547.0,https://www.sportsidioten.no/resultater/menn-bedrift-holmenkollstafetten-2024/
2024,menn bedrift,53,,Eda Elektro Data Oslo AS (),1:15:48,4548.0,https://www.sportsidioten.no/resultater/menn-bedrift-holmenkollstafetten-2024/
2024,menn bedrift,54,,Magnat Center (),1:16:16,4576.0,https://www.sportsidioten.no/resultater/menn-bedrift-holmenkollstafetten-2024/
2024,menn bedrift,55,,COWI BIL Oslo 4 (),1:16:45,4605.0,https://www.sportsidioten.no/resultater/menn-bedrift-holmenkollstafetten-2024/
2024,menn bedrift,56,,Xledger 1 (),1:17:17,4637.0,https://www.sportsidioten.no/resultater/menn-bedrift-holmenkollstafetten-2024/
2024,menn bedrift,57,,OsloPlaza (),1:17:49,4669.0,https://www.sportsidioten.no/resultater/menn-bedrift-holmenkollstafetten-2024/
2024,menn bedrift,58,,Rystad Energy Oil (),1:18:00,4680.0,https://www.sportsidioten.no/resultater/menn-bedrift-holmenkollstafetten-2024/
2024,menn bedrift,59,,Eda Elrektro Data Romerike AS (),1:18:02,4682.0,https://www.sportsidioten.no/resultater/menn-bedrift-holmenkollstafetten-2024/
2024,menn bedrift,60,,Kinver AS (),1:18:04,4684.0,https://www.sportsidioten.no/resultater/menn-bedrift-holmenkollstafetten-2024/
2024,menn bedrift,61,,Kongsberg Discovery 1 (),1:18:21,4701.0,https://www.sportsidioten.no/resultater/menn-bedrift-holmenkollstafetten-2024/
2024,menn bedrift,62,,Team Pon (),1:18:34,4714.0,https://www.sportsidioten.no/resultater/menn-bedrift-holmenkollstafetten-2024/
2024,menn bedrift,63,,Rørleggerhuset 2024 (),1:19:15,4755.0,https://www.sportsidioten.no/resultater/menn-bedrift-holmenkollstafetten-2024/
2024,menn bedrift,64,,Romerike Elektro (),1:20:33,4833.0,https://www.sportsidioten.no/resultater/menn-bedrift-holmenkollstafetten-2024/
2024,menn bedrift,65,,Team Rørteft AS (),1:20:51,4851.0,https://www.sportsidioten.no/resultater/menn-bedrift-holmenkollstafetten-2024/
2024,menn bedrift,66,,ENS (),1:21:48,4908.0,https://www.sportsidioten.no/resultater/menn-bedrift-holmenkollstafetten-2024/
2024,menn bedrift,67,,Intility M5 (),1:21:54,4914.0,https://www.sportsidioten.no/resultater/menn-bedrift-holmenkollstafetten-2024/
2024,menn bedrift,68,,Eker Design (),1:22:11,4931.0,https://www.sportsidioten.no/resultater/menn-bedrift-holmenkollstafetten-2024/
2024,menn bedrift,69,,Intility M3 (),1:22:17,4937.0,https://www.sportsidioten.no/resultater/menn-bedrift-holmenkollstafetten-2024/
2024,menn bedrift,70,,A/S Elektrisk (),1:22:18,4938.0,https://www.sportsidioten.no/resultater/menn-bedrift-holmenkollstafetten-2024/
2024,menn bedrift,71,,Statkraft Nore bil (),1:23:01,4981.0,https://www.sportsidioten.no/resultater/menn-bedrift-holmenkollstafetten-2024/
2024,menn bedrift,72,,Helse Midt-Norge RHF (),1:23:17,4997.0,https://www.sportsidioten.no/resultater/menn-bedrift-holmenkollstafetten-2024/
2024,menn bedrift,73,,Eker Werks (),1:23:18,4998.0,https://www.sportsidioten.no/resultater/menn-bedrift-holmenkollstafetten-2024/
2024,menn bedrift,74,,EmLogic (),1:23:25,5005.0,https://www.sportsidioten.no/resultater/menn-bedrift-holmenkollstafetten-2024/
2024,menn bedrift,75,,Bane NOR 2 (),1:23:44,5024.0,https://www.sportsidioten.no/resultater/menn-bedrift-holmenkollstafetten-2024/
2024,menn bedrift,76,,Muribø AS (),1:23:51,5031.0,https://www.sportsidioten.no/resultater/menn-bedrift-holmenkollstafetten-2024/
2024,menn bedrift,77,,De raske menn fra Lambertseter (),1:25:18,5118.0,https://www.sportsidioten.no/resultater/menn-bedrift-holmenkollstafetten-2024/
2024,menn bedrift,78,,Norsk Byggtjeneste AS (),1:25:47,5147.0,https://www.sportsidioten.no/resultater/menn-bedrift-holmenkollstafetten-2024/
2024,menn bedrift,79,,Røhneselmer AS avd. Lillestrøm (),1:27:03,5223.0,https://www.sportsidioten.no/resultater/menn-bedrift-holmenkollstafetten-2024/
2024,menn bedrift,80,,Team Memo (),1:28:13,5293.0,https://www.sportsidioten.no/resultater/menn-bedrift-holmenkollstafetten-2024/
2024,menn bedrift,81,,Øvre Romerike Brann og Redning (),1:29:53,5393.0,https://www.sportsidioten.no/resultater/menn-bedrift-holmenkollstafetten-2024/
2024,menn bedrift,82,,Møller Bil Kalbakken (),1:32:32,5552.0,https://www.sportsidioten.no/resultater/menn-bedrift-holmenkollstafetten-2024/
2024,menn bedrift,83,,marlink Eik teleport (),1:33:26,5606.0,https://www.sportsidioten.no/resultater/menn-bedrift-holmenkollstafetten-2024/
2024,menn bedrift,84,,Team Onepark (),1:35:00,5700.0,https://www.sportsidioten.no/resultater/menn-bedrift-holmenkollstafetten-2024/
2024,menn elite,1,,Ullensaker/Kisa IL Friidrett (),0:49:16,2956.0,https://www.sportsidioten.no/resultater/menn-elite-holmenkollstafetten-2024/
2024,menn elite,2,,Hälle IF (),0:49:53,2993.0,https://www.sportsidioten.no/resultater/menn-elite-holmenkollstafetten-2024/
2024,menn elite,3,,Idrottslaget Gular (),0:50:02,3002.0,https://www.sportsidioten.no/resultater/menn-elite-holmenkollstafetten-2024/
2024,menn elite,4,,SK Vidar 1 (),0:50:36,3036.0,https://www.sportsidioten.no/resultater/menn-elite-holmenkollstafetten-2024/
2024,menn elite,5,,IL i BUL (),0:51:21,3081.0,https://www.sportsidioten.no/resultater/menn-elite-holmenkollstafetten-2024/
2024,menn elite,6,,IK Tjalve (),0:51:26,3086.0,https://www.sportsidioten.no/resultater/menn-elite-holmenkollstafetten-2024/
2024,menn elite,7,,IL Gneist – Friidrett 1 (),0:51:30,3090.0,https://www.sportsidioten.no/resultater/menn-elite-holmenkollstafetten-2024/
2024,menn elite,8,,Jølster IL (),0:51:49,3109.0,https://www.sportsidioten.no/resultater/menn-elite-holmenkollstafetten-2024/
2024,menn elite,9,,Mosvik IL Friidrett (),0:52:48,3168.0,https://www.sportsidioten.no/resultater/menn-elite-holmenkollstafetten-2024/
2024,menn elite,10,,Varegg Fleridrett (),0:52:58,3178.0,https://www.sportsidioten.no/resultater/menn-elite-holmenkollstafetten-2024/
2024,menn elite,11,,IL Heming (),0:53:00,3180.0,https://www.sportsidioten.no/resultater/menn-elite-holmenkollstafetten-2024/
2024,menn elite,12,,SK Vidar 2 (),0:53:03,3183.0,https://www.sportsidioten.no/resultater/menn-elite-holmenkollstafetten-2024/
2024,menn elite,13,,Svorkmo N.O.I. (),0:53:07,3187.0,https://www.sportsidioten.no/resultater/menn-elite-holmenkollstafetten-2024/
2024,menn elite,14,,Kjelsås Langrenn (),0:54:00,3240.0,https://www.sportsidioten.no/resultater/menn-elite-holmenkollstafetten-2024/
2024,menn elite,15,,IF Kamp/Vestheim (),0:54:34,3274.0,https://www.sportsidioten.no/resultater/menn-elite-holmenkollstafetten-2024/
2024,menn elite,16,,RINDAL IL (),0:55:46,3346.0,https://www.sportsidioten.no/resultater/menn-elite-holmenkollstafetten-2024/
2024,menn elite,17,,FIK Ren-Eng (),0:55:51,3351.0,https://www.sportsidioten.no/resultater/menn-elite-holmenkollstafetten-2024/
2024,menn elite,18,,Strindheim (),0:56:01,3361.0,https://www.sportsidioten.no/resultater/menn-elite-holmenkollstafetten-2024/
2024,menn elite,19,,LYN SKI 1 (),0:56:29,3389.0,https://www.sportsidioten.no/resultater/menn-elite-holmenkollstafetten-2024/
2024,menn junior,1,,FIK Ren-Eng (),0:53:50,3230.0,https://www.sportsidioten.no/resultater/menn-junior-holmenkollstafetten-2024/
2024,menn junior,2,,Ullensaker/Kisa Friidrett (),0:54:38,3278.0,https://www.sportsidioten.no/resultater/menn-junior-holmenkollstafetten-2024/
2024,menn junior,3,,Nittedal IL (),0:56:55,3415.0,https://www.sportsidioten.no/resultater/menn-junior-holmenkollstafetten-2024/
2024,menn junior,4,,IL Gneist – Friidrett 2 (),0:57:23,3443.0,https://www.sportsidioten.no/resultater/menn-junior-holmenkollstafetten-2024/
2024,menn junior,5,,Jølster IL (),0:58:52,3532.0,https://www.sportsidioten.no/resultater/menn-junior-holmenkollstafetten-2024/
2024,menn junior,6,,Step Forward Stockholm (),0:58:55,3535.0,https://www.sportsidioten.no/resultater/menn-junior-holmenkollstafetten-2024/
2024,menn junior,7,,Wangkers (),0:59:52,3592.0,https://www.sportsidioten.no/resultater/menn-junior-holmenkollstafetten-2024/
2024,menn junior,8,,Heming Langrenn Junior (),1:00:09,3609.0,https://www.sportsidioten.no/resultater/menn-junior-holmenkollstafetten-2024/
2024,menn junior,9,,Ullensaker/Kisa IL Friidrett (),1:00:32,3632.0,https://www.sportsidioten.no/resultater/menn-junior-holmenkollstafetten-2024/
2024,menn junior,10,,Team Grenland ski (),1:00:45,3645.0,https://www.sportsidioten.no/resultater/menn-junior-holmenkollstafetten-2024/
2024,menn junior,11,,IK Tjalve (),1:01:02,3662.0,https://www.sportsidioten.no/resultater/menn-junior-holmenkollstafetten-2024/
2024,menn junior,12,,Step Forward Stockholm lag (),1:01:04,3664.0,https://www.sportsidioten.no/resultater/menn-junior-holmenkollstafetten-2024/
2024,menn senior,1,,Lillehammer idrettsforening (),0:53:06,3186.0,https://www.sportsidioten.no/resultater/menn-senior-holmenkollstafetten-2024/
2024,menn senior,2,,Namdal Løpeklubb (),0:53:54,3234.0,https://www.sportsidioten.no/resultater/menn-senior-holmenkollstafetten-2024/
2024,menn senior,3,,Steinkjer Friidrettsklubb (),0:53:57,3237.0,https://www.sportsidioten.no/resultater/menn-senior-holmenkollstafetten-2024/
2024,menn senior,4,,spirit friidrett (),0:54:31,3271.0,https://www.sportsidioten.no/resultater/menn-senior-holmenkollstafetten-2024/
2024,menn senior,5,,Ullensaker/Kisa Friidrett (),0:54:38,3278.0,https://www.sportsidioten.no/resultater/menn-senior-holmenkollstafetten-2024/
2024,menn senior,6,,SK Vidar MS 1 (),0:54:38,3278.0,https://www.sportsidioten.no/resultater/menn-senior-holmenkollstafetten-2024/
2024,menn senior,7,,IK Hind (),0:55:45,3345.0,https://www.sportsidioten.no/resultater/menn-senior-holmenkollstafetten-2024/
2024,menn senior,8,,Friidrettsklubben Orion (),0:55:49,3349.0,https://www.sportsidioten.no/resultater/menn-senior-holmenkollstafetten-2024/
2024,menn senior,9,,Hommelvik IL (),0:55:57,3357.0,https://www.sportsidioten.no/resultater/menn-senior-holmenkollstafetten-2024/
2024,menn senior,10,,Bromma IL (),0:56:05,3365.0,https://www.sportsidioten.no/resultater/menn-senior-holmenkollstafetten-2024/
2024,menn senior,11,,Førde Friidrett (),0:56:27,3387.0,https://www.sportsidioten.no/resultater/menn-senior-holmenkollstafetten-2024/
2024,menn senior,12,,Rustad IL 2 (),0:56:29,3389.0,https://www.sportsidioten.no/resultater/menn-senior-holmenkollstafetten-2024/
2024,menn senior,13,,Oppegård IL Menn Senior (),0:56:45,3405.0,https://www.sportsidioten.no/resultater/menn-senior-holmenkollstafetten-2024/
2024,menn senior,14,,Tyrving Friidrett (),0:56:49,3409.0,https://www.sportsidioten.no/resultater/menn-senior-holmenkollstafetten-2024/
2024,menn senior,15,,Asker Skiklubb (),0:57:40,3460.0,https://www.sportsidioten.no/resultater/menn-senior-holmenkollstafetten-2024/
2024,menn senior,16,,SK Vidar MS 2 (),0:57:45,3465.0,https://www.sportsidioten.no/resultater/menn-senior-holmenkollstafetten-2024/
2024,menn senior,17,,Brandbu IF (),0:57:58,3478.0,https://www.sportsidioten.no/resultater/menn-senior-holmenkollstafetten-2024/
2024,menn senior,18,,HSIL Langrenn (),0:58:34,3514.0,https://www.sportsidioten.no/resultater/menn-senior-holmenkollstafetten-2024/
2024,menn senior,19,,Røldal IL (),0:58:39,3519.0,https://www.sportsidioten.no/resultater/menn-senior-holmenkollstafetten-2024/
2024,menn senior,20,,Sylling IF (),0:58:57,3537.0,https://www.sportsidioten.no/resultater/menn-senior-holmenkollstafetten-2024/
2024,menn senior,21,,spirit friidrett (),0:59:14,3554.0,https://www.sportsidioten.no/resultater/menn-senior-holmenkollstafetten-2024/
2024,menn senior,22,,Bøler IF Friidrett (),0:59:39,3579.0,https://www.sportsidioten.no/resultater/menn-senior-holmenkollstafetten-2024/
2024,menn senior,23,,Modum friidrettsklubb (),0:59:59,3599.0,https://www.sportsidioten.no/resultater/menn-senior-holmenkollstafetten-2024/
2024,menn senior,24,,Ringerike Friidrettsklubb (),1:00:04,3604.0,https://www.sportsidioten.no/resultater/menn-senior-holmenkollstafetten-2024/
2024,menn senior,25,,Aurskog-Høland Friidrettslag (),1:00:04,3604.0,https://www.sportsidioten.no/resultater/menn-senior-holmenkollstafetten-2024/
2024,menn senior,26,,Svorkmo N.O.I. 2 (),1:00:12,3612.0,https://www.sportsidioten.no/resultater/menn-senior-holmenkollstafetten-2024/
2024,menn senior,27,,Lillehammer 1990 Elite (),1:00:57,3657.0,https://www.sportsidioten.no/resultater/menn-senior-holmenkollstafetten-2024/
2024,menn senior,28,,Undheim IL (),1:01:35,3695.0,https://www.sportsidioten.no/resultater/menn-senior-holmenkollstafetten-2024/
2024,menn senior,29,,Spydeberg il (),1:01:49,3709.0,https://www.sportsidioten.no/resultater/menn-senior-holmenkollstafetten-2024/
2024,menn senior,30,,Ås IL MS (),1:02:02,3722.0,https://www.sportsidioten.no/resultater/menn-senior-holmenkollstafetten-2024/
2024,menn senior,31,,SK Vidar MS 3 (),1:02:04,3724.0,https://www.sportsidioten.no/resultater/menn-senior-holmenkollstafetten-2024/
2024,menn senior,32,,LYN SKI 2 (),1:02:59,3779.0,https://www.sportsidioten.no/resultater/menn-senior-holmenkollstafetten-2024/
2024,menn senior,33,,Lalm idrettslag (),1:03:04,3784.0,https://www.sportsidioten.no/resultater/menn-senior-holmenkollstafetten-2024/
2024,menn senior,34,,GTI Friidrettsklubb (),1:03:54,3834.0,https://www.sportsidioten.no/resultater/menn-senior-holmenkollstafetten-2024/
2024,menn senior,35,,Sigdal Friidrettsklubb (),1:04:05,3845.0,https://www.sportsidioten.no/resultater/menn-senior-holmenkollstafetten-2024/
2024,menn senior,36,,Øyer-Tretten IF (),1:04:35,3875.0,https://www.sportsidioten.no/resultater/menn-senior-holmenkollstafetten-2024/
2024,menn senior,37,,Spirit friidrett 3.lag (),1:05:01,3901.0,https://www.sportsidioten.no/resultater/menn-senior-holmenkollstafetten-2024/
2024,menn senior,38,,Bjerkreim IL (),1:05:07,3907.0,https://www.sportsidioten.no/resultater/menn-senior-holmenkollstafetten-2024/
2024,menn senior,39,,GTI Friidrettsklubb (),1:15:15,4515.0,https://www.sportsidioten.no/resultater/menn-senior-holmenkollstafetten-2024/
2024,menn studenter,1,,OSI Friidrett 1 (),0:55:51,3351.0,https://www.sportsidioten.no/resultater/menn-studenter-holmenkollstafetten-2024/
2024,menn studenter,2,,Placebo Løpeklubb (),0:57:24,3444.0,https://www.sportsidioten.no/resultater/menn-studenter-holmenkollstafetten-2024/
2024,menn studenter,3,,Lovstafetten Oslo 1 (),0:58:21,3501.0,https://www.sportsidioten.no/resultater/menn-studenter-holmenkollstafetten-2024/
2024,menn studenter,4,,Idrettsvitenskap Hinn (),1:02:34,3754.0,https://www.sportsidioten.no/resultater/menn-studenter-holmenkollstafetten-2024/
2024,menn studenter,5,,Løpegruppa Ottar (),1:03:29,3809.0,https://www.sportsidioten.no/resultater/menn-studenter-holmenkollstafetten-2024/
2024,menn studenter,6,,NMBUI Langrenn (),1:08:19,4099.0,https://www.sportsidioten.no/resultater/menn-studenter-holmenkollstafetten-2024/
2024,menn studenter,7,,Harene (),1:08:38,4118.0,https://www.sportsidioten.no/resultater/menn-studenter-holmenkollstafetten-2024/
2024,menn studenter,8,,Shippingutvalget BI 1 (),1:09:46,4186.0,https://www.sportsidioten.no/resultater/menn-studenter-holmenkollstafetten-2024/
2024,menn studenter,9,,De sollandske helte (),1:10:38,4238.0,https://www.sportsidioten.no/resultater/menn-studenter-holmenkollstafetten-2024/
2024,menn studenter,10,,Liedon lukio 1 (),1:11:52,4312.0,https://www.sportsidioten.no/resultater/menn-studenter-holmenkollstafetten-2024/
2024,menn studenter,11,,Team Fagskolen Oslo (),1:11:56,4316.0,https://www.sportsidioten.no/resultater/menn-studenter-holmenkollstafetten-2024/
2024,menn studenter,12,,Liedon lukio 2 (),1:24:11,5051.0,https://www.sportsidioten.no/resultater/menn-studenter-holmenkollstafetten-2024/
2024,menn superveteran,1,,Undheim IL (),1:01:47,3707.0,https://www.sportsidioten.no/resultater/menn-superveteran-holmenkollstafetten-2024/
2024,menn superveteran,2,,Sportsklubben Vidar (),1:02:34,3754.0,https://www.sportsidioten.no/resultater/menn-superveteran-holmenkollstafetten-2024/
2024,menn superveteran,3,,Ullensaker/Kisa IL Friidrett (),1:03:28,3808.0,https://www.sportsidioten.no/resultater/menn-superveteran-holmenkollstafetten-2024/
2024,menn veteran bedrift,1,,EY Menn veteran (),1:03:02,3782.0,https://www.sportsidioten.no/resultater/menn-veteran-bedrift-holmenkollstafetten-2024/
2024,menn veteran bedrift,2,,DNB BIL 2 (),1:07:53,4073.0,https://www.sportsidioten.no/resultater/menn-veteran-bedrift-holmenkollstafetten-2024/
2024,menn veteran bedrift,3,,dormakaba (),1:22:35,4955.0,https://www.sportsidioten.no/resultater/menn-veteran-bedrift-holmenkollstafetten-2024/
2024,menn veteran bedrift,4,,Smith&Nephew (),1:33:58,5638.0,https://www.sportsidioten.no/resultater/menn-veteran-bedrift-holmenkollstafetten-2024/
2024,menn veteran,1,,spirit friidrett (),0:59:06,3546.0,https://www.sportsidioten.no/resultater/menn-veteran-holmenkollstafetten-2024/
2024,menn veteran,2,,Heming Veteran (),1:00:23,3623.0,https://www.sportsidioten.no/resultater/menn-veteran-holmenkollstafetten-2024/
2024,menn veteran,3,,Slevik Idrettslag (),1:00:25,3625.0,https://www.sportsidioten.no/resultater/menn-veteran-holmenkollstafetten-2024/
2024,menn veteran,4,,IL i BUL (),1:02:14,3734.0,https://www.sportsidioten.no/resultater/menn-veteran-holmenkollstafetten-2024/
2024,menn veteran,5,,Ullensaker/Kisa Friidrett (),1:02:18,3738.0,https://www.sportsidioten.no/resultater/menn-veteran-holmenkollstafetten-2024/
2024,menn veteran,6,,Namdal løpeklubb (),1:02:45,3765.0,https://www.sportsidioten.no/resultater/menn-veteran-holmenkollstafetten-2024/
2024,menn veteran,7,,Lillehammer Idrettsforening (),1:03:44,3824.0,https://www.sportsidioten.no/resultater/menn-veteran-holmenkollstafetten-2024/
2024,menn veteran,8,,Ås IL MS (),1:09:50,4190.0,https://www.sportsidioten.no/resultater/menn-veteran-holmenkollstafetten-2024/
2024,militaere forlegninger,1,,Forsvarets høgskole (),0:58:12,3492.0,https://www.sportsidioten.no/resultater/militaere-forlegninger-holmenkollstafetten-2024/
2024,militaere forlegninger,2,,Sleipner Express 1 (),1:00:38,3638.0,https://www.sportsidioten.no/resultater/militaere-forlegninger-holmenkollstafetten-2024/
2024,militaere forlegninger,3,,Hans Majestet Kongens Garde (),1:01:35,3695.0,https://www.sportsidioten.no/resultater/militaere-forlegninger-holmenkollstafetten-2024/
2024,militaere forlegninger,4,,BFBN (),1:01:39,3699.0,https://www.sportsidioten.no/resultater/militaere-forlegninger-holmenkollstafetten-2024/
2024,militaere forlegninger,5,,Jegerbataljon (),1:01:57,3717.0,https://www.sportsidioten.no/resultater/militaere-forlegninger-holmenkollstafetten-2024/
2024,militaere forlegninger,6,,Krigsskolen 1 (),1:02:07,3727.0,https://www.sportsidioten.no/resultater/militaere-forlegninger-holmenkollstafetten-2024/
2024,militaere forlegninger,7,,Forsvarsmateriell LAND 1 (),1:03:15,3795.0,https://www.sportsidioten.no/resultater/militaere-forlegninger-holmenkollstafetten-2024/
2024,militaere forlegninger,8,,Rexim 027 1 (),1:03:56,3836.0,https://www.sportsidioten.no/resultater/militaere-forlegninger-holmenkollstafetten-2024/
2024,militaere forlegninger,9,,HSRF (),1:06:08,3968.0,https://www.sportsidioten.no/resultater/militaere-forlegninger-holmenkollstafetten-2024/
2024,militaere forlegninger,10,,Mix Cyberkrigere (),1:07:42,4062.0,https://www.sportsidioten.no/resultater/militaere-forlegninger-holmenkollstafetten-2024/
2024,militaere forlegninger,11,,Wild Weasels (),1:08:07,4087.0,https://www.sportsidioten.no/resultater/militaere-forlegninger-holmenkollstafetten-2024/
2024,militaere forlegninger,12,,Sleipner Express 2 (),1:08:11,4091.0,https://www.sportsidioten.no/resultater/militaere-forlegninger-holmenkollstafetten-2024/
2024,militaere forlegninger,13,,Setertun Consulting (),1:09:13,4153.0,https://www.sportsidioten.no/resultater/militaere-forlegninger-holmenkollstafetten-2024/
2024,militaere forlegninger,14,,Krigsskolen 2 (),1:09:15,4155.0,https://www.sportsidioten.no/resultater/militaere-forlegninger-holmenkollstafetten-2024/
2024,militaere forlegninger,15,,Forsvarsmateriell LUFT 1 (),1:11:40,4300.0,https://www.sportsidioten.no/resultater/militaere-forlegninger-holmenkollstafetten-2024/
2024,militaere forlegninger,16,,show running-config (),1:12:47,4367.0,https://www.sportsidioten.no/resultater/militaere-forlegninger-holmenkollstafetten-2024/
2024,militaere forlegninger,17,,Derby IL (),1:13:07,4387.0,https://www.sportsidioten.no/resultater/militaere-forlegninger-holmenkollstafetten-2024/
2024,militaere forlegninger,18,,BS (),1:13:26,4406.0,https://www.sportsidioten.no/resultater/militaere-forlegninger-holmenkollstafetten-2024/
2024,militaere forlegninger,19,,Skadatroppen (),1:13:32,4412.0,https://www.sportsidioten.no/resultater/militaere-forlegninger-holmenkollstafetten-2024/
2024,militaere forlegninger,20,,Transportkompaniet (),1:13:38,4418.0,https://www.sportsidioten.no/resultater/militaere-forlegninger-holmenkollstafetten-2024/
2024,militaere forlegninger,21,,Rexim 027 2 (),1:14:16,4456.0,https://www.sportsidioten.no/resultater/militaere-forlegninger-holmenkollstafetten-2024/
2024,militaere forlegninger,22,,Mestringsløperne (),1:14:55,4495.0,https://www.sportsidioten.no/resultater/militaere-forlegninger-holmenkollstafetten-2024/
2024,militaere forlegninger,23,,Forsvarsdepartementet 1 (),1:15:31,4531.0,https://www.sportsidioten.no/resultater/militaere-forlegninger-holmenkollstafetten-2024/
2024,militaere forlegninger,24,,Forsvarsmateriell IKT 1 (),1:15:35,4535.0,https://www.sportsidioten.no/resultater/militaere-forlegninger-holmenkollstafetten-2024/
2024,militaere forlegninger,25,,Sambandsavdeling Innlandet (),1:15:44,4544.0,https://www.sportsidioten.no/resultater/militaere-forlegninger-holmenkollstafetten-2024/
2024,militaere forlegninger,26,,Team Gardermoen 2 (),1:16:04,4564.0,https://www.sportsidioten.no/resultater/militaere-forlegninger-holmenkollstafetten-2024/
2024,militaere forlegninger,27,,Forsvarsstaben (),1:16:04,4564.0,https://www.sportsidioten.no/resultater/militaere-forlegninger-holmenkollstafetten-2024/
2024,militaere forlegninger,28,,Team Gardermoen 1 (),1:16:08,4568.0,https://www.sportsidioten.no/resultater/militaere-forlegninger-holmenkollstafetten-2024/
2024,militaere forlegninger,29,,Forsvarsdepartementet 2 (),1:16:09,4569.0,https://www.sportsidioten.no/resultater/militaere-forlegninger-holmenkollstafetten-2024/
2024,militaere forlegninger,30,,HSRF CMT (),1:16:13,4573.0,https://www.sportsidioten.no/resultater/militaere-forlegninger-holmenkollstafetten-2024/
2024,militaere forlegninger,31,,Forsvarsmateriell STAB 1 (),1:17:20,4640.0,https://www.sportsidioten.no/resultater/militaere-forlegninger-holmenkollstafetten-2024/
2024,militaere forlegninger,32,,Sanitetsregimentet (),1:17:29,4649.0,https://www.sportsidioten.no/resultater/militaere-forlegninger-holmenkollstafetten-2024/
2024,militaere forlegninger,33,,Andøya flystasjon (),1:17:54,4674.0,https://www.sportsidioten.no/resultater/militaere-forlegninger-holmenkollstafetten-2024/
2024,militaere forlegninger,34,,Forsvaret kommunikasjon (),1:18:05,4685.0,https://www.sportsidioten.no/resultater/militaere-forlegninger-holmenkollstafetten-2024/
2024,militaere forlegninger,35,,Hærstaben (),1:18:36,4716.0,https://www.sportsidioten.no/resultater/militaere-forlegninger-holmenkollstafetten-2024/
2024,militaere forlegninger,36,,NMP/IMPS (),1:19:01,4741.0,https://www.sportsidioten.no/resultater/militaere-forlegninger-holmenkollstafetten-2024/
2024,militaere forlegninger,37,,Forsvarsmateriell LAND 2 (),1:19:19,4759.0,https://www.sportsidioten.no/resultater/militaere-forlegninger-holmenkollstafetten-2024/
2024,militaere forlegninger,38,,Trenregimentet Rena (),1:20:54,4854.0,https://www.sportsidioten.no/resultater/militaere-forlegninger-holmenkollstafetten-2024/
2024,militaere forlegninger,39,,FPVS Hamar (),1:22:13,4933.0,https://www.sportsidioten.no/resultater/militaere-forlegninger-holmenkollstafetten-2024/
2024,militaere forlegninger,40,,Forsvarsmateriell LUFT 3 (),1:23:26,5006.0,https://www.sportsidioten.no/resultater/militaere-forlegninger-holmenkollstafetten-2024/
2024,militaere forlegninger,41,,Team Rygge (),1:23:36,5016.0,https://www.sportsidioten.no/resultater/militaere-forlegninger-holmenkollstafetten-2024/
2024,militaere forlegninger,42,,Team Kolsås (),1:23:55,5035.0,https://www.sportsidioten.no/resultater/militaere-forlegninger-holmenkollstafetten-2024/
2024,militaere forlegninger,43,,Forsvarsmateriell IKT 2 (),1:24:34,5074.0,https://www.sportsidioten.no/resultater/militaere-forlegninger-holmenkollstafetten-2024/
2024,militaere forlegninger,44,,Forsvarsmateriell LAND 3 (),1:25:17,5117.0,https://www.sportsidioten.no/resultater/militaere-forlegninger-holmenkollstafetten-2024/
2024,militaere forlegninger,45,,Forsvarsmateriell STAB 3 -MIX (),1:25:19,5119.0,https://www.sportsidioten.no/resultater/militaere-forlegninger-holmenkollstafetten-2024/
2024,militaere forlegninger,46,,HV-02 (),1:25:52,5152.0,https://www.sportsidioten.no/resultater/militaere-forlegninger-holmenkollstafetten-2024/
2024,militaere forlegninger,47,,Forsvarsmateriell STAB 2 (),1:27:20,5240.0,https://www.sportsidioten.no/resultater/militaere-forlegninger-holmenkollstafetten-2024/
2024,militaere forlegninger,48,,Forsvarsmateriell LUFT 2 (),1:30:25,5425.0,https://www.sportsidioten.no/resultater/militaere-forlegninger-holmenkollstafetten-2024/
2024,militaere forlegninger,49,,Forsvarets Veterantjeneste (),1:35:56,5756.0,https://www.sportsidioten.no/resultater/militaere-forlegninger-holmenkollstafetten-2024/
2023,andre lag mix flertall menn,1,2828,Team Trøndelag,51:34,3094.0,https://sportsidioten.no/resultater/andre-lag-mix-flertall-menn-holmenkollstafetten-2023/
2023,andre lag mix flertall menn,2,2380,Dunder Mifflin,54:12,3252.0,https://sportsidioten.no/resultater/andre-lag-mix-flertall-menn-holmenkollstafetten-2023/
2023,andre lag mix flertall menn,3,2843,Team Baker Hansen,56:56,3416.0,https://sportsidioten.no/resultater/andre-lag-mix-flertall-menn-holmenkollstafetten-2023/
2023,andre lag mix flertall menn,4,2853,CMS Kluge Advokatfirma 1,57:18,3438.0,https://sportsidioten.no/resultater/andre-lag-mix-flertall-menn-holmenkollstafetten-2023/
2023,andre lag mix flertall menn,5,2801,Cisco 2,57:45,3465.0,https://sportsidioten.no/resultater/andre-lag-mix-flertall-menn-holmenkollstafetten-2023/
2023,andre lag mix flertall menn,6,2847,Advokatfirmaet Wiersholm 1,58:00,3480.0,https://sportsidioten.no/resultater/andre-lag-mix-flertall-menn-holmenkollstafetten-2023/
2023,andre lag mix flertall menn,7,2839,Advokatfirmaet BAHR AS Lag 1,58:10,3490.0,https://sportsidioten.no/resultater/andre-lag-mix-flertall-menn-holmenkollstafetten-2023/
2023,andre lag mix flertall menn,8,3316,McKinsey & Company,58:17,3497.0,https://sportsidioten.no/resultater/andre-lag-mix-flertall-menn-holmenkollstafetten-2023/
2023,andre lag mix flertall menn,9,7219,Löplabbet Pilestredet,58:20,3500.0,https://sportsidioten.no/resultater/andre-lag-mix-flertall-menn-holmenkollstafetten-2023/
2023,andre lag mix flertall menn,10,2819,Cognite,58:24,3504.0,https://sportsidioten.no/resultater/andre-lag-mix-flertall-menn-holmenkollstafetten-2023/
2023,andre lag mix flertall menn,11,2852,Ignite Procurement,58:49,3529.0,https://sportsidioten.no/resultater/andre-lag-mix-flertall-menn-holmenkollstafetten-2023/
2023,andre lag mix flertall menn,12,6380,Oddvar Brås utvalgte,59:06,3546.0,https://sportsidioten.no/resultater/andre-lag-mix-flertall-menn-holmenkollstafetten-2023/
2023,andre lag mix flertall menn,13,2821,Equinor BIL Oslo,59:06,3546.0,https://sportsidioten.no/resultater/andre-lag-mix-flertall-menn-holmenkollstafetten-2023/
2023,andre lag mix flertall menn,14,2871,Wikborg Rein BIL,59:11,3551.0,https://sportsidioten.no/resultater/andre-lag-mix-flertall-menn-holmenkollstafetten-2023/
2023,andre lag mix flertall menn,15,6104,Team Svimus,59:22,3562.0,https://sportsidioten.no/resultater/andre-lag-mix-flertall-menn-holmenkollstafetten-2023/
2023,andre lag mix flertall menn,16,2868,Storebrand Sport 1,1:00:10,3610.0,https://sportsidioten.no/resultater/andre-lag-mix-flertall-menn-holmenkollstafetten-2023/
2023,andre lag mix flertall menn,17,2833,Malling & Co Bedriftsidrettslag Elite,1:00:12,3612.0,https://sportsidioten.no/resultater/andre-lag-mix-flertall-menn-holmenkollstafetten-2023/
2023,andre lag mix flertall menn,18,2815,ABG Sundal Collier 1,1:00:39,3639.0,https://sportsidioten.no/resultater/andre-lag-mix-flertall-menn-holmenkollstafetten-2023/
2023,andre lag mix flertall menn,19,3937,PwC Deals 1,1:00:44,3644.0,https://sportsidioten.no/resultater/andre-lag-mix-flertall-menn-holmenkollstafetten-2023/
2023,andre lag mix flertall menn,20,6909,Advokatfirmaet Thommessen AS 5,1:00:48,3648.0,https://sportsidioten.no/resultater/andre-lag-mix-flertall-menn-holmenkollstafetten-2023/
2023,andre lag mix flertall menn,21,2802,Altor,1:01:03,3663.0,https://sportsidioten.no/resultater/andre-lag-mix-flertall-menn-holmenkollstafetten-2023/
2023,andre lag mix flertall menn,22,2867,Entra BIL,1:01:11,3671.0,https://sportsidioten.no/resultater/andre-lag-mix-flertall-menn-holmenkollstafetten-2023/
2023,andre lag mix flertall menn,23,3996,PwC Trust 3 #1,1:01:27,3687.0,https://sportsidioten.no/resultater/andre-lag-mix-flertall-menn-holmenkollstafetten-2023/
2023,andre lag mix flertall menn,24,4138,Sankthanshaugen Løpeklubb,1:01:35,3695.0,https://sportsidioten.no/resultater/andre-lag-mix-flertall-menn-holmenkollstafetten-2023/
2023,andre lag mix flertall menn,25,6544,Astrup Fearnley 1,1:01:37,3697.0,https://sportsidioten.no/resultater/andre-lag-mix-flertall-menn-holmenkollstafetten-2023/
2023,andre lag mix flertall menn,26,2808,Advokatfirmaet Haavind 1,1:01:46,3706.0,https://sportsidioten.no/resultater/andre-lag-mix-flertall-menn-holmenkollstafetten-2023/
2023,andre lag mix flertall menn,27,2817,Sparebank 1 Markets 1,1:01:50,3710.0,https://sportsidioten.no/resultater/andre-lag-mix-flertall-menn-holmenkollstafetten-2023/
2023,andre lag mix flertall menn,28,2804,Schonhowd Fysioterapi,1:01:58,3718.0,https://sportsidioten.no/resultater/andre-lag-mix-flertall-menn-holmenkollstafetten-2023/
2023,andre lag mix flertall menn,29,3613,ASKO MIDT-NORGE 1,1:02:00,3720.0,https://sportsidioten.no/resultater/andre-lag-mix-flertall-menn-holmenkollstafetten-2023/
2023,ideelle organisasjoner,1,2252,The Bardo Foundation Inc.,58:28,3508.0,https://sportsidioten.no/resultater/ideelle-organisasjoner-holmenkollstafetten-2023/
2023,ideelle organisasjoner,2,2219,Team Right To Play,1:00:12,3612.0,https://sportsidioten.no/resultater/ideelle-organisasjoner-holmenkollstafetten-2023/
2023,ideelle organisasjoner,3,2212,Ida Eides Minnefond,1:02:48,3768.0,https://sportsidioten.no/resultater/ideelle-organisasjoner-holmenkollstafetten-2023/
2023,ideelle organisasjoner,4,2201,Politivakta,1:08:52,4132.0,https://sportsidioten.no/resultater/ideelle-organisasjoner-holmenkollstafetten-2023/
2023,ideelle organisasjoner,5,2257,Skiforeningen,1:09:20,4160.0,https://sportsidioten.no/resultater/ideelle-organisasjoner-holmenkollstafetten-2023/
2023,ideelle organisasjoner,6,2203,Human-Etisk Forbund Oslo,1:11:36,4296.0,https://sportsidioten.no/resultater/ideelle-organisasjoner-holmenkollstafetten-2023/
2023,ideelle organisasjoner,7,2241,Gammeldalen IL,1:12:22,4342.0,https://sportsidioten.no/resultater/ideelle-organisasjoner-holmenkollstafetten-2023/
2023,ideelle organisasjoner,8,2253,NRC Flyktninghjelpen 1,1:14:01,4441.0,https://sportsidioten.no/resultater/ideelle-organisasjoner-holmenkollstafetten-2023/
2023,ideelle organisasjoner,9,2231,MOT Norge,1:14:08,4448.0,https://sportsidioten.no/resultater/ideelle-organisasjoner-holmenkollstafetten-2023/
2023,ideelle organisasjoner,10,2262,Stiftelsen Norges Geotekniske Institutt,1:15:47,4547.0,https://sportsidioten.no/resultater/ideelle-organisasjoner-holmenkollstafetten-2023/
2023,ideelle organisasjoner,11,2210,DNT Oslo og Omegn,1:15:54,4554.0,https://sportsidioten.no/resultater/ideelle-organisasjoner-holmenkollstafetten-2023/
2023,ideelle organisasjoner,12,2223,Oslo Røde Kors,1:16:19,4579.0,https://sportsidioten.no/resultater/ideelle-organisasjoner-holmenkollstafetten-2023/
2023,ideelle organisasjoner,13,2268,Norges Røde Kors,1:17:01,4621.0,https://sportsidioten.no/resultater/ideelle-organisasjoner-holmenkollstafetten-2023/
2023,ideelle organisasjoner,14,2240,Kreftforeningen BIL,1:17:22,4642.0,https://sportsidioten.no/resultater/ideelle-organisasjoner-holmenkollstafetten-2023/
2023,ideelle organisasjoner,15,2267,Human Rights Research League,1:18:52,4732.0,https://sportsidioten.no/resultater/ideelle-organisasjoner-holmenkollstafetten-2023/
2023,ideelle organisasjoner,16,2238,Norsk Folkehjelp,1:19:02,4742.0,https://sportsidioten.no/resultater/ideelle-organisasjoner-holmenkollstafetten-2023/
2023,ideelle organisasjoner,17,2244,Framtiden i Våre Hender,1:19:36,4776.0,https://sportsidioten.no/resultater/ideelle-organisasjoner-holmenkollstafetten-2023/
2023,ideelle organisasjoner,18,2209,Hampkampen,1:19:39,4779.0,https://sportsidioten.no/resultater/ideelle-organisasjoner-holmenkollstafetten-2023/
2023,ideelle organisasjoner,19,2234,ZERO & Skift,1:20:02,4802.0,https://sportsidioten.no/resultater/ideelle-organisasjoner-holmenkollstafetten-2023/
2023,ideelle organisasjoner,20,2208,Amnesty International Norge,1:20:25,4825.0,https://sportsidioten.no/resultater/ideelle-organisasjoner-holmenkollstafetten-2023/
2023,ideelle organisasjoner,21,2247,Svanemerket,1:20:32,4832.0,https://sportsidioten.no/resultater/ideelle-organisasjoner-holmenkollstafetten-2023/
2023,ideelle organisasjoner,22,2251,SOS-Barnebyer,1:20:50,4850.0,https://sportsidioten.no/resultater/ideelle-organisasjoner-holmenkollstafetten-2023/
2023,ideelle organisasjoner,23,2216,Digni,1:20:52,4852.0,https://sportsidioten.no/resultater/ideelle-organisasjoner-holmenkollstafetten-2023/
2023,ideelle organisasjoner,24,2260,nrg-u,1:21:17,4877.0,https://sportsidioten.no/resultater/ideelle-organisasjoner-holmenkollstafetten-2023/
2023,ideelle organisasjoner,25,2225,Barnekreftforeningen,1:22:37,4957.0,https://sportsidioten.no/resultater/ideelle-organisasjoner-holmenkollstafetten-2023/
2023,ideelle organisasjoner,26,2250,Kondis,1:22:54,4974.0,https://sportsidioten.no/resultater/ideelle-organisasjoner-holmenkollstafetten-2023/
2023,ideelle organisasjoner,27,2218,EAT Foundation,1:23:22,5002.0,https://sportsidioten.no/resultater/ideelle-organisasjoner-holmenkollstafetten-2023/
2023,ideelle organisasjoner,28,2214,ROS-laget,1:24:21,5061.0,https://sportsidioten.no/resultater/ideelle-organisasjoner-holmenkollstafetten-2023/
2023,ideelle organisasjoner,29,2228,A-team,1:24:24,5064.0,https://sportsidioten.no/resultater/ideelle-organisasjoner-holmenkollstafetten-2023/
2023,ideelle organisasjoner,30,2236,Heggeli Barnehjem,1:24:54,5094.0,https://sportsidioten.no/resultater/ideelle-organisasjoner-holmenkollstafetten-2023/
2023,ideelle organisasjoner,31,2255,Redd Barna A,1:25:28,5128.0,https://sportsidioten.no/resultater/ideelle-organisasjoner-holmenkollstafetten-2023/
2023,ideelle organisasjoner,32,2230,Human-Etisk Forbund Oslo,1:25:35,5135.0,https://sportsidioten.no/resultater/ideelle-organisasjoner-holmenkollstafetten-2023/
2023,ideelle organisasjoner,33,2243,INTOSAI Development Initiative,1:25:55,5155.0,https://sportsidioten.no/resultater/ideelle-organisasjoner-holmenkollstafetten-2023/
2023,ideelle organisasjoner,34,2263,Disease X,1:26:14,5174.0,https://sportsidioten.no/resultater/ideelle-organisasjoner-holmenkollstafetten-2023/
2023,ideelle organisasjoner,35,2217,Redningsselskapet RS BIL,1:26:2227:54,,https://sportsidioten.no/resultater/ideelle-organisasjoner-holmenkollstafetten-2023/
2023,ideelle organisasjoner,36,2202,Fornybar Norge,1:26:23,5183.0,https://sportsidioten.no/resultater/ideelle-organisasjoner-holmenkollstafetten-2023/
2023,ideelle organisasjoner,37,2239,LUB,1:28:07,5287.0,https://sportsidioten.no/resultater/ideelle-organisasjoner-holmenkollstafetten-2023/
2023,ideelle organisasjoner,38,2261,Norges Blindeforbund Bedriftsidrettslag,1:28:21,5301.0,https://sportsidioten.no/resultater/ideelle-organisasjoner-holmenkollstafetten-2023/
2023,ideelle organisasjoner,39,2237,Landsrådet for Norges barne- og ungdomsorganisasjoner,1:28:29,5309.0,https://sportsidioten.no/resultater/ideelle-organisasjoner-holmenkollstafetten-2023/
2023,ideelle organisasjoner,40,2204,NKS Grefsenlia,1:29:57,5397.0,https://sportsidioten.no/resultater/ideelle-organisasjoner-holmenkollstafetten-2023/
2023,ideelle organisasjoner,41,2224,Mensa Oslo,1:30:19,5419.0,https://sportsidioten.no/resultater/ideelle-organisasjoner-holmenkollstafetten-2023/
2023,ideelle organisasjoner,42,2213,Nasjonalforeningen For Folkehelsen,1:30:24,5424.0,https://sportsidioten.no/resultater/ideelle-organisasjoner-holmenkollstafetten-2023/
2023,ideelle organisasjoner,43,2264,NVIO Oslo Runners,1:31:36,5496.0,https://sportsidioten.no/resultater/ideelle-organisasjoner-holmenkollstafetten-2023/
2023,ideelle organisasjoner,44,2220,Run for freedom,1:31:36,5496.0,https://sportsidioten.no/resultater/ideelle-organisasjoner-holmenkollstafetten-2023/
2023,ideelle organisasjoner,45,2246,Østbytunet behandlingssenter,1:32:22,5542.0,https://sportsidioten.no/resultater/ideelle-organisasjoner-holmenkollstafetten-2023/
2023,ideelle organisasjoner,46,2259,Blå Kors Norge,1:32:42,5562.0,https://sportsidioten.no/resultater/ideelle-organisasjoner-holmenkollstafetten-2023/
2023,ideelle organisasjoner,47,2248,NABA & Friends,1:32:42,5562.0,https://sportsidioten.no/resultater/ideelle-organisasjoner-holmenkollstafetten-2023/
2023,ideelle organisasjoner,48,2215,Plan Norge,1:32:54,5574.0,https://sportsidioten.no/resultater/ideelle-organisasjoner-holmenkollstafetten-2023/
2023,ideelle organisasjoner,49,2207,Greenpeace,1:34:55,5695.0,https://sportsidioten.no/resultater/ideelle-organisasjoner-holmenkollstafetten-2023/
2023,ideelle organisasjoner,50,2232,Kirkens SOS lag 2,1:35:16,5716.0,https://sportsidioten.no/resultater/ideelle-organisasjoner-holmenkollstafetten-2023/
2023,kvinner bedrift,1,2646,PwC xLos Damer,1:06:11,3971.0,https://sportsidioten.no/resultater/kvinner-bedrift-holmenkollstafetten-2023/
2023,kvinner bedrift,2,2650,Norconsult – Kvinner,1:07:06,4026.0,https://sportsidioten.no/resultater/kvinner-bedrift-holmenkollstafetten-2023/
2023,kvinner bedrift,3,2632,Deloitte BIL Damer,1:07:29,4049.0,https://sportsidioten.no/resultater/kvinner-bedrift-holmenkollstafetten-2023/
2023,kvinner bedrift,4,2622,EY BIL Kvinner,1:07:30,4050.0,https://sportsidioten.no/resultater/kvinner-bedrift-holmenkollstafetten-2023/
2023,kvinner bedrift,5,2612,Orkla BIL Elite – Damer,1:08:19,4099.0,https://sportsidioten.no/resultater/kvinner-bedrift-holmenkollstafetten-2023/
2023,kvinner bedrift,6,2643,The Boston Consulting Group 2,1:08:40,4120.0,https://sportsidioten.no/resultater/kvinner-bedrift-holmenkollstafetten-2023/
2023,kvinner bedrift,7,2645,DNB BIL,1:10:10,4210.0,https://sportsidioten.no/resultater/kvinner-bedrift-holmenkollstafetten-2023/
2023,kvinner bedrift,8,2609,KPMG Elite Damer,1:12:18,4338.0,https://sportsidioten.no/resultater/kvinner-bedrift-holmenkollstafetten-2023/
2023,kvinner bedrift,9,2624,Sweco BIL Oslo Damer,1:13:48,4428.0,https://sportsidioten.no/resultater/kvinner-bedrift-holmenkollstafetten-2023/
2023,kvinner bedrift,10,2654,Multiconsult damer,1:13:53,4433.0,https://sportsidioten.no/resultater/kvinner-bedrift-holmenkollstafetten-2023/
2023,kvinner bedrift,11,2611,Haukeland Sykehus Idrettslag,1:14:02,4442.0,https://sportsidioten.no/resultater/kvinner-bedrift-holmenkollstafetten-2023/
2023,kvinner bedrift,12,2603,Statnett BIL,1:14:54,4494.0,https://sportsidioten.no/resultater/kvinner-bedrift-holmenkollstafetten-2023/
2023,kvinner bedrift,13,2639,Capgemini Kvinner,1:15:11,4511.0,https://sportsidioten.no/resultater/kvinner-bedrift-holmenkollstafetten-2023/
2023,kvinner bedrift,14,2615,Bergenslærernes BIL 1,1:15:40,4540.0,https://sportsidioten.no/resultater/kvinner-bedrift-holmenkollstafetten-2023/
2023,kvinner bedrift,15,2640,Accenturekvinnene,1:16:13,4573.0,https://sportsidioten.no/resultater/kvinner-bedrift-holmenkollstafetten-2023/
2023,kvinner bedrift,16,2651,Intility K1,1:16:14,4574.0,https://sportsidioten.no/resultater/kvinner-bedrift-holmenkollstafetten-2023/
2023,kvinner bedrift,17,2605,Equinor All Girls,1:16:17,4577.0,https://sportsidioten.no/resultater/kvinner-bedrift-holmenkollstafetten-2023/
2023,kvinner bedrift,18,2621,Oslo Politis Idrettslag,1:16:20,4580.0,https://sportsidioten.no/resultater/kvinner-bedrift-holmenkollstafetten-2023/
2023,kvinner bedrift,19,2642,SINTEF Løperjenter,1:17:27,4647.0,https://sportsidioten.no/resultater/kvinner-bedrift-holmenkollstafetten-2023/
2023,kvinner bedrift,20,2606,Caretec Bardujentene 1,1:18:38,4718.0,https://sportsidioten.no/resultater/kvinner-bedrift-holmenkollstafetten-2023/
2023,kvinner bedrift,21,2634,St. Olavs Hospital 1,1:18:47,4727.0,https://sportsidioten.no/resultater/kvinner-bedrift-holmenkollstafetten-2023/
2023,kvinner bedrift,22,2602,Pareto Securities Kvinner,1:18:49,4729.0,https://sportsidioten.no/resultater/kvinner-bedrift-holmenkollstafetten-2023/
2023,kvinner bedrift,23,2641,De rosa elefantene Lovisenberg,1:19:05,4745.0,https://sportsidioten.no/resultater/kvinner-bedrift-holmenkollstafetten-2023/
2023,kvinner bedrift,24,2608,Sprint Consulting 2,1:20:32,4832.0,https://sportsidioten.no/resultater/kvinner-bedrift-holmenkollstafetten-2023/
2023,kvinner bedrift,25,2633,Rystad Energy Wind,1:21:03,4863.0,https://sportsidioten.no/resultater/kvinner-bedrift-holmenkollstafetten-2023/
2023,kvinner bedrift,26,2636,Diakonhjemmet Sykehus 2,1:21:24,4884.0,https://sportsidioten.no/resultater/kvinner-bedrift-holmenkollstafetten-2023/
2023,kvinner bedrift,27,2618,Føden Rikshospitalet,1:22:34,4954.0,https://sportsidioten.no/resultater/kvinner-bedrift-holmenkollstafetten-2023/
2023,kvinner bedrift,28,2620,Veritas BIL,1:23:20,5000.0,https://sportsidioten.no/resultater/kvinner-bedrift-holmenkollstafetten-2023/
2023,kvinner bedrift,29,2627,Schibsted Partnerstudio,1:23:35,5015.0,https://sportsidioten.no/resultater/kvinner-bedrift-holmenkollstafetten-2023/
2023,kvinner bedrift,30,2637,Å Energi BIL K,1:24:10,5050.0,https://sportsidioten.no/resultater/kvinner-bedrift-holmenkollstafetten-2023/
2023,kvinner bedrift,31,2601,Norges Geotekniske Institutt NGI,1:24:28,5068.0,https://sportsidioten.no/resultater/kvinner-bedrift-holmenkollstafetten-2023/
2023,kvinner bedrift,32,2604,Nordre Aker barneverntjeneste,1:24:29,5069.0,https://sportsidioten.no/resultater/kvinner-bedrift-holmenkollstafetten-2023/
2023,kvinner bedrift,33,2613,"Vestre Viken Barneavdelingen, Sykepleierlaget",1:26:02,5162.0,https://sportsidioten.no/resultater/kvinner-bedrift-holmenkollstafetten-2023/
2023,kvinner bedrift,34,2607,Team Arctic Kvinner,1:26:41,5201.0,https://sportsidioten.no/resultater/kvinner-bedrift-holmenkollstafetten-2023/
2023,kvinner bedrift,35,2644,Aibel Asker BIL 2,1:28:03,5283.0,https://sportsidioten.no/resultater/kvinner-bedrift-holmenkollstafetten-2023/
2023,kvinner bedrift,36,2648,Selvaag Bolig ASA 1,1:28:24,5304.0,https://sportsidioten.no/resultater/kvinner-bedrift-holmenkollstafetten-2023/
2023,kvinner bedrift,37,2638,REMA 1000 Girl Power,1:28:54,5334.0,https://sportsidioten.no/resultater/kvinner-bedrift-holmenkollstafetten-2023/
2023,kvinner bedrift,38,2631,Bdo Elite,1:29:08,5348.0,https://sportsidioten.no/resultater/kvinner-bedrift-holmenkollstafetten-2023/
2023,kvinner bedrift,39,2617,Computas,1:29:15,5355.0,https://sportsidioten.no/resultater/kvinner-bedrift-holmenkollstafetten-2023/
2023,kvinner bedrift,40,2630,Mer enn tall AS,1:29:30,5370.0,https://sportsidioten.no/resultater/kvinner-bedrift-holmenkollstafetten-2023/
2023,kvinner bedrift,41,2653,COWI BIL – Kvinner,1:29:56,5396.0,https://sportsidioten.no/resultater/kvinner-bedrift-holmenkollstafetten-2023/
2023,kvinner bedrift,42,2635,Ge Healthcare Damer,1:30:36,5436.0,https://sportsidioten.no/resultater/kvinner-bedrift-holmenkollstafetten-2023/
2023,kvinner bedrift,43,2625,Falck Helse Øst,1:30:36,5436.0,https://sportsidioten.no/resultater/kvinner-bedrift-holmenkollstafetten-2023/
2023,kvinner bedrift,44,2647,Helsetøsene,1:31:42,5502.0,https://sportsidioten.no/resultater/kvinner-bedrift-holmenkollstafetten-2023/
2023,kvinner bedrift,45,2616,"OUS, Ullevål, Ortopedisk Sengepost 1",1:33:17,5597.0,https://sportsidioten.no/resultater/kvinner-bedrift-holmenkollstafetten-2023/
2023,kvinner bedrift,46,2610,Team Kleivane,1:33:32,5612.0,https://sportsidioten.no/resultater/kvinner-bedrift-holmenkollstafetten-2023/
2023,kvinner bedrift,47,2649,Grünerløkka`s Superpedagoger,1:34:11,5651.0,https://sportsidioten.no/resultater/kvinner-bedrift-holmenkollstafetten-2023/
2023,kvinner bedrift,48,2619,OsloMet LUI,1:35:00,5700.0,https://sportsidioten.no/resultater/kvinner-bedrift-holmenkollstafetten-2023/
2023,kvinner bedrift,49,2652,Team Marinka,1:36:20,5780.0,https://sportsidioten.no/resultater/kvinner-bedrift-holmenkollstafetten-2023/
2023,kvinner bedrift,50,2629,Grønland helsestasjon,1:36:30,5790.0,https://sportsidioten.no/resultater/kvinner-bedrift-holmenkollstafetten-2023/
2023,kvinner elite,1,2,IK Tjalve,56:49,3409.0,https://sportsidioten.no/resultater/kvinner-elite-holmenkollstafetten-2023/
2023,kvinner elite,2,1,Sportsklubben Vidar,58:49,3529.0,https://sportsidioten.no/resultater/kvinner-elite-holmenkollstafetten-2023/
2023,kvinner elite,3,5,Raumnes & Årnes IL,1:00:16,3616.0,https://sportsidioten.no/resultater/kvinner-elite-holmenkollstafetten-2023/
2023,kvinner elite,4,4,IL Varegg Fleridrett,1:00:25,3625.0,https://sportsidioten.no/resultater/kvinner-elite-holmenkollstafetten-2023/
2023,kvinner elite,5,3,Idrottslaget Gular,1:01:10,3670.0,https://sportsidioten.no/resultater/kvinner-elite-holmenkollstafetten-2023/
2023,kvinner elite,6,17,Sportsklubben Vidar II,1:01:30,3690.0,https://sportsidioten.no/resultater/kvinner-elite-holmenkollstafetten-2023/
2023,kvinner elite,7,8,Strindheim IL,1:02:48,3768.0,https://sportsidioten.no/resultater/kvinner-elite-holmenkollstafetten-2023/
2023,kvinner elite,8,16,IL i BUL,1:04:07,3847.0,https://sportsidioten.no/resultater/kvinner-elite-holmenkollstafetten-2023/
2023,kvinner elite,9,18,Sportsklubben Vidar III,1:04:21,3861.0,https://sportsidioten.no/resultater/kvinner-elite-holmenkollstafetten-2023/
2023,kvinner elite,10,11,Kjelsås IL Langrenn,1:05:02,3902.0,https://sportsidioten.no/resultater/kvinner-elite-holmenkollstafetten-2023/
2023,kvinner elite,11,6,Ullensaker/Kisa IL Friidrett F6,1:05:20,3920.0,https://sportsidioten.no/resultater/kvinner-elite-holmenkollstafetten-2023/
2023,kvinner elite,12,9,Spirit friidrett elite,1:05:26,3926.0,https://sportsidioten.no/resultater/kvinner-elite-holmenkollstafetten-2023/
2023,kvinner elite,13,7,Il Tyrving,1:05:49,3949.0,https://sportsidioten.no/resultater/kvinner-elite-holmenkollstafetten-2023/
2023,kvinner elite,14,13,FIK Ren-Eng,1:06:41,4001.0,https://sportsidioten.no/resultater/kvinner-elite-holmenkollstafetten-2023/
2023,kvinner elite,15,10,Lillehammer Idrettsforening,1:06:55,4015.0,https://sportsidioten.no/resultater/kvinner-elite-holmenkollstafetten-2023/
2023,kvinner elite,16,12,Kif-Friidrett,1:07:09,4029.0,https://sportsidioten.no/resultater/kvinner-elite-holmenkollstafetten-2023/
2023,kvinner elite,17,15,LYN SKI Elite kvinner,1:07:42,4062.0,https://sportsidioten.no/resultater/kvinner-elite-holmenkollstafetten-2023/
2023,kvinner elite,18,14,Namdal Løpeklubb,1:09:49,4189.0,https://sportsidioten.no/resultater/kvinner-elite-holmenkollstafetten-2023/
2023,kvinner junior,1,101,Il Tyrving,1:11:58,4318.0,https://sportsidioten.no/resultater/kvinner-junior-holmenkollstafetten-2023/
2023,kvinner junior,2,103,Nittedal IL,1:13:23,4403.0,https://sportsidioten.no/resultater/kvinner-junior-holmenkollstafetten-2023/
2023,kvinner junior,3,104,"Tullinge friidrott, Sverige",1:14:06,4446.0,https://sportsidioten.no/resultater/kvinner-junior-holmenkollstafetten-2023/
2023,kvinner junior,4,102,Ullensaker/Kisa IL Friidrett,1:14:29,4469.0,https://sportsidioten.no/resultater/kvinner-junior-holmenkollstafetten-2023/
2023,kvinner senior,1,419,Sportsklubben Vidar 1919,1:08:52,4132.0,https://sportsidioten.no/resultater/kvinner-senior-holmenkollstafetten-2023/
2023,kvinner senior,2,410,Svorkmo/NOI,1:09:53,4193.0,https://sportsidioten.no/resultater/kvinner-senior-holmenkollstafetten-2023/
2023,kvinner senior,3,415,Nesodden Idrettsforening,1:09:58,4198.0,https://sportsidioten.no/resultater/kvinner-senior-holmenkollstafetten-2023/
2023,kvinner senior,4,420,Andebu IL Bedre Enn I Fjor,1:10:02,4202.0,https://sportsidioten.no/resultater/kvinner-senior-holmenkollstafetten-2023/
2023,kvinner senior,5,411,Asker Skiklubb – Friidrett,1:10:31,4231.0,https://sportsidioten.no/resultater/kvinner-senior-holmenkollstafetten-2023/
2023,kvinner senior,6,418,FIK Ren-Eng,1:10:42,4242.0,https://sportsidioten.no/resultater/kvinner-senior-holmenkollstafetten-2023/
2023,kvinner senior,7,408,Bjerkreim IL 1,1:11:17,4277.0,https://sportsidioten.no/resultater/kvinner-senior-holmenkollstafetten-2023/
2023,kvinner senior,8,416,Rustad IL,1:11:35,4295.0,https://sportsidioten.no/resultater/kvinner-senior-holmenkollstafetten-2023/
2023,kvinner senior,9,406,Modum Friidrettsklubb,1:11:58,4318.0,https://sportsidioten.no/resultater/kvinner-senior-holmenkollstafetten-2023/
2023,kvinner senior,10,404,GTI Friidrettsklubb,1:12:34,4354.0,https://sportsidioten.no/resultater/kvinner-senior-holmenkollstafetten-2023/
2023,kvinner senior,11,407,Brandbu IF,1:13:26,4406.0,https://sportsidioten.no/resultater/kvinner-senior-holmenkollstafetten-2023/
2023,kvinner senior,12,401,Øyer-Tretten IF,1:14:01,4441.0,https://sportsidioten.no/resultater/kvinner-senior-holmenkollstafetten-2023/
2023,kvinner senior,13,417,Rustad IL 2,1:14:56,4496.0,https://sportsidioten.no/resultater/kvinner-senior-holmenkollstafetten-2023/
2023,kvinner senior,14,412,Fossum IF,1:16:03,4563.0,https://sportsidioten.no/resultater/kvinner-senior-holmenkollstafetten-2023/
2023,kvinner senior,15,413,Røldal Il,1:16:35,4595.0,https://sportsidioten.no/resultater/kvinner-senior-holmenkollstafetten-2023/
2023,kvinner senior,16,409,Aurskog-Høland Friidrettslag,1:17:01,4621.0,https://sportsidioten.no/resultater/kvinner-senior-holmenkollstafetten-2023/
2023,kvinner senior,17,405,Bjerkreim IL 2,1:26:37,5197.0,https://sportsidioten.no/resultater/kvinner-senior-holmenkollstafetten-2023/
2023,kvinner senior,18,414,GTI Friidrettsklubb 4,1:32:37,5557.0,https://sportsidioten.no/resultater/kvinner-senior-holmenkollstafetten-2023/
2023,menn elite,1,602,Ullensaker/Kisa IL Friidrett F1 1. lag,48:43,2923.0,https://sportsidioten.no/resultater/menn-elite-holmenkollstafetten-2023/
2023,menn elite,2,601,Idrottslaget Gular,48:54,2934.0,https://sportsidioten.no/resultater/menn-elite-holmenkollstafetten-2023/
2023,menn elite,3,617,Hälle IF,49:38,2978.0,https://sportsidioten.no/resultater/menn-elite-holmenkollstafetten-2023/
2023,menn elite,4,618,Spårvägens Fk,50:53,3053.0,https://sportsidioten.no/resultater/menn-elite-holmenkollstafetten-2023/
2023,menn elite,5,604,Sportsklubben Vidar,50:58,3058.0,https://sportsidioten.no/resultater/menn-elite-holmenkollstafetten-2023/
2023,menn elite,6,605,Gneist IL – Friidrett,51:31,3091.0,https://sportsidioten.no/resultater/menn-elite-holmenkollstafetten-2023/
2023,menn elite,7,603,IK Tjalve,52:20,3140.0,https://sportsidioten.no/resultater/menn-elite-holmenkollstafetten-2023/
2023,menn elite,8,609,Jølster IL,52:47,3167.0,https://sportsidioten.no/resultater/menn-elite-holmenkollstafetten-2023/
2023,menn elite,9,619,Sportsklubben Vidar II,52:49,3169.0,https://sportsidioten.no/resultater/menn-elite-holmenkollstafetten-2023/
2023,menn elite,10,615,Strindheim IL,52:52,3172.0,https://sportsidioten.no/resultater/menn-elite-holmenkollstafetten-2023/
2023,menn elite,11,614,IL Heming 1,52:54,3174.0,https://sportsidioten.no/resultater/menn-elite-holmenkollstafetten-2023/
2023,menn elite,12,606,Svorkmo/NOI,53:25,3205.0,https://sportsidioten.no/resultater/menn-elite-holmenkollstafetten-2023/
2023,menn elite,13,608,IL Varegg Fleridrett,53:27,3207.0,https://sportsidioten.no/resultater/menn-elite-holmenkollstafetten-2023/
2023,menn elite,14,607,Mosvik IL Friidrett,53:36,3216.0,https://sportsidioten.no/resultater/menn-elite-holmenkollstafetten-2023/
2023,menn elite,15,611,IF Kamp/Vestheim,54:04,3244.0,https://sportsidioten.no/resultater/menn-elite-holmenkollstafetten-2023/
2023,menn elite,16,612,FIK Ren-Eng,54:14,3254.0,https://sportsidioten.no/resultater/menn-elite-holmenkollstafetten-2023/
2023,menn elite,17,610,Rindal IL,54:52,3292.0,https://sportsidioten.no/resultater/menn-elite-holmenkollstafetten-2023/
2023,menn elite,18,613,LYN SKI Elite menn,55:00,3300.0,https://sportsidioten.no/resultater/menn-elite-holmenkollstafetten-2023/
2023,menn elite,19,620,Ullensaker/Kisa IL Friidrett F1 2. lag,55:30,3330.0,https://sportsidioten.no/resultater/menn-elite-holmenkollstafetten-2023/
2023,menn elite,20,616,Namdal Løpeklubb,56:09,3369.0,https://sportsidioten.no/resultater/menn-elite-holmenkollstafetten-2023/
2023,menn superveteran,1,903,Sportsklubben Vidar,1:02:49,3769.0,https://sportsidioten.no/resultater/menn-superveteran-holmenkollstafetten-2023/
2023,menn superveteran,2,902,Ullensaker/Kisa IL F5 1. lag,1:05:06,3906.0,https://sportsidioten.no/resultater/menn-superveteran-holmenkollstafetten-2023/
2023,menn veteran,1,1005,Slevik IL,59:12,3552.0,https://sportsidioten.no/resultater/menn-veteran-holmenkollstafetten-2023/
2023,menn veteran,2,1003,Spirit friidrett veteran,59:14,3554.0,https://sportsidioten.no/resultater/menn-veteran-holmenkollstafetten-2023/
2023,menn veteran,3,1004,Heming Veteran,1:00:1,,https://sportsidioten.no/resultater/menn-veteran-holmenkollstafetten-2023/
2023,menn veteran,4,1002,IL i BUL,1:01:53,3713.0,https://sportsidioten.no/resultater/menn-veteran-holmenkollstafetten-2023/
2023,menn veteran,5,1008,Ås IL,1:03:38,3818.0,https://sportsidioten.no/resultater/menn-veteran-holmenkollstafetten-2023/
2023,menn veteran,6,1007,Lillehammer Idrettsforening,1:03:49,3829.0,https://sportsidioten.no/resultater/menn-veteran-holmenkollstafetten-2023/
2023,menn veteran,7,1001,Namdal Løpeklubb veteran,1:03:57,3837.0,https://sportsidioten.no/resultater/menn-veteran-holmenkollstafetten-2023/
2023,militaere forlegninger,1,1121,Sleipner Express,57:40,3460.0,https://sportsidioten.no/resultater/militaere-forlegninger-holmenkollstafetten-2023/
2023,militaere forlegninger,2,1127,Krigsskolen,58:09,3489.0,https://sportsidioten.no/resultater/militaere-forlegninger-holmenkollstafetten-2023/
2023,militaere forlegninger,3,1122,Hans Majestet Kongens Garde senior,1:00:04,3604.0,https://sportsidioten.no/resultater/militaere-forlegninger-holmenkollstafetten-2023/
2023,militaere forlegninger,4,1112,Hans Majestet Kongens Garde junior,1:00:05,3605.0,https://sportsidioten.no/resultater/militaere-forlegninger-holmenkollstafetten-2023/
2023,militaere forlegninger,5,1131,Fiskarhalvøya,1:01:38,3698.0,https://sportsidioten.no/resultater/militaere-forlegninger-holmenkollstafetten-2023/
2023,militaere forlegninger,6,1104,Rexim 027 1,1:03:28,3808.0,https://sportsidioten.no/resultater/militaere-forlegninger-holmenkollstafetten-2023/
2023,militaere forlegninger,7,1126,BFBN,1:03:32,3812.0,https://sportsidioten.no/resultater/militaere-forlegninger-holmenkollstafetten-2023/
2023,militaere forlegninger,8,1123,Cyberingeniørskolen,1:06:30,3990.0,https://sportsidioten.no/resultater/militaere-forlegninger-holmenkollstafetten-2023/
2023,militaere forlegninger,9,1120,Kolsås BIL – Landkapasiteter,1:06:57,4017.0,https://sportsidioten.no/resultater/militaere-forlegninger-holmenkollstafetten-2023/
2023,militaere forlegninger,10,1115,MP HRS,1:07:49,4069.0,https://sportsidioten.no/resultater/militaere-forlegninger-holmenkollstafetten-2023/
2023,militaere forlegninger,11,1129,Krigsskolen 2,1:08:53,4133.0,https://sportsidioten.no/resultater/militaere-forlegninger-holmenkollstafetten-2023/
2023,militaere forlegninger,12,1110,Mix krigere,1:09:52,4192.0,https://sportsidioten.no/resultater/militaere-forlegninger-holmenkollstafetten-2023/
2023,militaere forlegninger,13,1114,Cybertekniker kull 5/6,1:10:16,4216.0,https://sportsidioten.no/resultater/militaere-forlegninger-holmenkollstafetten-2023/
2023,militaere forlegninger,14,1124,Setertun Consulting,1:11:26,4286.0,https://sportsidioten.no/resultater/militaere-forlegninger-holmenkollstafetten-2023/
2023,militaere forlegninger,15,1103,REXIM 027 2,1:11:56,4316.0,https://sportsidioten.no/resultater/militaere-forlegninger-holmenkollstafetten-2023/
2023,militaere forlegninger,16,1111,FMA LuftKapasiteter,1:13:40,4420.0,https://sportsidioten.no/resultater/militaere-forlegninger-holmenkollstafetten-2023/
2023,militaere forlegninger,17,1125,Luftforsvaret,1:15:13,4513.0,https://sportsidioten.no/resultater/militaere-forlegninger-holmenkollstafetten-2023/
2023,militaere forlegninger,18,1113,Sanitetsregimentet,1:15:43,4543.0,https://sportsidioten.no/resultater/militaere-forlegninger-holmenkollstafetten-2023/
2023,militaere forlegninger,19,1130,Plan- og Beslutningsetaten,1:16:04,4564.0,https://sportsidioten.no/resultater/militaere-forlegninger-holmenkollstafetten-2023/
2023,militaere forlegninger,20,1116,Hærstaben,1:16:25,4585.0,https://sportsidioten.no/resultater/militaere-forlegninger-holmenkollstafetten-2023/
2023,militaere forlegninger,21,1119,Kolsås BIL 2,1:17:20,4640.0,https://sportsidioten.no/resultater/militaere-forlegninger-holmenkollstafetten-2023/
2023,militaere forlegninger,22,1107,Forsvaret kommunikasjon,1:18:55,4735.0,https://sportsidioten.no/resultater/militaere-forlegninger-holmenkollstafetten-2023/
2023,militaere forlegninger,23,1128,IMPS,1:19:05,4745.0,https://sportsidioten.no/resultater/militaere-forlegninger-holmenkollstafetten-2023/
2023,militaere forlegninger,24,1109,Trenregimentet Rena,1:19:17,4757.0,https://sportsidioten.no/resultater/militaere-forlegninger-holmenkollstafetten-2023/
2023,militaere forlegninger,25,1102,Forsvarsmateriell,1:19:50,4790.0,https://sportsidioten.no/resultater/militaere-forlegninger-holmenkollstafetten-2023/
2023,militaere forlegninger,26,1105,Forsvarsmateriell IKT-KAP KA,1:22:13,4933.0,https://sportsidioten.no/resultater/militaere-forlegninger-holmenkollstafetten-2023/
2023,militaere forlegninger,27,1106,NMP,1:22:40,4960.0,https://sportsidioten.no/resultater/militaere-forlegninger-holmenkollstafetten-2023/
2023,militaere forlegninger,28,1101,Forsvaret Kjeller BIL,1:23:09,4989.0,https://sportsidioten.no/resultater/militaere-forlegninger-holmenkollstafetten-2023/
2023,militaere forlegninger,29,1108,miliarius justitiarius,1:24:24,5064.0,https://sportsidioten.no/resultater/militaere-forlegninger-holmenkollstafetten-2023/
2023,militaere forlegninger,30,1118,Kolsås BIL 1,1:25:48,5148.0,https://sportsidioten.no/resultater/militaere-forlegninger-holmenkollstafetten-2023/
2023,militaere forlegninger,31,1117,Forsvarets veterantjeneste,1:27:14,5234.0,https://sportsidioten.no/resultater/militaere-forlegninger-holmenkollstafetten-2023/
2023,andre lag mix flertall kvinner,1,7704,twr lundmarks satsebuss,1:03:07,3787.0,https://sportsidioten.no/resultater/resultater-andre-lag-mix-flertall-kvinner-holmenkollstafetten-2023/
2023,andre lag mix flertall kvinner,2,7977,Bull Aktiv,1:03:33,3813.0,https://sportsidioten.no/resultater/resultater-andre-lag-mix-flertall-kvinner-holmenkollstafetten-2023/
2023,andre lag mix flertall kvinner,3,6916,Lovstafetten Bergen,1:04:23,3863.0,https://sportsidioten.no/resultater/resultater-andre-lag-mix-flertall-kvinner-holmenkollstafetten-2023/
2023,andre lag mix flertall kvinner,4,7915,TEAM DÆHLIE Ambassadører,1:04:28,3868.0,https://sportsidioten.no/resultater/resultater-andre-lag-mix-flertall-kvinner-holmenkollstafetten-2023/
2023,andre lag mix flertall kvinner,5,3955,PwC Bergen,1:05:09,3909.0,https://sportsidioten.no/resultater/resultater-andre-lag-mix-flertall-kvinner-holmenkollstafetten-2023/
2023,andre lag mix flertall kvinner,6,7337,Ullevål Og Tåsen Fysioterapi Og Trening,1:07:25,4045.0,https://sportsidioten.no/resultater/resultater-andre-lag-mix-flertall-kvinner-holmenkollstafetten-2023/
2023,andre lag mix flertall kvinner,7,2921,IL i BUL,1:07:27,4047.0,https://sportsidioten.no/resultater/resultater-andre-lag-mix-flertall-kvinner-holmenkollstafetten-2023/
2023,andre lag mix flertall kvinner,8,2832,Folkehelseinstituttet BIL 2,1:07:46,4066.0,https://sportsidioten.no/resultater/resultater-andre-lag-mix-flertall-kvinner-holmenkollstafetten-2023/
2023,andre lag mix flertall kvinner,9,2922,NIHs streberlag,1:07:57,4077.0,https://sportsidioten.no/resultater/resultater-andre-lag-mix-flertall-kvinner-holmenkollstafetten-2023/
2023,andre lag mix flertall kvinner,10,7022,Dnv Maritime Advisory 1,1:07:59,4079.0,https://sportsidioten.no/resultater/resultater-andre-lag-mix-flertall-kvinner-holmenkollstafetten-2023/
2023,andre lag mix flertall kvinner,11,2851,Ahus leger medisinsk avdeling,1:08:10,4090.0,https://sportsidioten.no/resultater/resultater-andre-lag-mix-flertall-kvinner-holmenkollstafetten-2023/
2023,andre lag mix flertall kvinner,12,2978,Vytis Running Club,1:08:12,4092.0,https://sportsidioten.no/resultater/resultater-andre-lag-mix-flertall-kvinner-holmenkollstafetten-2023/
2023,andre lag mix flertall kvinner,13,6110,IHS-BEST 1,1:08:42,4122.0,https://sportsidioten.no/resultater/resultater-andre-lag-mix-flertall-kvinner-holmenkollstafetten-2023/
2023,andre lag mix flertall kvinner,14,7303,Barry’s Bootcamp,1:09:11,4151.0,https://sportsidioten.no/resultater/resultater-andre-lag-mix-flertall-kvinner-holmenkollstafetten-2023/
2023,andre lag mix flertall kvinner,15,7805,Kuben videregående skole 2,1:09:36,4176.0,https://sportsidioten.no/resultater/resultater-andre-lag-mix-flertall-kvinner-holmenkollstafetten-2023/
2023,andre lag mix flertall kvinner,16,3164,Landbruksdirektoratet Lag 1,1:09:43,4183.0,https://sportsidioten.no/resultater/resultater-andre-lag-mix-flertall-kvinner-holmenkollstafetten-2023/
2023,andre lag mix flertall kvinner,17,2816,Arntzen De Besche Advokatfirma,1:09:57,4197.0,https://sportsidioten.no/resultater/resultater-andre-lag-mix-flertall-kvinner-holmenkollstafetten-2023/
2023,andre lag mix flertall kvinner,18,3348,Wilh. Wilhelmsen I – Thermopylae,1:10:05,4205.0,https://sportsidioten.no/resultater/resultater-andre-lag-mix-flertall-kvinner-holmenkollstafetten-2023/
2023,andre lag mix flertall kvinner,19,3326,Team Flyge,1:10:09,4209.0,https://sportsidioten.no/resultater/resultater-andre-lag-mix-flertall-kvinner-holmenkollstafetten-2023/
2023,andre lag mix flertall kvinner,20,6996,Menon Economics,1:10:42,4242.0,https://sportsidioten.no/resultater/resultater-andre-lag-mix-flertall-kvinner-holmenkollstafetten-2023/
2023,andre lag mix flertall kvinner,21,7812,Team skibabes,1:10:50,4250.0,https://sportsidioten.no/resultater/resultater-andre-lag-mix-flertall-kvinner-holmenkollstafetten-2023/
2023,andre lag mix flertall kvinner,22,6510,OUS Oncorunners,1:11:19,4279.0,https://sportsidioten.no/resultater/resultater-andre-lag-mix-flertall-kvinner-holmenkollstafetten-2023/
2023,andre lag mix flertall kvinner,23,2958,Advokatfirmaet Lund & Co Da,1:11:28,4288.0,https://sportsidioten.no/resultater/resultater-andre-lag-mix-flertall-kvinner-holmenkollstafetten-2023/
2023,andre lag mix flertall kvinner,24,2910,CB ELITE,1:11:34,4294.0,https://sportsidioten.no/resultater/resultater-andre-lag-mix-flertall-kvinner-holmenkollstafetten-2023/
2023,andre lag mix flertall kvinner,25,3149,Legestudentenes idrettsklubb,1:11:37,4297.0,https://sportsidioten.no/resultater/resultater-andre-lag-mix-flertall-kvinner-holmenkollstafetten-2023/
2023,andre lag mix flertall kvinner,26,4717,Advokatfirmaet Grette,1:11:57,4317.0,https://sportsidioten.no/resultater/resultater-andre-lag-mix-flertall-kvinner-holmenkollstafetten-2023/
2023,andre lag mix flertall kvinner,27,6130,Ihs-Best 2,1:12:01,4321.0,https://sportsidioten.no/resultater/resultater-andre-lag-mix-flertall-kvinner-holmenkollstafetten-2023/
2023,andre lag mix flertall kvinner,28,3189,SEAS-pilotene,1:12:21,4341.0,https://sportsidioten.no/resultater/resultater-andre-lag-mix-flertall-kvinner-holmenkollstafetten-2023/
2023,andre lag mix flertall kvinner,29,4011,Deloitte BIL Mix 13,1:12:26,4346.0,https://sportsidioten.no/resultater/resultater-andre-lag-mix-flertall-kvinner-holmenkollstafetten-2023/
2023,andre lag mix flertall kvinner,30,3991,Deloitte BIL Mix 9,1:12:36,4356.0,https://sportsidioten.no/resultater/resultater-andre-lag-mix-flertall-kvinner-holmenkollstafetten-2023/
2023,menn bedrift,1,2307,PwC xLos Herrer,53:22,3202.0,https://sportsidioten.no/resultater/resultater-menn-bedrift-holmenkollstafetten-2023/
2023,menn bedrift,2,2345,Norconsult – Herrer,53:45,3225.0,https://sportsidioten.no/resultater/resultater-menn-bedrift-holmenkollstafetten-2023/
2023,menn bedrift,3,2356,EY BIL – 1. lag Herrer,54:38,3278.0,https://sportsidioten.no/resultater/resultater-menn-bedrift-holmenkollstafetten-2023/
2023,menn bedrift,4,2320,DNB BIL,55:46,3346.0,https://sportsidioten.no/resultater/resultater-menn-bedrift-holmenkollstafetten-2023/
2023,menn bedrift,5,2305,The Boston Consulting Group 1,56:19,3379.0,https://sportsidioten.no/resultater/resultater-menn-bedrift-holmenkollstafetten-2023/
2023,menn bedrift,6,2318,Team Arctic Herrer – BI bedrift,56:20,3380.0,https://sportsidioten.no/resultater/resultater-menn-bedrift-holmenkollstafetten-2023/
2023,menn bedrift,7,2379,Deloitte BIL Herrer,56:56,3416.0,https://sportsidioten.no/resultater/resultater-menn-bedrift-holmenkollstafetten-2023/
2023,menn bedrift,8,2385,Multiconsult herrer,57:15,3435.0,https://sportsidioten.no/resultater/resultater-menn-bedrift-holmenkollstafetten-2023/
2023,menn bedrift,9,2343,Capgemini Menn,57:17,3437.0,https://sportsidioten.no/resultater/resultater-menn-bedrift-holmenkollstafetten-2023/
2023,menn bedrift,10,2347,Pareto Securities 1,58:27,3507.0,https://sportsidioten.no/resultater/resultater-menn-bedrift-holmenkollstafetten-2023/
2023,menn bedrift,11,2361,Rystad Energy Power,58:39,3519.0,https://sportsidioten.no/resultater/resultater-menn-bedrift-holmenkollstafetten-2023/
2023,menn bedrift,12,2366,Intility M1,59:43,3583.0,https://sportsidioten.no/resultater/resultater-menn-bedrift-holmenkollstafetten-2023/
2023,menn bedrift,13,2358,Bdo Elite,1:00:25,3625.0,https://sportsidioten.no/resultater/resultater-menn-bedrift-holmenkollstafetten-2023/
2023,menn bedrift,14,2362,Accentureherrene,1:02:31,3751.0,https://sportsidioten.no/resultater/resultater-menn-bedrift-holmenkollstafetten-2023/
2023,menn bedrift,15,2357,Silicon Labs Energy Friendly Runners,1:02:54,3774.0,https://sportsidioten.no/resultater/resultater-menn-bedrift-holmenkollstafetten-2023/
2023,menn bedrift,16,2314,Orkla BIL Elite – Herrer,1:02:57,3777.0,https://sportsidioten.no/resultater/resultater-menn-bedrift-holmenkollstafetten-2023/
2023,menn bedrift,17,2378,Beredskapstroppen,1:03:18,3798.0,https://sportsidioten.no/resultater/resultater-menn-bedrift-holmenkollstafetten-2023/
2023,menn bedrift,18,2353,Bergen Politi,1:03:50,3830.0,https://sportsidioten.no/resultater/resultater-menn-bedrift-holmenkollstafetten-2023/
2023,menn bedrift,19,2335,Aibel Asker BIL,1:04:11,3851.0,https://sportsidioten.no/resultater/resultater-menn-bedrift-holmenkollstafetten-2023/
2023,menn bedrift,20,2344,TINE Tunga 1,1:04:33,3873.0,https://sportsidioten.no/resultater/resultater-menn-bedrift-holmenkollstafetten-2023/
2023,menn bedrift,21,2364,Handelsbanken BIL turkis,1:04:51,3891.0,https://sportsidioten.no/resultater/resultater-menn-bedrift-holmenkollstafetten-2023/
2023,menn bedrift,22,2342,Diakonhjemmet Sykehus 1,1:04:56,3896.0,https://sportsidioten.no/resultater/resultater-menn-bedrift-holmenkollstafetten-2023/
2023,menn bedrift,23,2336,Statnett BIL 1,1:05:46,3946.0,https://sportsidioten.no/resultater/resultater-menn-bedrift-holmenkollstafetten-2023/
2023,menn bedrift,24,2352,Å Energi BIL M,1:06:33,3993.0,https://sportsidioten.no/resultater/resultater-menn-bedrift-holmenkollstafetten-2023/
2023,menn bedrift,25,2350,Rystad Energy Oil,1:06:40,4000.0,https://sportsidioten.no/resultater/resultater-menn-bedrift-holmenkollstafetten-2023/
2023,menn bedrift,26,2306,Team Arctic Herrer II,1:07:35,4055.0,https://sportsidioten.no/resultater/resultater-menn-bedrift-holmenkollstafetten-2023/
2023,menn bedrift,27,2331,Scan Survey AS,1:08:30,4110.0,https://sportsidioten.no/resultater/resultater-menn-bedrift-holmenkollstafetten-2023/
2023,menn bedrift,28,2321,COWI BIL – Menn,1:08:32,4112.0,https://sportsidioten.no/resultater/resultater-menn-bedrift-holmenkollstafetten-2023/
2023,menn bedrift,29,2323,Novelda UWB Runners,1:08:39,4119.0,https://sportsidioten.no/resultater/resultater-menn-bedrift-holmenkollstafetten-2023/
2023,menn bedrift,30,2340,Veritas BIL,1:09:21,4161.0,https://sportsidioten.no/resultater/resultater-menn-bedrift-holmenkollstafetten-2023/
2023,menn bedrift,31,2360,REMA 1000 Gents,1:11:08,4268.0,https://sportsidioten.no/resultater/resultater-menn-bedrift-holmenkollstafetten-2023/
2023,menn bedrift,32,2317,Ball & Jekkert,1:11:39,4299.0,https://sportsidioten.no/resultater/resultater-menn-bedrift-holmenkollstafetten-2023/
2023,menn bedrift,33,2370,Celsia,1:11:42,4302.0,https://sportsidioten.no/resultater/resultater-menn-bedrift-holmenkollstafetten-2023/
2023,menn bedrift,34,2368,Sportradar AS,1:11:44,4304.0,https://sportsidioten.no/resultater/resultater-menn-bedrift-holmenkollstafetten-2023/
2023,menn bedrift,35,2384,Anna Asset Management,1:11:46,4306.0,https://sportsidioten.no/resultater/resultater-menn-bedrift-holmenkollstafetten-2023/
2023,menn bedrift,36,2310,Computas,1:11:51,4311.0,https://sportsidioten.no/resultater/resultater-menn-bedrift-holmenkollstafetten-2023/
2023,menn bedrift,37,2382,Norges Geotekniske Institutt NGI,1:12:11,4331.0,https://sportsidioten.no/resultater/resultater-menn-bedrift-holmenkollstafetten-2023/
2023,menn bedrift,38,2381,Gast Entreprenør AS,1:12:27,4347.0,https://sportsidioten.no/resultater/resultater-menn-bedrift-holmenkollstafetten-2023/
2023,menn bedrift,39,2377,Selvaag Bolig ASA 2,1:12:34,4354.0,https://sportsidioten.no/resultater/resultater-menn-bedrift-holmenkollstafetten-2023/
2023,menn bedrift,40,2333,Texas Instruments BIL,1:12:52,4372.0,https://sportsidioten.no/resultater/resultater-menn-bedrift-holmenkollstafetten-2023/
2023,menn bedrift,41,2319,Haukeland Sykehus Idrettslag,1:12:54,4374.0,https://sportsidioten.no/resultater/resultater-menn-bedrift-holmenkollstafetten-2023/
2023,menn bedrift,42,2359,Dugnadsdeal AS,1:13:07,4387.0,https://sportsidioten.no/resultater/resultater-menn-bedrift-holmenkollstafetten-2023/
2023,menn bedrift,43,2312,COWI BIL – Menn 2,1:13:51,4431.0,https://sportsidioten.no/resultater/resultater-menn-bedrift-holmenkollstafetten-2023/
2023,menn bedrift,44,2341,Rystad Energy Solar,1:14:17,4457.0,https://sportsidioten.no/resultater/resultater-menn-bedrift-holmenkollstafetten-2023/
2023,menn bedrift,45,2346,BAMA Gruppen AS,1:15:14,4514.0,https://sportsidioten.no/resultater/resultater-menn-bedrift-holmenkollstafetten-2023/
2023,menn bedrift,46,2371,Intility M4,1:15:25,4525.0,https://sportsidioten.no/resultater/resultater-menn-bedrift-holmenkollstafetten-2023/
2023,menn bedrift,47,2363,Intility M3,1:15:47,4547.0,https://sportsidioten.no/resultater/resultater-menn-bedrift-holmenkollstafetten-2023/
2023,menn bedrift,48,2316,Flyt Entreprenør,1:18:06,4686.0,https://sportsidioten.no/resultater/resultater-menn-bedrift-holmenkollstafetten-2023/
2023,menn bedrift,49,2355,EDA Elektro Data Romerike,1:18:14,4694.0,https://sportsidioten.no/resultater/resultater-menn-bedrift-holmenkollstafetten-2023/
2023,menn bedrift,50,2304,GE Healthcare Herrer,1:18:44,4724.0,https://sportsidioten.no/resultater/resultater-menn-bedrift-holmenkollstafetten-2023/
2023,menn junior,1,802,Spirit friidrett jr,55:10,3310.0,https://www.sportsidioten.no/resultater/menn-junior-holmenkollstafetten-2023/
2023,menn junior,2,803,FIK Ren-Eng,55:52,3352.0,https://www.sportsidioten.no/resultater/menn-junior-holmenkollstafetten-2023/
2023,menn junior,3,801,Ullensaker/Kisa IL Friidrett F3 1. lag,56:06,3366.0,https://www.sportsidioten.no/resultater/menn-junior-holmenkollstafetten-2023/
2023,menn junior,4,807,Sem IF Friidrett,56:55,3415.0,https://www.sportsidioten.no/resultater/menn-junior-holmenkollstafetten-2023/
2023,menn junior,5,805,Nittedal IL,57:29,3449.0,https://www.sportsidioten.no/resultater/menn-junior-holmenkollstafetten-2023/
2023,menn junior,6,806,"Tullinge friidrott, Sverige",58:27,3507.0,https://www.sportsidioten.no/resultater/menn-junior-holmenkollstafetten-2023/
2023,menn junior,7,809,Ullensaker/Kisa IL F3. 2. lag,1:00:28,3628.0,https://www.sportsidioten.no/resultater/menn-junior-holmenkollstafetten-2023/
2023,menn junior,8,808,Heming Langrenn HL,1:02:56,3776.0,https://www.sportsidioten.no/resultater/menn-junior-holmenkollstafetten-2023/
2023,menn junior,9,810,IK Tjalve,1:03:47,3827.0,https://www.sportsidioten.no/resultater/menn-junior-holmenkollstafetten-2023/
2023,kvinner veteran,1,204,Sportsklubben Vidar,1:08:390:00,,https://www.sportsidioten.no/resultater/resultater-kvinner-veteran-holmenkollstafetten-2023/
2023,kvinner veteran,2,202,Lillehammer Idrettsforening,1:11:443:05,,https://www.sportsidioten.no/resultater/resultater-kvinner-veteran-holmenkollstafetten-2023/
2023,kvinner veteran,3,205,Ullensaker/Kisa IL F9 1. lag,1:14:155:36,,https://www.sportsidioten.no/resultater/resultater-kvinner-veteran-holmenkollstafetten-2023/
2023,kvinner veteran,4,201,Heming Veterandamer,1:19:0110:22,,https://www.sportsidioten.no/resultater/resultater-kvinner-veteran-holmenkollstafetten-2023/
2023,kvinner veteran,5,203,Idrettsforeningen Hellas,1:24:1015:31,,https://www.sportsidioten.no/resultater/resultater-kvinner-veteran-holmenkollstafetten-2023/
2023,menn senior,1,709,IL I Bul,54:12,3252.0,https://www.sportsidioten.no/resultater/resultater-menn-senior-holmenkollstafetten-2023/
2023,menn senior,2,723,Kjelsås IL Langrenn –,54:26,3266.0,https://www.sportsidioten.no/resultater/resultater-menn-senior-holmenkollstafetten-2023/
2023,menn senior,3,729,Lillehammer Idrettsforening,54:41,3281.0,https://www.sportsidioten.no/resultater/resultater-menn-senior-holmenkollstafetten-2023/
2023,menn senior,4,701,Kristiansand Løpeklubb,54:59,3299.0,https://www.sportsidioten.no/resultater/resultater-menn-senior-holmenkollstafetten-2023/
2023,menn senior,5,707,Steinkjer Friidrettsklubb,56:05,3365.0,https://www.sportsidioten.no/resultater/resultater-menn-senior-holmenkollstafetten-2023/
2023,menn senior,6,712,Il Tyrving,56:05,3365.0,https://www.sportsidioten.no/resultater/resultater-menn-senior-holmenkollstafetten-2023/
2023,menn senior,7,732,Sportsklubben Vidar,56:15,3375.0,https://www.sportsidioten.no/resultater/resultater-menn-senior-holmenkollstafetten-2023/
2023,menn senior,8,719,Hommelvik IL,56:28,3388.0,https://www.sportsidioten.no/resultater/resultater-menn-senior-holmenkollstafetten-2023/
2023,menn senior,9,722,Asker Skiklubb Friidrett,56:38,3398.0,https://www.sportsidioten.no/resultater/resultater-menn-senior-holmenkollstafetten-2023/
2023,menn senior,10,704,Brandbu IF,56:41,3401.0,https://www.sportsidioten.no/resultater/resultater-menn-senior-holmenkollstafetten-2023/
2023,menn senior,11,731,Rustad IL,56:56,3416.0,https://www.sportsidioten.no/resultater/resultater-menn-senior-holmenkollstafetten-2023/
2023,menn senior,12,716,Spirit friidrett 1.lag,57:17,3437.0,https://www.sportsidioten.no/resultater/resultater-menn-senior-holmenkollstafetten-2023/
2023,menn senior,13,718,Aurskog-Høland Friidrettslag,57:21,3441.0,https://www.sportsidioten.no/resultater/resultater-menn-senior-holmenkollstafetten-2023/
2023,menn senior,14,708,Åsen IL,57:33,3453.0,https://www.sportsidioten.no/resultater/resultater-menn-senior-holmenkollstafetten-2023/
2023,menn senior,15,725,Oppegård IL Menn Senior,57:35,3455.0,https://www.sportsidioten.no/resultater/resultater-menn-senior-holmenkollstafetten-2023/
2023,menn senior,16,713,Bromma IL,58:04,3484.0,https://www.sportsidioten.no/resultater/resultater-menn-senior-holmenkollstafetten-2023/
2023,menn senior,17,702,GTI Friidrettsklubb 2,58:45,3525.0,https://www.sportsidioten.no/resultater/resultater-menn-senior-holmenkollstafetten-2023/
2023,menn senior,18,720,HSIL Langrenn,59:12,3552.0,https://www.sportsidioten.no/resultater/resultater-menn-senior-holmenkollstafetten-2023/
2023,menn senior,19,721,Bøler IF Friidrett,59:24,3564.0,https://www.sportsidioten.no/resultater/resultater-menn-senior-holmenkollstafetten-2023/
2023,menn senior,20,717,Lillehammer 1990 Elite,59:43,3583.0,https://www.sportsidioten.no/resultater/resultater-menn-senior-holmenkollstafetten-2023/
2023,menn senior,21,705,Ås IL,1:00:00,3600.0,https://www.sportsidioten.no/resultater/resultater-menn-senior-holmenkollstafetten-2023/
2023,menn senior,22,733,Sportsklubben Vidar MS 2,1:00:02,3602.0,https://www.sportsidioten.no/resultater/resultater-menn-senior-holmenkollstafetten-2023/
2023,menn senior,23,711,Svorkmo/NOI 2,1:00:06,3606.0,https://www.sportsidioten.no/resultater/resultater-menn-senior-holmenkollstafetten-2023/
2023,menn senior,24,706,Sylling IF,1:00:29,3629.0,https://www.sportsidioten.no/resultater/resultater-menn-senior-holmenkollstafetten-2023/
2023,menn senior,25,710,LYN SKI Menn senior,1:00:36,3636.0,https://www.sportsidioten.no/resultater/resultater-menn-senior-holmenkollstafetten-2023/
2023,menn senior,26,724,Modum Friidrettsklubb,1:01:01,3661.0,https://www.sportsidioten.no/resultater/resultater-menn-senior-holmenkollstafetten-2023/
2023,menn senior,27,715,Røldal Il,1:01:34,3694.0,https://www.sportsidioten.no/resultater/resultater-menn-senior-holmenkollstafetten-2023/
2023,menn senior,28,734,Sigdal FIK,1:01:42,3702.0,https://www.sportsidioten.no/resultater/resultater-menn-senior-holmenkollstafetten-2023/
2023,menn senior,29,703,Øyer-Tretten IF,1:03:22,3802.0,https://www.sportsidioten.no/resultater/resultater-menn-senior-holmenkollstafetten-2023/
2023,menn senior,30,727,Spirit friidrett 2.lag,1:03:38,3818.0,https://www.sportsidioten.no/resultater/resultater-menn-senior-holmenkollstafetten-2023/
2023,menn senior,31,730,Lyn Ski 3,1:03:46,3826.0,https://www.sportsidioten.no/resultater/resultater-menn-senior-holmenkollstafetten-2023/
2023,menn senior,32,726,Bjerkreim IL,1:09:24,4164.0,https://www.sportsidioten.no/resultater/resultater-menn-senior-holmenkollstafetten-2023/
2023,menn senior,33,714,GTI Friidrettsklubb 1,1:10:48,4248.0,https://www.sportsidioten.no/resultater/resultater-menn-senior-holmenkollstafetten-2023/
2023,menn senior,34,728,GTI Friidrettsklubb 3,1:11:30,4290.0,https://www.sportsidioten.no/resultater/resultater-menn-senior-holmenkollstafetten-2023/
