year,bib,team,bedrift,etappe_no,etappe_name,runner,tid_total,pace_total,oa_total,klasse_total,split,pace_split,oa_split,klasse_split,klokketid,split_seconds,tid_total_seconds
2024,3204,EY Herrer,EY BIL,1,St. Hanshaugen,Arild Sandal,3:04,2:47 min/km,8,-,5,3:04,2:47 min/km,8,-,,184.0
2024,3204,EY Herrer,EY BIL,2,Norabakken,Espen Hegstad Krüger,6:06,2:48 min/km,2,-,1,3:03,2:49 min/km,1,-,,366.0
2024,3204,EY Herrer,EY BIL,3,Blåsen,Per Kyllingstad,7:40,2:46 min/km,2,-,1,1:34,2:37 min/km,7,-,,460.0
2024,3204,EY Herrer,EY BIL,4,Berg og dal,Eirik Offenberg,13:24,2:51 min/km,2,-,1,5:45,2:59 min/km,2,-,,804.0
2024,3204,EY Herrer,EY BIL,5,Forskningsparken,Fredrik Vangdal,16:52,2:51 min/km,3,-,2,3:28,2:51 min/km,3,-,,1012.0
2024,3204,EY Herrer,EY BIL,6,Lille Besserud,Ole Henrik Kabbe,21:04,2:57 min/km,3,-,2,4:13,3:21 min/km,3,-,,1264.0
2024,3204,EY Herrer,EY BIL,7,Besserud,Mathias Hove Zimmer,27:18,3:03 min/km,3,-,2,6:14,3:30 min/km,12,-,,1638.0
2024,3204,EY Herrer,EY BIL,8,Utforetappen,Håkon Skogseid,31:45,2:58 min/km,3,-,2,4:28,2:30 min/km,2,-,,1905.0
2024,3204,EY Herrer,EY BIL,9,Gressbanen,Petter Elias Vestre Røkke,33:18,2:56 min/km,3,-,2,1:34,2:29 min/km,2,-,,1998.0
2024,3204,EY Herrer,EY BIL,10,Den lange,Sondre Rishøi,41:05,2:54 min/km,2,-,2,7:47,2:43 min/km,1,-,,2465.0
2024,3204,EY Herrer,EY BIL,11,Frognerparken,Arne Kalland-Olsen,45:24,2:53 min/km,1,-,1,4:20,2:51 min/km,3,-,,2724.0
2024,3204,EY Herrer,EY BIL,12,Dumpa,Anders Haugland,46:13,2:52 min/km,1,-,1,50,2:16 min/km,1,-,,2773.0
2024,3204,EY Herrer,EY BIL,13,Trappa,Petter Solberg,49:15,2:52 min/km,1,-,1,3:02,2:48 min/km,3,-,,2955.0
2024,3204,EY Herrer,EY BIL,14,Sjarmøren,Lars Djuve Båtsvik,51:03,2:51 min/km,1,-,1,1:48,2:31 min/km,2,-,,3063.0
2024,3204,EY Herrer,EY BIL,15,Bislett Stadion,Sverre Rynning-Tønnesen,52:23,2:51 min/km,1,-,1,1:20,2:29 min/km,1,-,,3143.0
2024,6106,EY BIL AI & Data,EY,1,St. Hanshaugen,,3:33,3:14 min/km,191,-,123,3:33,3:14 min/km,191,-,,213.0
2024,6106,EY BIL AI & Data,EY,2,Norabakken,,7:34,3:28 min/km,172,-,116,4:01,3:43 min/km,373,-,,454.0
2024,6106,EY BIL AI & Data,EY,3,Blåsen,,9:35,3:27 min/km,155,-,102,2:02,3:25 min/km,374,-,,575.0
2024,6106,EY BIL AI & Data,EY,4,Berg og dal,,16:49,3:35 min/km,150,-,97,7:14,3:46 min/km,361,-,,1009.0
2024,6106,EY BIL AI & Data,EY,5,Forskningsparken,,20:49,3:31 min/km,114,-,69,4:00,3:18 min/km,117,-,,1249.0
2024,6106,EY BIL AI & Data,EY,6,Lille Besserud,,25:35,3:34 min/km,90,-,53,4:46,3:48 min/km,92,-,,1535.0
2024,6106,EY BIL AI & Data,EY,7,Besserud,,32:24,3:37 min/km,79,-,44,6:50,3:51 min/km,146,-,,1944.0
2024,6106,EY BIL AI & Data,EY,8,Utforetappen,,38:02,3:33 min/km,90,-,52,5:38,3:09 min/km,406,-,,2282.0
2024,6106,EY BIL AI & Data,EY,9,Gressbanen,,39:59,3:31 min/km,88,-,49,1:58,3:07 min/km,253,-,,2399.0
2024,6106,EY BIL AI & Data,EY,10,Den lange,,48:46,3:26 min/km,81,-,47,8:48,3:05 min/km,95,-,,2926.0
2024,6106,EY BIL AI & Data,EY,11,Frognerparken,,53:48,3:25 min/km,78,-,43,5:02,3:19 min/km,108,-,,3228.0
2024,6106,EY BIL AI & Data,EY,12,Dumpa,,54:46,3:24 min/km,75,-,42,59,2:39 min/km,100,-,,3286.0
2024,6106,EY BIL AI & Data,EY,13,Trappa,,58:11,3:23 min/km,70,-,38,3:26,3:10 min/km,55,-,,3491.0
2024,6106,EY BIL AI & Data,EY,14,Sjarmøren,,1:00:09,3:22 min/km,63,-,33,1:59,2:46 min/km,19,-,,3609.0
2024,6106,EY BIL AI & Data,EY,15,Bislett Stadion,,1:01:51,3:21 min/km,64,-,33,1:42,3:10 min/km,441,-,,3711.0
2024,12020,EY Menn veteran,EY,1,St. Hanshaugen,,3:11,2:54 min/km,16,-,1,3:11,2:54 min/km,16,-,,191.0
2024,12020,EY Menn veteran,EY,2,Norabakken,,7:27,3:25 min/km,142,-,1,4:16,3:57 min/km,678,-,,447.0
2024,12020,EY Menn veteran,EY,3,Blåsen,,9:24,3:23 min/km,122,-,1,1:57,3:16 min/km,241,-,,564.0
2024,12020,EY Menn veteran,EY,4,Berg og dal,,16:50,3:35 min/km,154,-,2,7:27,3:52 min/km,528,-,,1010.0
2024,12020,EY Menn veteran,EY,5,Forskningsparken,,20:50,3:31 min/km,116,-,2,4:00,3:18 min/km,115,-,,1250.0
2024,12020,EY Menn veteran,EY,6,Lille Besserud,,25:57,3:37 min/km,106,-,1,5:08,4:05 min/km,312,-,,1557.0
2024,12020,EY Menn veteran,EY,7,Besserud,,32:23,3:37 min/km,78,-,1,6:27,3:38 min/km,46,-,,1943.0
2024,12020,EY Menn veteran,EY,8,Utforetappen,,37:54,3:32 min/km,85,-,1,5:32,3:06 min/km,336,-,,2274.0
2024,12020,EY Menn veteran,EY,9,Gressbanen,,39:52,3:31 min/km,85,-,1,1:58,3:08 min/km,266,-,,2392.0
2024,12020,EY Menn veteran,EY,10,Den lange,,48:56,3:27 min/km,85,-,1,9:04,3:11 min/km,163,-,,2936.0
2024,12020,EY Menn veteran,EY,11,Frognerparken,,53:52,3:26 min/km,80,-,1,4:56,3:15 min/km,76,-,,3232.0
2024,12020,EY Menn veteran,EY,12,Dumpa,,54:51,3:25 min/km,76,-,1,1:00,2:42 min/km,127,-,,3291.0
2024,12020,EY Menn veteran,EY,13,Trappa,,59:15,3:27 min/km,88,-,1,4:25,4:04 min/km,1283,-,,3555.0
2024,12020,EY Menn veteran,EY,14,Sjarmøren,,1:01:35,3:27 min/km,88,-,1,2:21,3:17 min/km,296,-,,3695.0
2024,12020,EY Menn veteran,EY,15,Bislett Stadion,,1:03:02,3:25 min/km,84,-,1,1:27,2:42 min/km,24,-,,3782.0
2024,6001,EY BIL Oslo Risk (1),EY,1,St. Hanshaugen,Eivind Nguyen,3:30,3:11 min/km,148,-,93,3:30,3:11 min/km,148,-,,210.0
2024,6001,EY BIL Oslo Risk (1),EY,2,Norabakken,Emil Jørgentvedt,7:29,3:26 min/km,152,-,104,4:00,3:42 min/km,352,-,,449.0
2024,6001,EY BIL Oslo Risk (1),EY,3,Blåsen,Benedicte Weber,9:50,3:33 min/km,201,-,130,2:22,3:57 min/km,1182,-,,590.0
2024,6001,EY BIL Oslo Risk (1),EY,4,Berg og dal,Per Kyllingstad,17:19,3:41 min/km,238,-,160,7:29,3:54 min/km,569,-,,1039.0
2024,6001,EY BIL Oslo Risk (1),EY,5,Forskningsparken,Sindre Neshiem,21:38,3:40 min/km,198,-,131,4:19,3:33 min/km,305,-,,1298.0
2024,6001,EY BIL Oslo Risk (1),EY,6,Lille Besserud,Ove Paulshus,27:03,3:47 min/km,201,-,131,5:26,4:19 min/km,653,-,,1623.0
2024,6001,EY BIL Oslo Risk (1),EY,7,Besserud,Ole-Henrik Kabbe,33:40,3:46 min/km,134,-,81,6:37,3:43 min/km,78,-,,2020.0
2024,6001,EY BIL Oslo Risk (1),EY,8,Utforetappen,Anders Huse,38:53,3:38 min/km,120,-,70,5:14,2:56 min/km,141,-,,2333.0
2024,6001,EY BIL Oslo Risk (1),EY,9,Gressbanen,Synne Kaspersen,40:49,3:36 min/km,117,-,68,1:56,3:04 min/km,211,-,,2449.0
2024,6001,EY BIL Oslo Risk (1),EY,10,Den lange,Ole Jakob Hagen,50:00,3:31 min/km,109,-,62,9:12,3:13 min/km,197,-,,3000.0
2024,6001,EY BIL Oslo Risk (1),EY,11,Frognerparken,Lars Båtsvik,54:42,3:29 min/km,96,-,54,4:42,3:06 min/km,31,-,,3282.0
2024,6001,EY BIL Oslo Risk (1),EY,12,Dumpa,Helene Lindal,55:52,3:28 min/km,99,-,56,1:11,3:11 min/km,723,-,,3352.0
2024,6001,EY BIL Oslo Risk (1),EY,13,Trappa,Guro Larsgaard,1:00:43,3:32 min/km,116,-,68,4:51,4:29 min/km,2202,-,,3643.0
2024,6001,EY BIL Oslo Risk (1),EY,14,Sjarmøren,Andreas Arntsen,1:02:48,3:31 min/km,111,-,63,2:06,2:55 min/km,48,-,,3768.0
2024,6001,EY BIL Oslo Risk (1),EY,15,Bislett Stadion,Vibeke Garlid,1:04:25,3:30 min/km,109,-,61,1:38,3:02 min/km,255,-,,3865.0
2024,6079,EY BIL SaT 1,EY,1,St. Hanshaugen,,3:37,3:17 min/km,267,-,179,3:37,3:17 min/km,267,-,,217.0
2024,6079,EY BIL SaT 1,EY,2,Norabakken,,7:20,3:22 min/km,111,-,73,3:44,3:27 min/km,128,-,,440.0
2024,6079,EY BIL SaT 1,EY,3,Blåsen,,9:13,3:19 min/km,88,-,58,1:53,3:10 min/km,144,-,,553.0
2024,6079,EY BIL SaT 1,EY,4,Berg og dal,,16:14,3:27 min/km,90,-,54,7:01,3:39 min/km,254,-,,974.0
2024,6079,EY BIL SaT 1,EY,5,Forskningsparken,,20:19,3:26 min/km,81,-,47,4:06,3:22 min/km,156,-,,1219.0
2024,6079,EY BIL SaT 1,EY,6,Lille Besserud,,27:25,3:50 min/km,233,-,155,7:07,5:40 min/km,3183,-,,1645.0
2024,6079,EY BIL SaT 1,EY,7,Besserud,,34:13,3:50 min/km,171,-,112,6:49,3:50 min/km,132,-,,2053.0
2024,6079,EY BIL SaT 1,EY,8,Utforetappen,,39:17,3:40 min/km,135,-,83,5:05,2:51 min/km,83,-,,2357.0
2024,6079,EY BIL SaT 1,EY,9,Gressbanen,,41:22,3:39 min/km,136,-,82,2:05,3:19 min/km,529,-,,2482.0
2024,6079,EY BIL SaT 1,EY,10,Den lange,,51:19,3:37 min/km,152,-,93,9:57,3:29 min/km,613,-,,3079.0
2024,6079,EY BIL SaT 1,EY,11,Frognerparken,,56:00,3:34 min/km,123,-,72,4:42,3:05 min/km,29,-,,3360.0
2024,6079,EY BIL SaT 1,EY,12,Dumpa,,56:58,3:32 min/km,121,-,72,58,2:38 min/km,84,-,,3418.0
2024,6079,EY BIL SaT 1,EY,13,Trappa,,1:00:58,3:33 min/km,120,-,72,4:00,3:41 min/km,523,-,,3658.0
2024,6079,EY BIL SaT 1,EY,14,Sjarmøren,,1:03:06,3:32 min/km,116,-,68,2:09,3:01 min/km,77,-,,3786.0
2024,6079,EY BIL SaT 1,EY,15,Bislett Stadion,,1:04:33,3:30 min/km,114,-,66,1:27,2:41 min/km,21,-,,3873.0
2024,6003,EY BIL FSO 1,EY,1,St. Hanshaugen,Erlend A Røneid,3:48,3:27 min/km,486,-,325,3:48,3:27 min/km,486,-,,228.0
2024,6003,EY BIL FSO 1,EY,2,Norabakken,Marius Lennertzen,7:48,3:34 min/km,259,-,178,4:00,3:42 min/km,355,-,,468.0
2024,6003,EY BIL FSO 1,EY,3,Blåsen,Mette Greftegreff,10:19,3:43 min/km,366,-,248,2:32,4:14 min/km,1789,-,,619.0
2024,6003,EY BIL FSO 1,EY,4,Berg og dal,Espen Hegstad Kruger,16:27,3:30 min/km,111,-,71,6:09,3:12 min/km,20,-,,987.0
2024,6003,EY BIL FSO 1,EY,5,Forskningsparken,Morten Marcelius Skordal,21:08,3:35 min/km,148,-,93,4:41,3:51 min/km,781,-,,1268.0
2024,6003,EY BIL FSO 1,EY,6,Lille Besserud,Emil K Mogstad,26:38,3:43 min/km,163,-,103,5:31,4:23 min/km,762,-,,1598.0
2024,6003,EY BIL FSO 1,EY,7,Besserud,Magne Ledsaak,33:19,3:44 min/km,119,-,72,6:41,3:46 min/km,98,-,,1999.0
2024,6003,EY BIL FSO 1,EY,8,Utforetappen,Sigve N Schjølset,39:04,3:39 min/km,126,-,75,5:45,3:13 min/km,532,-,,2344.0
2024,6003,EY BIL FSO 1,EY,9,Gressbanen,Jonas A Lisø,41:02,3:37 min/km,121,-,70,1:59,3:09 min/km,300,-,,2462.0
2024,6003,EY BIL FSO 1,EY,10,Den lange,Fredrik Vangdal,50:11,3:32 min/km,115,-,65,9:09,3:12 min/km,183,-,,3011.0
2024,6003,EY BIL FSO 1,EY,11,Frognerparken,Henrik Tjomsland,55:18,3:31 min/km,108,-,61,5:08,3:22 min/km,148,-,,3318.0
2024,6003,EY BIL FSO 1,EY,12,Dumpa,Ingrid Fossen,56:32,3:31 min/km,110,-,63,1:14,3:21 min/km,1028,-,,3392.0
2024,6003,EY BIL FSO 1,EY,13,Trappa,Leonard L Manuel,1:01:01,3:33 min/km,123,-,74,4:30,4:09 min/km,1439,-,,3661.0
2024,6003,EY BIL FSO 1,EY,14,Sjarmøren,Thea Fossum,1:03:17,3:32 min/km,119,-,71,2:16,3:10 min/km,197,-,,3797.0
2024,6003,EY BIL FSO 1,EY,15,Bislett Stadion,Thomas Elsbutangen,1:04:51,3:31 min/km,117,-,68,1:35,2:56 min/km,179,-,,3891.0
2024,6121,EY BIL FAAS 1,EY,1,St. Hanshaugen,Ragnhild Bergan Grimstad,3:21,3:03 min/km,60,-,31,3:21,3:03 min/km,60,-,,201.0
2024,6121,EY BIL FAAS 1,EY,2,Norabakken,Lars Eric T. Ødegård,7:06,3:16 min/km,59,-,33,3:46,3:29 min/km,146,-,,426.0
2024,6121,EY BIL FAAS 1,EY,3,Blåsen,Borger Thomas,9:16,3:20 min/km,100,-,66,2:10,3:38 min/km,655,-,,556.0
2024,6121,EY BIL FAAS 1,EY,4,Berg og dal,Henrik Wirsching,16:21,3:29 min/km,98,-,61,7:06,3:42 min/km,290,-,,981.0
2024,6121,EY BIL FAAS 1,EY,5,Forskningsparken,Jørgen Beltestad,20:36,3:29 min/km,100,-,61,4:15,3:29 min/km,251,-,,1236.0
2024,6121,EY BIL FAAS 1,EY,6,Lille Besserud,Tormod Stemland,26:08,3:39 min/km,119,-,73,5:32,4:25 min/km,802,-,,1568.0
2024,6121,EY BIL FAAS 1,EY,7,Besserud,Elias Nordal,33:25,3:44 min/km,122,-,75,7:18,4:06 min/km,371,-,,2005.0
2024,6121,EY BIL FAAS 1,EY,8,Utforetappen,Magnus Brudal,39:01,3:38 min/km,125,-,74,5:37,3:09 min/km,396,-,,2341.0
2024,6121,EY BIL FAAS 1,EY,9,Gressbanen,Simen Windheim,40:49,3:36 min/km,118,-,69,1:48,2:52 min/km,82,-,,2449.0
2024,6121,EY BIL FAAS 1,EY,10,Den lange,Håkon Skogseid,51:13,3:36 min/km,149,-,91,10:25,3:39 min/km,988,-,,3073.0
2024,6121,EY BIL FAAS 1,EY,11,Frognerparken,James Higham,56:59,3:37 min/km,158,-,96,5:47,3:48 min/km,731,-,,3419.0
2024,6121,EY BIL FAAS 1,EY,12,Dumpa,Vetle Henriksveen,57:59,3:36 min/km,150,-,92,1:00,2:41 min/km,120,-,,3479.0
2024,6121,EY BIL FAAS 1,EY,13,Trappa,Eivind Oen,1:01:29,3:35 min/km,135,-,83,3:31,3:14 min/km,92,-,,3689.0
2024,6121,EY BIL FAAS 1,EY,14,Sjarmøren,Martin Foldvik Buodd,1:03:26,3:33 min/km,122,-,74,1:57,2:44 min/km,13,-,,3806.0
2024,6121,EY BIL FAAS 1,EY,15,Bislett Stadion,Endre Larsplass,1:05:18,3:33 min/km,127,-,77,1:53,3:30 min/km,1022,-,,3918.0
2024,3604,EY Damer,EY,1,St. Hanshaugen,Solveig Benum Vestre,3:54,3:32 min/km,640,-,3,3:54,3:32 min/km,640,-,,234.0
2024,3604,EY Damer,EY,2,Norabakken,Lise Øverland Nes,7:52,3:37 min/km,298,-,2,3:59,3:41 min/km,335,-,,472.0
2024,3604,EY Damer,EY,3,Blåsen,Inger Eline Romundgård,9:51,3:33 min/km,203,-,2,1:59,3:20 min/km,292,-,,591.0
2024,3604,EY Damer,EY,4,Berg og dal,Kristin Vabø,16:40,3:33 min/km,130,-,1,6:50,3:33 min/km,164,-,,1000.0
2024,3604,EY Damer,EY,5,Forskningsparken,Thea Fossum,20:49,3:31 min/km,113,-,1,4:09,3:25 min/km,193,-,,1249.0
2024,3604,EY Damer,EY,6,Lille Besserud,Amalie Mathisen,26:02,3:38 min/km,111,-,1,5:13,4:09 min/km,393,-,,1562.0
2024,3604,EY Damer,EY,7,Besserud,Oda Sikkeland,33:59,3:48 min/km,153,-,1,7:58,4:29 min/km,1004,-,,2039.0
2024,3604,EY Damer,EY,8,Utforetappen,Karoline Saltermark,39:34,3:41 min/km,150,-,2,5:35,3:08 min/km,371,-,,2374.0
2024,3604,EY Damer,EY,9,Gressbanen,Astrid Bruland,41:39,3:40 min/km,145,-,2,2:06,3:20 min/km,553,-,,2499.0
2024,3604,EY Damer,EY,10,Den lange,Guro Bakke Johnsen,51:45,3:39 min/km,174,-,2,10:06,3:32 min/km,735,-,,3105.0
2024,3604,EY Damer,EY,11,Frognerparken,Helene G. Aas,57:04,3:38 min/km,162,-,2,5:19,3:30 min/km,257,-,,3424.0
2024,3604,EY Damer,EY,12,Dumpa,Julie With,58:10,3:37 min/km,160,-,2,1:07,3:01 min/km,449,-,,3490.0
2024,3604,EY Damer,EY,13,Trappa,Marit Randen,1:02:15,3:37 min/km,162,-,2,4:05,3:46 min/km,658,-,,3735.0
2024,3604,EY Damer,EY,14,Sjarmøren,Ragnhild Grimstad,1:04:25,3:36 min/km,153,-,2,2:11,3:03 min/km,111,-,,3865.0
2024,3604,EY Damer,EY,15,Bislett Stadion,Emilie Kvam,1:06:13,3:36 min/km,152,-,2,1:48,3:21 min/km,755,-,,3973.0
2024,6013,EY BIL Finance Consulting,EY,1,St. Hanshaugen,Jakob Blindheim,3:46,3:26 min/km,449,-,303,3:46,3:26 min/km,449,-,,226.0
2024,6013,EY BIL Finance Consulting,EY,2,Norabakken,Mahnaz Ahmadi,8:31,3:55 min/km,783,-,523,4:46,4:24 min/km,1657,-,,511.0
2024,6013,EY BIL Finance Consulting,EY,3,Blåsen,Eirik Stømner,10:38,3:50 min/km,568,-,392,2:07,3:33 min/km,536,-,,638.0
2024,6013,EY BIL Finance Consulting,EY,4,Berg og dal,Sondre Nagell,17:36,3:45 min/km,287,-,190,6:59,3:38 min/km,228,-,,1056.0
2024,6013,EY BIL Finance Consulting,EY,5,Forskningsparken,Alexander Dahlin,22:02,3:44 min/km,250,-,168,4:26,3:39 min/km,433,-,,1322.0
2024,6013,EY BIL Finance Consulting,EY,6,Lille Besserud,Ørjan Håvik,28:03,3:55 min/km,324,-,208,6:02,4:48 min/km,1558,-,,1683.0
2024,6013,EY BIL Finance Consulting,EY,7,Besserud,Mathias Zimmer,34:38,3:52 min/km,204,-,133,6:36,3:42 min/km,71,-,,2078.0
2024,6013,EY BIL Finance Consulting,EY,8,Utforetappen,Håkon Sandnes,40:31,3:47 min/km,211,-,136,5:53,3:18 min/km,706,-,,2431.0
2024,6013,EY BIL Finance Consulting,EY,9,Gressbanen,Fredrik Ellingsen,42:31,3:45 min/km,205,-,131,2:00,3:11 min/km,353,-,,2551.0
2024,6013,EY BIL Finance Consulting,EY,10,Den lange,Arild Sandal,51:52,3:39 min/km,179,-,111,9:21,3:16 min/km,264,-,,3112.0
2024,6013,EY BIL Finance Consulting,EY,11,Frognerparken,Anders Ruth,57:21,3:39 min/km,174,-,106,5:30,3:37 min/km,381,-,,3441.0
2024,6013,EY BIL Finance Consulting,EY,12,Dumpa,Maiken Gran Olsen,58:32,3:38 min/km,180,-,112,1:12,3:14 min/km,801,-,,3512.0
2024,6013,EY BIL Finance Consulting,EY,13,Trappa,Helene Aas,1:02:32,3:38 min/km,179,-,111,4:00,3:41 min/km,530,-,,3752.0
2024,6013,EY BIL Finance Consulting,EY,14,Sjarmøren,Luan Vo,1:05:13,3:39 min/km,184,-,114,2:42,3:47 min/km,1089,-,,3913.0
2024,6013,EY BIL Finance Consulting,EY,15,Bislett Stadion,Synne Thurmer,1:07:16,3:39 min/km,189,-,118,2:03,3:49 min/km,1712,-,,4036.0
2024,6009,EY BIL Skye,EY,1,St. Hanshaugen,Jørgen Tetlie,3:51,3:30 min/km,557,-,370,3:51,3:30 min/km,557,-,,231.0
2024,6009,EY BIL Skye,EY,2,Norabakken,Nina Sandnes,8:31,3:54 min/km,770,-,513,4:41,4:19 min/km,1473,-,,511.0
2024,6009,EY BIL Skye,EY,3,Blåsen,Cecilie Spidsberg,10:32,3:48 min/km,502,-,341,2:02,3:24 min/km,356,-,,632.0
2024,6009,EY BIL Skye,EY,4,Berg og dal,Aleksander Nærsheim,17:47,3:47 min/km,319,-,211,7:15,3:46 min/km,374,-,,1067.0
2024,6009,EY BIL Skye,EY,5,Forskningsparken,Martinus Høydahl,21:51,3:42 min/km,223,-,151,4:05,3:21 min/km,145,-,,1311.0
2024,6009,EY BIL Skye,EY,6,Lille Besserud,Håvard Persson,27:37,3:51 min/km,264,-,173,5:47,4:36 min/km,1178,-,,1657.0
2024,6009,EY BIL Skye,EY,7,Besserud,Magnus Anderson,35:40,3:59 min/km,298,-,197,8:03,4:32 min/km,1099,-,,2140.0
2024,6009,EY BIL Skye,EY,8,Utforetappen,Ane Hjort-Larsen,43:01,4:01 min/km,472,-,324,7:21,4:07 min/km,3000,-,,2581.0
2024,6009,EY BIL Skye,EY,9,Gressbanen,Karoline Kolberg,45:13,3:59 min/km,450,-,305,2:13,3:31 min/km,883,-,,2713.0
2024,6009,EY BIL Skye,EY,10,Den lange,Anders Banke Petersen,55:00,3:52 min/km,390,-,262,9:48,3:26 min/km,508,-,,3300.0
2024,6009,EY BIL Skye,EY,11,Frognerparken,Halfdan Rasmussen,1:00:18,3:50 min/km,344,-,234,5:18,3:29 min/km,245,-,,3618.0
2024,6009,EY BIL Skye,EY,12,Dumpa,Erik C Hansen,1:01:55,3:51 min/km,368,-,251,1:38,4:25 min/km,3135,-,,3715.0
2024,6009,EY BIL Skye,EY,13,Trappa,Erlend Vangdal,1:05:15,3:48 min/km,308,-,208,3:20,3:05 min/km,33,-,,3915.0
2024,6009,EY BIL Skye,EY,14,Sjarmøren,Ludvig Oftedal,1:07:49,3:47 min/km,300,-,201,2:34,3:36 min/km,763,-,,4069.0
2024,6009,EY BIL Skye,EY,15,Bislett Stadion,Harun Saim,1:09:25,3:46 min/km,288,-,191,1:37,2:59 min/km,216,-,,4165.0
2024,6097,EY BIL Energy 1,EY,1,St. Hanshaugen,,4:41,4:16 min/km,2309,-,1518,4:41,4:16 min/km,2309,-,,281.0
2024,6097,EY BIL Energy 1,EY,2,Norabakken,,8:43,4:00 min/km,991,-,663,4:02,3:44 min/km,386,-,,523.0
2024,6097,EY BIL Energy 1,EY,3,Blåsen,,11:05,4:00 min/km,882,-,607,2:23,4:00 min/km,1278,-,,665.0
2024,6097,EY BIL Energy 1,EY,4,Berg og dal,,19:03,4:03 min/km,756,-,516,7:58,4:09 min/km,1045,-,,1143.0
2024,6097,EY BIL Energy 1,EY,5,Forskningsparken,,23:03,3:54 min/km,437,-,301,4:00,3:17 min/km,112,-,,1383.0
2024,6097,EY BIL Energy 1,EY,6,Lille Besserud,,28:35,3:59 min/km,403,-,272,5:33,4:25 min/km,824,-,,1715.0
2024,6097,EY BIL Energy 1,EY,7,Besserud,,36:22,4:04 min/km,398,-,268,7:47,4:23 min/km,780,-,,2182.0
2024,6097,EY BIL Energy 1,EY,8,Utforetappen,,44:17,4:08 min/km,663,-,464,7:56,4:26 min/km,3634,-,,2657.0
2024,6097,EY BIL Energy 1,EY,9,Gressbanen,,46:53,4:08 min/km,701,-,497,2:36,4:08 min/km,2327,-,,2813.0
2024,6097,EY BIL Energy 1,EY,10,Den lange,,56:28,3:58 min/km,541,-,377,9:36,3:22 min/km,378,-,,3388.0
2024,6097,EY BIL Energy 1,EY,11,Frognerparken,,1:01:32,3:55 min/km,441,-,298,5:05,3:20 min/km,131,-,,3692.0
2024,6097,EY BIL Energy 1,EY,12,Dumpa,,1:02:56,3:55 min/km,447,-,304,1:25,3:50 min/km,2067,-,,3776.0
2024,6097,EY BIL Energy 1,EY,13,Trappa,,1:07:37,3:56 min/km,483,-,337,4:41,4:19 min/km,1837,-,,4057.0
2024,6097,EY BIL Energy 1,EY,14,Sjarmøren,,1:10:24,3:56 min/km,482,-,329,2:48,3:55 min/km,1360,-,,4224.0
2024,6097,EY BIL Energy 1,EY,15,Bislett Stadion,,1:12:08,3:55 min/km,469,-,317,1:44,3:14 min/km,540,-,,4328.0
2024,6004,EY BIL AI & Data 2,EY,1,St. Hanshaugen,,4:15,3:52 min/km,1358,-,915,4:15,3:52 min/km,1358,-,,255.0
2024,6004,EY BIL AI & Data 2,EY,2,Norabakken,,8:34,3:56 min/km,820,-,544,4:19,3:59 min/km,752,-,,514.0
2024,6004,EY BIL AI & Data 2,EY,3,Blåsen,,10:55,3:56 min/km,718,-,493,2:21,3:57 min/km,1179,-,,655.0
2024,6004,EY BIL AI & Data 2,EY,4,Berg og dal,,19:36,4:10 min/km,1025,-,707,8:42,4:31 min/km,1976,-,,1176.0
2024,6004,EY BIL AI & Data 2,EY,5,Forskningsparken,,24:46,4:11 min/km,1043,-,710,5:11,4:16 min/km,1694,-,,1486.0
2024,6004,EY BIL AI & Data 2,EY,6,Lille Besserud,,30:23,4:14 min/km,871,-,608,5:37,4:28 min/km,927,-,,1823.0
2024,6004,EY BIL AI & Data 2,EY,7,Besserud,,38:09,4:16 min/km,716,-,500,7:47,4:22 min/km,770,-,,2289.0
2024,6004,EY BIL AI & Data 2,EY,8,Utforetappen,,44:23,4:08 min/km,684,-,481,6:14,3:29 min/km,1202,-,,2663.0
2024,6004,EY BIL AI & Data 2,EY,9,Gressbanen,,46:47,4:07 min/km,678,-,479,2:24,3:49 min/km,1585,-,,2807.0
2024,6004,EY BIL AI & Data 2,EY,10,Den lange,,55:58,3:56 min/km,492,-,336,9:12,3:13 min/km,204,-,,3358.0
2024,6004,EY BIL AI & Data 2,EY,11,Frognerparken,,1:01:44,3:55 min/km,455,-,309,5:46,3:47 min/km,701,-,,3704.0
2024,6004,EY BIL AI & Data 2,EY,12,Dumpa,,1:03:12,3:56 min/km,476,-,327,1:29,4:02 min/km,2500,-,,3792.0
2024,6004,EY BIL AI & Data 2,EY,13,Trappa,,1:08:29,3:59 min/km,565,-,394,5:17,4:52 min/km,2989,-,,4109.0
2024,6004,EY BIL AI & Data 2,EY,14,Sjarmøren,,1:11:02,3:58 min/km,539,-,372,2:34,3:35 min/km,734,-,,4262.0
2024,6004,EY BIL AI & Data 2,EY,15,Bislett Stadion,,1:12:56,3:57 min/km,529,-,363,1:54,3:32 min/km,1107,-,,4376.0
2024,6118,EY BIL Shipping 2,EY,1,St. Hanshaugen,Daniel Lotsberg,3:51,3:30 min/km,570,-,377,3:51,3:30 min/km,570,-,,231.0
2024,6118,EY BIL Shipping 2,EY,2,Norabakken,Dipram Khatri,9:27,4:20 min/km,1848,-,1225,5:36,5:10 min/km,3303,-,,567.0
2024,6118,EY BIL Shipping 2,EY,3,Blåsen,Andreas Austrheim,11:28,4:08 min/km,1203,-,811,2:01,3:23 min/km,338,-,,688.0
2024,6118,EY BIL Shipping 2,EY,4,Berg og dal,Kasper Nikolai Ryste,19:48,4:13 min/km,1141,-,788,8:20,4:20 min/km,1510,-,,1188.0
2024,6118,EY BIL Shipping 2,EY,5,Forskningsparken,Sarah Lilia Bjønness,25:15,4:16 min/km,1240,-,842,5:28,4:29 min/km,2271,-,,1515.0
2024,6118,EY BIL Shipping 2,EY,6,Lille Besserud,Ermias Haile,32:05,4:29 min/km,1508,-,1014,6:51,5:27 min/km,2832,-,,1925.0
2024,6118,EY BIL Shipping 2,EY,7,Besserud,Håkon Nossen,39:29,4:25 min/km,1068,-,734,7:24,4:10 min/km,447,-,,2369.0
2024,6118,EY BIL Shipping 2,EY,8,Utforetappen,Pedro Albuequerque,45:22,4:14 min/km,895,-,620,5:54,3:18 min/km,730,-,,2722.0
2024,6118,EY BIL Shipping 2,EY,9,Gressbanen,Gursharan Singh,47:44,4:12 min/km,873,-,609,2:22,3:45 min/km,1445,-,,2864.0
2024,6118,EY BIL Shipping 2,EY,10,Den lange,Sebastian Amundsen,58:25,4:07 min/km,817,-,566,10:42,3:44 min/km,1261,-,,3505.0
2024,6118,EY BIL Shipping 2,EY,11,Frognerparken,Fredrik Underhaug Grythe,1:04:11,4:05 min/km,731,-,513,5:47,3:48 min/km,722,-,,3851.0
2024,6118,EY BIL Shipping 2,EY,12,Dumpa,Henning Karlberg,1:05:08,4:03 min/km,682,-,477,58,2:36 min/km,76,-,,3908.0
2024,6118,EY BIL Shipping 2,EY,13,Trappa,Johan Nordby,1:08:42,4:00 min/km,593,-,410,3:34,3:17 min/km,117,-,,4122.0
2024,6118,EY BIL Shipping 2,EY,14,Sjarmøren,Meriuan Salem Hame,1:11:31,4:00 min/km,590,-,409,2:50,3:57 min/km,1466,-,,4291.0
2024,6118,EY BIL Shipping 2,EY,15,Bislett Stadion,Magnus Birkeland,1:13:21,3:59 min/km,571,-,395,1:50,3:24 min/km,851,-,,4401.0
2024,6026,EY BIL Oslo Business Transformation,EY,1,St. Hanshaugen,Pernille Rømma,4:28,4:04 min/km,1842,-,314,4:28,4:04 min/km,1842,-,,268.0
2024,6026,EY BIL Oslo Business Transformation,EY,2,Norabakken,Runa Fløtre Øfsti,8:40,3:59 min/km,941,-,126,4:12,3:53 min/km,591,-,,520.0
2024,6026,EY BIL Oslo Business Transformation,EY,3,Blåsen,Maja S. Aune,11:05,4:00 min/km,867,-,106,2:25,4:03 min/km,1388,-,,665.0
2024,6026,EY BIL Oslo Business Transformation,EY,4,Berg og dal,Emre Sønmez,19:33,4:10 min/km,995,-,120,8:29,4:25 min/km,1695,-,,1173.0
2024,6026,EY BIL Oslo Business Transformation,EY,5,Forskningsparken,Joachim K Indrevik,24:01,4:04 min/km,736,-,75,4:29,3:41 min/km,483,-,,1441.0
2024,6026,EY BIL Oslo Business Transformation,EY,6,Lille Besserud,Anette Melheim Jensen,29:53,4:10 min/km,708,-,62,5:52,4:40 min/km,1336,-,,1793.0
2024,6026,EY BIL Oslo Business Transformation,EY,7,Besserud,Stian Thorsen,37:41,4:13 min/km,619,-,50,7:48,4:23 min/km,798,-,,2261.0
2024,6026,EY BIL Oslo Business Transformation,EY,8,Utforetappen,Julie Osen,43:19,4:02 min/km,509,-,38,5:39,3:10 min/km,423,-,,2599.0
2024,6026,EY BIL Oslo Business Transformation,EY,9,Gressbanen,Roger Y Han,45:41,4:01 min/km,508,-,37,2:22,3:46 min/km,1462,-,,2741.0
2024,6026,EY BIL Oslo Business Transformation,EY,10,Den lange,Kristoffer E Erfal,55:26,3:54 min/km,426,-,32,9:45,3:25 min/km,470,-,,3326.0
2024,6026,EY BIL Oslo Business Transformation,EY,11,Frognerparken,Runa Fløtre Øfsti,1:01:15,3:54 min/km,417,-,29,5:50,3:50 min/km,799,-,,3675.0
2024,6026,EY BIL Oslo Business Transformation,EY,12,Dumpa,Marita Hestenes,1:02:46,3:54 min/km,434,-,30,1:31,4:07 min/km,2639,-,,3766.0
2024,6026,EY BIL Oslo Business Transformation,EY,13,Trappa,Nora Sandvoll,1:07:49,3:57 min/km,501,-,33,5:04,4:40 min/km,2607,-,,4069.0
2024,6026,EY BIL Oslo Business Transformation,EY,14,Sjarmøren,Jenny Sem,1:10:33,3:57 min/km,494,-,34,2:44,3:50 min/km,1188,-,,4233.0
2024,6026,EY BIL Oslo Business Transformation,EY,15,Bislett Stadion,Camilla W Røsstad,1:13:28,3:59 min/km,582,-,41,2:56,5:26 min/km,3988,-,,4408.0
2024,6012,EY BIL Technology Audit Oslo 1,Ernst & Young AS,1,St. Hanshaugen,Trine Lise Gedde,4:19,3:55 min/km,1491,-,1005,4:19,3:55 min/km,1491,-,,259.0
2024,6012,EY BIL Technology Audit Oslo 1,Ernst & Young AS,2,Norabakken,Thomas Simavik Bremnes,9:19,4:16 min/km,1686,-,1125,5:01,4:38 min/km,2225,-,,559.0
2024,6012,EY BIL Technology Audit Oslo 1,Ernst & Young AS,3,Blåsen,Tonje Y Lee,11:34,4:10 min/km,1304,-,878,2:15,3:46 min/km,866,-,,694.0
2024,6012,EY BIL Technology Audit Oslo 1,Ernst & Young AS,4,Berg og dal,Daniel Finvold Sagmo,18:49,4:00 min/km,672,-,456,7:16,3:47 min/km,381,-,,1129.0
2024,6012,EY BIL Technology Audit Oslo 1,Ernst & Young AS,5,Forskningsparken,Line Dolvik,23:46,4:01 min/km,635,-,436,4:57,4:05 min/km,1243,-,,1426.0
2024,6012,EY BIL Technology Audit Oslo 1,Ernst & Young AS,6,Lille Besserud,Håkon R Knudsen,29:20,4:06 min/km,552,-,384,5:34,4:26 min/km,853,-,,1760.0
2024,6012,EY BIL Technology Audit Oslo 1,Ernst & Young AS,7,Besserud,Ola F Løftveit,37:26,4:11 min/km,578,-,409,8:07,4:34 min/km,1170,-,,2246.0
2024,6012,EY BIL Technology Audit Oslo 1,Ernst & Young AS,8,Utforetappen,Johan Fredrik Bygland,45:55,4:17 min/km,1035,-,715,8:30,4:45 min/km,4010,-,,2755.0
2024,6012,EY BIL Technology Audit Oslo 1,Ernst & Young AS,9,Gressbanen,Karen M Enger,48:19,4:15 min/km,1017,-,705,2:24,3:50 min/km,1602,-,,2899.0
2024,6012,EY BIL Technology Audit Oslo 1,Ernst & Young AS,10,Den lange,Jan Erik Riis,59:24,4:11 min/km,998,-,696,11:05,3:53 min/km,1692,-,,3564.0
2024,6012,EY BIL Technology Audit Oslo 1,Ernst & Young AS,11,Frognerparken,Alexander Kristiansen,1:05:23,4:09 min/km,917,-,642,6:00,3:57 min/km,1050,-,,3923.0
2024,6012,EY BIL Technology Audit Oslo 1,Ernst & Young AS,12,Dumpa,Helga Giverhaug,1:06:39,4:08 min/km,904,-,633,1:17,3:27 min/km,1247,-,,3999.0
2024,6012,EY BIL Technology Audit Oslo 1,Ernst & Young AS,13,Trappa,Sondre Kjendalen,1:10:37,4:07 min/km,798,-,553,3:58,3:39 min/km,473,-,,4237.0
2024,6012,EY BIL Technology Audit Oslo 1,Ernst & Young AS,14,Sjarmøren,Thomas Fossvik,1:12:57,4:05 min/km,738,-,519,2:20,3:16 min/km,280,-,,4377.0
2024,6012,EY BIL Technology Audit Oslo 1,Ernst & Young AS,15,Bislett Stadion,Christoffer Hoff,1:14:45,4:03 min/km,707,-,494,1:49,3:22 min/km,789,-,,4485.0
2024,6116,EY BIL SaT 4,EY,1,St. Hanshaugen,Andreas Odden,3:36,3:16 min/km,250,-,167,3:36,3:16 min/km,250,-,,216.0
2024,6116,EY BIL SaT 4,EY,2,Norabakken,Celine Topper,7:41,3:32 min/km,208,-,142,4:06,3:47 min/km,451,-,,461.0
2024,6116,EY BIL SaT 4,EY,3,Blåsen,Pauline Jahren,9:57,3:35 min/km,241,-,157,2:16,3:48 min/km,911,-,,597.0
2024,6116,EY BIL SaT 4,EY,4,Berg og dal,Kristoffer Kleiven,17:54,3:49 min/km,353,-,237,7:57,4:08 min/km,1028,-,,1074.0
2024,6116,EY BIL SaT 4,EY,5,Forskningsparken,Parth Sarna,23:04,3:54 min/km,439,-,303,5:11,4:15 min/km,1677,-,,1384.0
2024,6116,EY BIL SaT 4,EY,6,Lille Besserud,Fredrik Madsen,29:24,4:06 min/km,569,-,395,6:21,5:03 min/km,2076,-,,1764.0
2024,6116,EY BIL SaT 4,EY,7,Besserud,Jørgen Brastad,37:10,4:09 min/km,525,-,368,7:47,4:22 min/km,764,-,,2230.0
2024,6116,EY BIL SaT 4,EY,8,Utforetappen,Haakon V. Lund,43:11,4:02 min/km,494,-,340,6:02,3:22 min/km,900,-,,2591.0
2024,6116,EY BIL SaT 4,EY,9,Gressbanen,Matilda Kvist Weidenmark,45:33,4:01 min/km,486,-,333,2:22,3:46 min/km,1489,-,,2733.0
2024,6116,EY BIL SaT 4,EY,10,Den lange,Sondre P. Bunde,56:45,4:00 min/km,578,-,406,11:13,3:55 min/km,1818,-,,3405.0
2024,6116,EY BIL SaT 4,EY,11,Frognerparken,Sofie Foyn-Bruun,1:03:40,4:03 min/km,670,-,472,6:56,4:33 min/km,2518,-,,3820.0
2024,6116,EY BIL SaT 4,EY,12,Dumpa,Fredric Haugland,1:04:49,4:02 min/km,653,-,463,1:10,3:08 min/km,641,-,,3889.0
2024,6116,EY BIL SaT 4,EY,13,Trappa,Haavard Flostrand,1:09:13,4:02 min/km,639,-,443,4:24,4:03 min/km,1251,-,,4153.0
2024,6116,EY BIL SaT 4,EY,14,Sjarmøren,Lina B. Paulsen,1:13:02,4:05 min/km,745,-,525,3:49,5:21 min/km,3812,-,,4382.0
2024,6116,EY BIL SaT 4,EY,15,Bislett Stadion,Nina Mürer,1:14:45,4:03 min/km,709,-,495,1:44,3:13 min/km,527,-,,4485.0
2024,6108,EY BIL Shipping 1,EY,1,St. Hanshaugen,Are Øverby Svendsen,3:51,3:30 min/km,573,-,380,3:51,3:30 min/km,573,-,,231.0
2024,6108,EY BIL Shipping 1,EY,2,Norabakken,Kristine Ulvang,8:29,3:54 min/km,743,-,493,4:38,4:17 min/km,1391,-,,509.0
2024,6108,EY BIL Shipping 1,EY,3,Blåsen,Martine Frimann,11:03,3:59 min/km,840,-,576,2:34,4:19 min/km,1973,-,,663.0
2024,6108,EY BIL Shipping 1,EY,4,Berg og dal,Anders Ellingsen,20:21,4:20 min/km,1483,-,998,9:19,4:50 min/km,2749,-,,1221.0
2024,6108,EY BIL Shipping 1,EY,6,Lille Besserud,Thomas Bugge,30:06,4:12 min/km,768,-,538,9:45,3:57 min/km,4492,-,,1806.0
2024,6108,EY BIL Shipping 1,EY,7,Besserud,Eirik Köpp,37:23,4:11 min/km,570,-,404,7:18,4:06 min/km,373,-,,2243.0
2024,6108,EY BIL Shipping 1,EY,8,Utforetappen,Sander Rosanoff,42:42,3:59 min/km,434,-,292,5:19,2:59 min/km,191,-,,2562.0
2024,6108,EY BIL Shipping 1,EY,9,Gressbanen,Hanne Stautland,45:40,4:01 min/km,504,-,345,2:58,4:44 min/km,3427,-,,2740.0
2024,6108,EY BIL Shipping 1,EY,10,Den lange,Stian Tollefsen,58:47,4:08 min/km,886,-,618,13:08,4:36 min/km,3390,-,,3527.0
2024,6108,EY BIL Shipping 1,EY,11,Frognerparken,Andreas Omland,1:04:54,4:08 min/km,838,-,587,6:07,4:01 min/km,1233,-,,3894.0
2024,6108,EY BIL Shipping 1,EY,12,Dumpa,Frida Fjelde Haakonsen,1:06:14,4:07 min/km,829,-,583,1:20,3:38 min/km,1616,-,,3974.0
2024,6108,EY BIL Shipping 1,EY,13,Trappa,Mathias Finseth,1:10:57,4:08 min/km,845,-,590,4:44,4:22 min/km,1937,-,,4257.0
2024,6108,EY BIL Shipping 1,EY,14,Sjarmøren,Henrik Skretteberg Stærkebye,1:13:12,4:05 min/km,764,-,536,2:15,3:09 min/km,185,-,,4392.0
2024,6108,EY BIL Shipping 1,EY,15,Bislett Stadion,Eirik Offenberg,1:14:46,4:03 min/km,710,-,496,1:34,2:54 min/km,140,-,,4486.0
2024,6104,EY BIL SaT 3,EY,1,St. Hanshaugen,,3:47,3:27 min/km,470,-,315,3:47,3:27 min/km,470,-,,227.0
2024,6104,EY BIL SaT 3,EY,2,Norabakken,,9:18,4:16 min/km,1655,-,1105,5:31,5:06 min/km,3172,-,,558.0
2024,6104,EY BIL SaT 3,EY,3,Blåsen,,11:40,4:12 min/km,1394,-,938,2:22,3:58 min/km,1230,-,,700.0
2024,6104,EY BIL SaT 3,EY,4,Berg og dal,,20:36,4:23 min/km,1658,-,1103,8:57,4:39 min/km,2306,-,,1236.0
2024,6104,EY BIL SaT 3,EY,5,Forskningsparken,,25:19,4:17 min/km,1274,-,863,4:43,3:53 min/km,825,-,,1519.0
2024,6104,EY BIL SaT 3,EY,6,Lille Besserud,,31:09,4:21 min/km,1132,-,771,5:51,4:39 min/km,1293,-,,1869.0
2024,6104,EY BIL SaT 3,EY,7,Besserud,,39:26,4:25 min/km,1050,-,721,8:17,4:40 min/km,1395,-,,2366.0
2024,6104,EY BIL SaT 3,EY,8,Utforetappen,,45:24,4:14 min/km,901,-,624,5:59,3:21 min/km,839,-,,2724.0
2024,6104,EY BIL SaT 3,EY,9,Gressbanen,,47:40,4:12 min/km,863,-,603,2:17,3:37 min/km,1105,-,,2860.0
2024,6104,EY BIL SaT 3,EY,10,Den lange,,58:12,4:06 min/km,781,-,545,10:32,3:41 min/km,1101,-,,3492.0
2024,6104,EY BIL SaT 3,EY,11,Frognerparken,,1:04:07,4:05 min/km,721,-,507,5:55,3:54 min/km,918,-,,3847.0
2024,6104,EY BIL SaT 3,EY,12,Dumpa,,1:05:10,4:03 min/km,687,-,480,1:04,2:53 min/km,291,-,,3910.0
2024,6104,EY BIL SaT 3,EY,13,Trappa,,1:10:32,4:06 min/km,787,-,546,5:22,4:57 min/km,3153,-,,4232.0
2024,6104,EY BIL SaT 3,EY,14,Sjarmøren,,1:13:05,4:05 min/km,753,-,529,2:34,3:35 min/km,739,-,,4385.0
2024,6104,EY BIL SaT 3,EY,15,Bislett Stadion,,1:14:56,4:04 min/km,735,-,513,1:52,3:27 min/km,933,-,,4496.0
2024,6081,EY BIL Retail 2,EY,1,St. Hanshaugen,Akhilesh Rohatgi,4:48,4:22 min/km,2568,-,1674,4:48,4:22 min/km,2568,-,,288.0
2024,6081,EY BIL Retail 2,EY,2,Norabakken,Kiruththika Panchalingam,11:38,5:20 min/km,3950,-,2511,6:50,6:19 min/km,4244,-,,698.0
2024,6081,EY BIL Retail 2,EY,3,Blåsen,Nam Nguyen,13:38,4:55 min/km,3350,-,2157,2:01,3:22 min/km,325,-,,818.0
2024,6081,EY BIL Retail 2,EY,4,Berg og dal,Kristian Dalby,20:50,4:26 min/km,1808,-,1206,7:12,3:45 min/km,343,-,,1250.0
2024,6081,EY BIL Retail 2,EY,5,Forskningsparken,Christoffer Nordby,25:41,4:21 min/km,1488,-,1010,4:52,4:00 min/km,1076,-,,1541.0
2024,6081,EY BIL Retail 2,EY,6,Lille Besserud,Lars Friestad,30:58,4:19 min/km,1067,-,729,5:17,4:12 min/km,449,-,,1858.0
2024,6081,EY BIL Retail 2,EY,7,Besserud,Daniel Jakobsen,41:16,4:37 min/km,1613,-,1089,10:19,5:48 min/km,3449,-,,2476.0
2024,6081,EY BIL Retail 2,EY,8,Utforetappen,Markus S Gran,47:24,4:25 min/km,1414,-,969,6:09,3:27 min/km,1071,-,,2844.0
2024,6081,EY BIL Retail 2,EY,9,Gressbanen,Brynjel Toft,49:29,4:22 min/km,1287,-,884,2:05,3:19 min/km,526,-,,2969.0
2024,6081,EY BIL Retail 2,EY,10,Den lange,Christoffer Eidissen,59:26,4:11 min/km,1002,-,700,9:57,3:29 min/km,610,-,,3566.0
2024,6081,EY BIL Retail 2,EY,11,Frognerparken,Bendik Sørby,1:04:54,4:08 min/km,840,-,588,5:29,3:36 min/km,376,-,,3894.0
2024,6081,EY BIL Retail 2,EY,12,Dumpa,Christine Bratland,1:06:05,4:06 min/km,806,-,563,1:11,3:12 min/km,761,-,,3965.0
2024,6081,EY BIL Retail 2,EY,13,Trappa,Petter Helseth,1:10:12,4:05 min/km,748,-,524,4:08,3:49 min/km,739,-,,4212.0
2024,6081,EY BIL Retail 2,EY,14,Sjarmøren,Frida Kristensen,1:13:30,4:06 min/km,802,-,562,3:18,4:37 min/km,2868,-,,4410.0
2024,6081,EY BIL Retail 2,EY,15,Bislett Stadion,Andreas Lund,1:15:23,4:05 min/km,782,-,549,1:54,3:31 min/km,1046,-,,4523.0
2024,6103,EY BIL SaT 2,EY,1,St. Hanshaugen,,4:01,3:39 min/km,851,-,580,4:01,3:39 min/km,851,-,,241.0
2024,6103,EY BIL SaT 2,EY,2,Norabakken,,8:41,3:59 min/km,955,-,640,4:41,4:19 min/km,1466,-,,521.0
2024,6103,EY BIL SaT 2,EY,3,Blåsen,,11:22,4:06 min/km,1128,-,761,2:42,4:31 min/km,2402,-,,682.0
2024,6103,EY BIL SaT 2,EY,4,Berg og dal,,19:48,4:13 min/km,1139,-,787,8:26,4:23 min/km,1633,-,,1188.0
2024,6103,EY BIL SaT 2,EY,5,Forskningsparken,,25:44,4:21 min/km,1519,-,1028,5:57,4:53 min/km,3165,-,,1544.0
2024,6103,EY BIL SaT 2,EY,6,Lille Besserud,,31:32,4:24 min/km,1280,-,863,5:49,4:38 min/km,1226,-,,1892.0
2024,6103,EY BIL SaT 2,EY,7,Besserud,,39:49,4:27 min/km,1164,-,806,8:17,4:39 min/km,1389,-,,2389.0
2024,6103,EY BIL SaT 2,EY,8,Utforetappen,,44:47,4:10 min/km,761,-,532,4:59,2:47 min/km,59,-,,2687.0
2024,6103,EY BIL SaT 2,EY,9,Gressbanen,,46:52,4:08 min/km,697,-,493,2:05,3:19 min/km,524,-,,2812.0
2024,6103,EY BIL SaT 2,EY,10,Den lange,,56:53,4:00 min/km,598,-,422,10:02,3:31 min/km,671,-,,3413.0
2024,6103,EY BIL SaT 2,EY,11,Frognerparken,,1:02:19,3:58 min/km,520,-,362,5:26,3:34 min/km,332,-,,3739.0
2024,6103,EY BIL SaT 2,EY,12,Dumpa,,1:03:36,3:57 min/km,518,-,361,1:18,3:30 min/km,1360,-,,3816.0
2024,6103,EY BIL SaT 2,EY,13,Trappa,,1:11:28,4:10 min/km,923,-,645,7:52,7:15 min/km,4412,-,,4288.0
2024,6103,EY BIL SaT 2,EY,14,Sjarmøren,,1:14:16,4:09 min/km,917,-,640,2:48,3:55 min/km,1388,-,,4456.0
2024,6103,EY BIL SaT 2,EY,15,Bislett Stadion,,1:16:12,4:08 min/km,908,-,633,1:56,3:36 min/km,1227,-,,4572.0
2024,6020,EY BIL Tech Strategy & Transformation 1,EY,1,St. Hanshaugen,Anders Tveitan Ødegård,3:34,3:14 min/km,200,-,129,3:34,3:14 min/km,200,-,,214.0
2024,6020,EY BIL Tech Strategy & Transformation 1,EY,2,Norabakken,Marcus Marmont Ramsey,7:16,3:20 min/km,91,-,59,3:43,3:26 min/km,121,-,,436.0
2024,6020,EY BIL Tech Strategy & Transformation 1,EY,3,Blåsen,Nikki Kooger,10:22,3:44 min/km,403,-,270,3:07,5:13 min/km,3539,-,,622.0
2024,6020,EY BIL Tech Strategy & Transformation 1,EY,4,Berg og dal,Martin Torp-Holte,19:50,4:13 min/km,1165,-,803,9:28,4:55 min/km,2906,-,,1190.0
2024,6020,EY BIL Tech Strategy & Transformation 1,EY,5,Forskningsparken,Moritz Klauser-Baumgärtner,24:14,4:06 min/km,816,-,559,4:25,3:37 min/km,394,-,,1454.0
2024,6020,EY BIL Tech Strategy & Transformation 1,EY,6,Lille Besserud,Lise Øverland Nes,30:15,4:13 min/km,815,-,570,6:01,4:47 min/km,1533,-,,1815.0
2024,6020,EY BIL Tech Strategy & Transformation 1,EY,7,Besserud,Jonathan Sinnes,39:05,4:22 min/km,937,-,648,8:51,4:58 min/km,2073,-,,2345.0
2024,6020,EY BIL Tech Strategy & Transformation 1,EY,8,Utforetappen,Ingrid Mediås Moe,48:09,4:29 min/km,1635,-,1107,9:05,5:05 min/km,4203,-,,2889.0
2024,6020,EY BIL Tech Strategy & Transformation 1,EY,9,Gressbanen,Roberto Daniel Moses-Thomassen,50:50,4:29 min/km,1665,-,1129,2:42,4:17 min/km,2672,-,,3050.0
2024,6020,EY BIL Tech Strategy & Transformation 1,EY,10,Den lange,Thomas Vincent Borgersen,1:01:41,4:20 min/km,1486,-,1015,10:51,3:48 min/km,1427,-,,3701.0
2024,6020,EY BIL Tech Strategy & Transformation 1,EY,11,Frognerparken,Jakob Tolstad Tofte,1:07:21,4:17 min/km,1282,-,887,5:41,3:44 min/km,587,-,,4041.0
2024,6020,EY BIL Tech Strategy & Transformation 1,EY,12,Dumpa,Mariann Udnesseter,1:08:43,4:16 min/km,1272,-,885,1:22,3:43 min/km,1826,-,,4123.0
2024,6020,EY BIL Tech Strategy & Transformation 1,EY,13,Trappa,Anders Tveitan Ødegård,1:12:23,4:13 min/km,1081,-,756,3:40,3:23 min/km,185,-,,4343.0
2024,6020,EY BIL Tech Strategy & Transformation 1,EY,14,Sjarmøren,Hanna Sandbu,1:15:10,4:12 min/km,1057,-,740,2:47,3:54 min/km,1324,-,,4510.0
2024,6020,EY BIL Tech Strategy & Transformation 1,EY,15,Bislett Stadion,Peder V Moen,1:16:50,4:10 min/km,1000,-,699,1:41,3:06 min/km,364,-,,4610.0
2024,6015,EY BIL Retail 1,EY,1,St. Hanshaugen,Henrik Martin Sanne,4:40,4:15 min/km,2285,-,1506,4:40,4:15 min/km,2285,-,,280.0
2024,6015,EY BIL Retail 1,EY,2,Norabakken,Ivar Heimstad,8:36,3:56 min/km,851,-,568,3:56,3:38 min/km,285,-,,516.0
2024,6015,EY BIL Retail 1,EY,3,Blåsen,Martine Ramstad Høge,11:40,4:12 min/km,1390,-,936,3:05,5:10 min/km,3483,-,,700.0
2024,6015,EY BIL Retail 1,EY,4,Berg og dal,Sondre Pedersen,19:30,4:09 min/km,967,-,668,7:50,4:05 min/km,920,-,,1170.0
2024,6015,EY BIL Retail 1,EY,5,Forskningsparken,Olga Osborn,25:07,4:15 min/km,1179,-,802,5:38,4:38 min/km,2620,-,,1507.0
2024,6015,EY BIL Retail 1,EY,6,Lille Besserud,Ibrahim Mahmood,32:31,4:32 min/km,1710,-,1142,7:25,5:54 min/km,3456,-,,1951.0
2024,6015,EY BIL Retail 1,EY,7,Besserud,Fredrik Vollan,40:38,4:33 min/km,1425,-,971,8:08,4:34 min/km,1210,-,,2438.0
2024,6015,EY BIL Retail 1,EY,8,Utforetappen,Nora Stub,47:31,4:26 min/km,1448,-,992,6:53,3:51 min/km,2270,-,,2851.0
2024,6015,EY BIL Retail 1,EY,9,Gressbanen,Samuel John Crawford,49:49,4:23 min/km,1378,-,948,2:19,3:41 min/km,1276,-,,2989.0
2024,6015,EY BIL Retail 1,EY,10,Den lange,Victor Opsahl,1:01:07,4:18 min/km,1351,-,928,11:18,3:57 min/km,1910,-,,3667.0
2024,6015,EY BIL Retail 1,EY,11,Frognerparken,Tord Aaland Engen,1:07:02,4:16 min/km,1215,-,844,5:56,3:54 min/km,936,-,,4022.0
2024,6015,EY BIL Retail 1,EY,12,Dumpa,Peter F Holl,1:08:19,4:15 min/km,1196,-,832,1:17,3:27 min/km,1241,-,,4099.0
2024,6015,EY BIL Retail 1,EY,13,Trappa,Lasse Eik Schanche,1:12:15,4:12 min/km,1059,-,738,3:57,3:39 min/km,464,-,,4335.0
2024,6015,EY BIL Retail 1,EY,14,Sjarmøren,Hanna Margrethe Løchen,1:14:58,4:11 min/km,1032,-,722,2:44,3:49 min/km,1148,-,,4498.0
2024,6015,EY BIL Retail 1,EY,15,Bislett Stadion,Aleksandr Nevdachin,1:17:01,4:11 min/km,1037,-,726,2:03,3:49 min/km,1705,-,,4621.0
2024,6022,EY BIL SCO,EY,1,St. Hanshaugen,,3:49,3:28 min/km,526,-,65,3:49,3:28 min/km,526,-,,229.0
2024,6022,EY BIL SCO,EY,2,Norabakken,,7:42,3:32 min/km,217,-,8,3:54,3:36 min/km,257,-,,462.0
2024,6022,EY BIL SCO,EY,3,Blåsen,,9:48,3:32 min/km,194,-,8,2:07,3:32 min/km,520,-,,588.0
2024,6022,EY BIL SCO,EY,4,Berg og dal,,19:05,4:04 min/km,773,-,84,9:17,4:50 min/km,2717,-,,1145.0
2024,6022,EY BIL SCO,EY,5,Forskningsparken,,24:03,4:04 min/km,746,-,76,4:58,4:05 min/km,1266,-,,1443.0
2024,6022,EY BIL SCO,EY,6,Lille Besserud,,30:42,4:17 min/km,972,-,102,6:40,5:18 min/km,2589,-,,1842.0
2024,6022,EY BIL SCO,EY,7,Besserud,,39:23,4:24 min/km,1028,-,120,8:41,4:53 min/km,1868,-,,2363.0
2024,6022,EY BIL SCO,EY,8,Utforetappen,,46:44,4:21 min/km,1223,-,150,7:21,4:07 min/km,2990,-,,2804.0
2024,6022,EY BIL SCO,EY,9,Gressbanen,,48:34,4:17 min/km,1077,-,123,1:51,2:57 min/km,115,-,,2914.0
2024,6022,EY BIL SCO,EY,10,Den lange,,59:52,4:13 min/km,1082,-,116,11:19,3:57 min/km,1918,-,,3592.0
2024,6022,EY BIL SCO,EY,11,Frognerparken,,1:06:11,4:12 min/km,1053,-,110,6:19,4:09 min/km,1534,-,,3971.0
2024,6022,EY BIL SCO,EY,12,Dumpa,,1:07:31,4:12 min/km,1046,-,106,1:21,3:39 min/km,1691,-,,4051.0
2024,6022,EY BIL SCO,EY,13,Trappa,,1:12:26,4:13 min/km,1092,-,116,4:55,4:32 min/km,2314,-,,4346.0
2024,6022,EY BIL SCO,EY,14,Sjarmøren,,1:15:05,4:12 min/km,1047,-,110,2:40,3:43 min/km,992,-,,4505.0
2024,6022,EY BIL SCO,EY,15,Bislett Stadion,,1:17:04,4:11 min/km,1042,-,103,2:00,3:42 min/km,1454,-,,4624.0
2024,6113,EY BIL FAAS 4,EY,1,St. Hanshaugen,Sebastian Brenne Johansen,3:43,3:23 min/km,376,-,256,3:43,3:23 min/km,376,-,,223.0
2024,6113,EY BIL FAAS 4,EY,2,Norabakken,Erlend Foldvik Kemkers,9:04,4:09 min/km,1372,-,909,5:21,4:56 min/km,2899,-,,544.0
2024,6113,EY BIL FAAS 4,EY,3,Blåsen,Erlend Foldvik Kemkers,11:18,4:04 min/km,1072,-,730,2:15,3:47 min/km,870,-,,678.0
2024,6113,EY BIL FAAS 4,EY,4,Berg og dal,Eirik M Seppola,19:43,4:12 min/km,1092,-,756,8:25,4:22 min/km,1604,-,,1183.0
2024,6113,EY BIL FAAS 4,EY,5,Forskningsparken,Patrick Holm,24:23,4:08 min/km,881,-,601,4:41,3:51 min/km,786,-,,1463.0
2024,6113,EY BIL FAAS 4,EY,6,Lille Besserud,Yousaf Ali,29:59,4:11 min/km,737,-,517,5:37,4:28 min/km,906,-,,1799.0
2024,6113,EY BIL FAAS 4,EY,7,Besserud,Mads Nordskott,38:53,4:21 min/km,878,-,614,8:54,5:00 min/km,2125,-,,2333.0
2024,6113,EY BIL FAAS 4,EY,8,Utforetappen,Sondre Gjert Øverland,45:09,4:13 min/km,840,-,584,6:17,3:31 min/km,1262,-,,2709.0
2024,6113,EY BIL FAAS 4,EY,9,Gressbanen,Sondre Gjert Øverland,47:39,4:12 min/km,861,-,601,2:31,4:00 min/km,2018,-,,2859.0
2024,6113,EY BIL FAAS 4,EY,10,Den lange,Herman Hanssen,59:54,4:13 min/km,1089,-,760,12:15,4:17 min/km,2779,-,,3594.0
2024,6113,EY BIL FAAS 4,EY,11,Frognerparken,Hannah K Aasheim,1:07:48,4:19 min/km,1366,-,939,7:55,5:12 min/km,3646,-,,4068.0
2024,6113,EY BIL FAAS 4,EY,12,Dumpa,Kaisa Havem,1:08:59,4:17 min/km,1321,-,911,1:12,3:14 min/km,813,-,,4139.0
2024,6113,EY BIL FAAS 4,EY,13,Trappa,Hanna Jacobsen,1:14:06,4:19 min/km,1388,-,952,5:07,4:43 min/km,2716,-,,4446.0
2024,6113,EY BIL FAAS 4,EY,14,Sjarmøren,Anine Wictorsen,1:17:50,4:21 min/km,1503,-,1034,3:44,5:14 min/km,3690,-,,4670.0
2024,6113,EY BIL FAAS 4,EY,15,Bislett Stadion,Oskar Eikeseth,1:19:35,4:19 min/km,1441,-,993,1:46,3:17 min/km,638,-,,4775.0
2024,6059,EY BIL Oslo Law & Tax,Ernst & Young AS,1,St. Hanshaugen,,4:43,4:17 min/km,2363,-,443,4:43,4:17 min/km,2363,-,,283.0
2024,6059,EY BIL Oslo Law & Tax,Ernst & Young AS,2,Norabakken,,9:59,4:35 min/km,2550,-,477,5:17,4:52 min/km,2766,-,,599.0
2024,6059,EY BIL Oslo Law & Tax,Ernst & Young AS,3,Blåsen,,12:33,4:31 min/km,2338,-,423,2:35,4:19 min/km,1979,-,,753.0
2024,6059,EY BIL Oslo Law & Tax,Ernst & Young AS,4,Berg og dal,,19:59,4:15 min/km,1257,-,165,7:27,3:52 min/km,529,-,,1199.0
2024,6059,EY BIL Oslo Law & Tax,Ernst & Young AS,5,Forskningsparken,,24:39,4:10 min/km,981,-,114,4:40,3:51 min/km,759,-,,1479.0
2024,6059,EY BIL Oslo Law & Tax,Ernst & Young AS,6,Lille Besserud,,31:36,4:25 min/km,1304,-,173,6:58,5:32 min/km,2999,-,,1896.0
2024,6059,EY BIL Oslo Law & Tax,Ernst & Young AS,7,Besserud,,41:20,4:37 min/km,1636,-,243,9:45,5:29 min/km,3014,-,,2480.0
2024,6059,EY BIL Oslo Law & Tax,Ernst & Young AS,8,Utforetappen,,49:20,4:36 min/km,1997,-,324,8:00,4:29 min/km,3700,-,,2960.0
2024,6059,EY BIL Oslo Law & Tax,Ernst & Young AS,9,Gressbanen,,52:20,4:37 min/km,2124,-,352,3:00,4:47 min/km,3484,-,,3140.0
2024,6059,EY BIL Oslo Law & Tax,Ernst & Young AS,10,Den lange,,1:02:34,4:24 min/km,1713,-,254,10:14,3:35 min/km,833,-,,3754.0
2024,6059,EY BIL Oslo Law & Tax,Ernst & Young AS,11,Frognerparken,,1:09:04,4:23 min/km,1649,-,235,6:31,4:17 min/km,1864,-,,4144.0
2024,6059,EY BIL Oslo Law & Tax,Ernst & Young AS,12,Dumpa,,1:11:35,4:27 min/km,1903,-,295,2:32,6:51 min/km,4342,-,,4295.0
2024,6059,EY BIL Oslo Law & Tax,Ernst & Young AS,13,Trappa,,1:15:42,4:24 min/km,1716,-,245,4:07,3:48 min/km,723,-,,4542.0
2024,6059,EY BIL Oslo Law & Tax,Ernst & Young AS,14,Sjarmøren,,1:18:45,4:24 min/km,1697,-,235,3:04,4:17 min/km,2187,-,,4725.0
2024,6059,EY BIL Oslo Law & Tax,Ernst & Young AS,15,Bislett Stadion,,1:20:46,4:23 min/km,1662,-,223,2:02,3:46 min/km,1593,-,,4846.0
2024,6028,EY Drammen,Ernst & Young AS,1,St. Hanshaugen,,5:21,4:52 min/km,3568,-,2283,5:21,4:52 min/km,3568,-,,321.0
2024,6028,EY Drammen,Ernst & Young AS,2,Norabakken,,10:11,4:40 min/km,2794,-,1822,4:51,4:29 min/km,1874,-,,611.0
2024,6028,EY Drammen,Ernst & Young AS,3,Blåsen,,12:46,4:36 min/km,2586,-,1708,2:36,4:21 min/km,2039,-,,766.0
2024,6028,EY Drammen,Ernst & Young AS,4,Berg og dal,,21:45,4:38 min/km,2416,-,1609,8:59,4:40 min/km,2344,-,,1305.0
2024,6028,EY Drammen,Ernst & Young AS,5,Forskningsparken,,27:07,4:35 min/km,2271,-,1500,5:23,4:25 min/km,2097,-,,1627.0
2024,6028,EY Drammen,Ernst & Young AS,6,Lille Besserud,,32:33,4:33 min/km,1733,-,1157,5:26,4:20 min/km,667,-,,1953.0
2024,6028,EY Drammen,Ernst & Young AS,7,Besserud,,40:52,4:34 min/km,1488,-,1008,8:19,4:41 min/km,1427,-,,2452.0
2024,6028,EY Drammen,Ernst & Young AS,8,Utforetappen,,47:08,4:24 min/km,1338,-,920,6:17,3:31 min/km,1269,-,,2828.0
2024,6028,EY Drammen,Ernst & Young AS,9,Gressbanen,,49:40,4:22 min/km,1334,-,921,2:32,4:02 min/km,2108,-,,2980.0
2024,6028,EY Drammen,Ernst & Young AS,10,Den lange,,1:01:41,4:20 min/km,1489,-,1016,12:02,4:13 min/km,2583,-,,3701.0
2024,6028,EY Drammen,Ernst & Young AS,11,Frognerparken,,1:09:45,4:26 min/km,1814,-,1220,8:04,5:18 min/km,3763,-,,4185.0
2024,6028,EY Drammen,Ernst & Young AS,12,Dumpa,,1:11:06,4:25 min/km,1796,-,1216,1:22,3:42 min/km,1802,-,,4266.0
2024,6028,EY Drammen,Ernst & Young AS,13,Trappa,,1:15:37,4:24 min/km,1696,-,1152,4:31,4:10 min/km,1487,-,,4537.0
2024,6028,EY Drammen,Ernst & Young AS,14,Sjarmøren,,1:19:02,4:25 min/km,1755,-,1197,3:26,4:47 min/km,3176,-,,4742.0
2024,6028,EY Drammen,Ernst & Young AS,15,Bislett Stadion,,1:21:40,4:26 min/km,1845,-,1253,2:39,4:55 min/km,3569,-,,4900.0
2024,6027,EY BIL Cyber,EY BIL,1,St. Hanshaugen,,4:54,4:27 min/km,2764,-,1791,4:54,4:27 min/km,2764,-,,294.0
2024,6027,EY BIL Cyber,EY BIL,2,Norabakken,,9:31,4:22 min/km,1946,-,1296,4:38,4:17 min/km,1361,-,,571.0
2024,6027,EY BIL Cyber,EY BIL,3,Blåsen,,11:45,4:14 min/km,1476,-,997,2:14,3:44 min/km,792,-,,705.0
2024,6027,EY BIL Cyber,EY BIL,4,Berg og dal,,22:23,4:46 min/km,2805,-,1834,10:39,5:32 min/km,3778,-,,1343.0
2024,6027,EY BIL Cyber,EY BIL,5,Forskningsparken,,27:31,4:39 min/km,2500,-,1645,5:09,4:14 min/km,1623,-,,1651.0
2024,6027,EY BIL Cyber,EY BIL,6,Lille Besserud,,33:30,4:40 min/km,2146,-,1424,5:59,4:46 min/km,1489,-,,2010.0
2024,6027,EY BIL Cyber,EY BIL,7,Besserud,,42:43,4:47 min/km,2131,-,1404,9:14,5:11 min/km,2477,-,,2563.0
2024,6027,EY BIL Cyber,EY BIL,8,Utforetappen,,50:17,4:41 min/km,2331,-,1548,7:34,4:14 min/km,3284,-,,3017.0
2024,6027,EY BIL Cyber,EY BIL,9,Gressbanen,,53:11,4:41 min/km,2401,-,1591,2:55,4:38 min/km,3286,-,,3191.0
2024,6027,EY BIL Cyber,EY BIL,10,Den lange,,1:03:49,4:29 min/km,2018,-,1355,10:39,3:44 min/km,1225,-,,3829.0
2024,6027,EY BIL Cyber,EY BIL,11,Frognerparken,,1:10:20,4:28 min/km,1949,-,1304,6:31,4:17 min/km,1870,-,,4220.0
2024,6027,EY BIL Cyber,EY BIL,12,Dumpa,,1:11:40,4:27 min/km,1926,-,1296,1:20,3:37 min/km,1602,-,,4300.0
2024,6027,EY BIL Cyber,EY BIL,13,Trappa,,1:16:32,4:27 min/km,1896,-,1281,4:53,4:30 min/km,2247,-,,4592.0
2024,6027,EY BIL Cyber,EY BIL,14,Sjarmøren,,1:19:16,4:26 min/km,1798,-,1227,2:44,3:49 min/km,1178,-,,4756.0
2024,6027,EY BIL Cyber,EY BIL,15,Bislett Stadion,,1:21:59,4:27 min/km,1902,-,1287,2:44,5:04 min/km,3710,-,,4919.0
2024,6100,EY Kristiansand,EY Kristiansand,1,St. Hanshaugen,Magnus Andre Lyng,4:26,4:01 min/km,1747,-,1159,4:26,4:01 min/km,1747,-,,266.0
2024,6100,EY Kristiansand,EY Kristiansand,2,Norabakken,Anders Erland Gustavsen,9:01,4:08 min/km,1326,-,879,4:36,4:15 min/km,1289,-,,541.0
2024,6100,EY Kristiansand,EY Kristiansand,3,Blåsen,Charlotte Svennevig Thuv,12:00,4:20 min/km,1751,-,1160,3:00,5:01 min/km,3309,-,,720.0
2024,6100,EY Kristiansand,EY Kristiansand,4,Berg og dal,Vegard Sanne,21:00,4:28 min/km,1927,-,1283,9:00,4:41 min/km,2367,-,,1260.0
2024,6100,EY Kristiansand,EY Kristiansand,5,Forskningsparken,Beate Kjetså,25:59,4:24 min/km,1651,-,1106,4:59,4:06 min/km,1295,-,,1559.0
2024,6100,EY Kristiansand,EY Kristiansand,6,Lille Besserud,Harald Bjordal,33:00,4:36 min/km,1921,-,1271,7:01,5:35 min/km,3070,-,,1980.0
2024,6100,EY Kristiansand,EY Kristiansand,7,Besserud,Thomas Askildsen,41:33,4:39 min/km,1728,-,1154,8:34,4:49 min/km,1721,-,,2493.0
2024,6100,EY Kristiansand,EY Kristiansand,8,Utforetappen,Fredrik Flaa Tellefsen,49:51,4:39 min/km,2179,-,1446,8:18,4:39 min/km,3909,-,,2991.0
2024,6100,EY Kristiansand,EY Kristiansand,9,Gressbanen,Sondre Verdal,52:29,4:37 min/km,2164,-,1441,2:38,4:12 min/km,2490,-,,3149.0
2024,6100,EY Kristiansand,EY Kristiansand,10,Den lange,Sven Erik Solberg,1:05:03,4:35 min/km,2313,-,1533,12:35,4:24 min/km,3034,-,,3903.0
2024,6100,EY Kristiansand,EY Kristiansand,11,Frognerparken,Axel William Patricksson,1:10:52,4:30 min/km,2068,-,1381,5:49,3:49 min/km,777,-,,4252.0
2024,6100,EY Kristiansand,EY Kristiansand,12,Dumpa,Marie Haug Tokheim,1:12:09,4:29 min/km,2021,-,1353,1:18,3:32 min/km,1393,-,,4329.0
2024,6100,EY Kristiansand,EY Kristiansand,13,Trappa,Thomas Selde Sørensen,1:16:14,4:26 min/km,1832,-,1241,4:05,3:46 min/km,651,-,,4574.0
2024,6100,EY Kristiansand,EY Kristiansand,14,Sjarmøren,Maren Storsveen,1:19:48,4:28 min/km,1925,-,1296,3:35,5:01 min/km,3480,-,,4788.0
2024,6100,EY Kristiansand,EY Kristiansand,15,Bislett Stadion,Sarah Julia Gastinger,1:22:37,4:29 min/km,2029,-,1365,2:49,5:13 min/km,3852,-,,4957.0
2024,6102,EY BIL WFA,EY AS,1,St. Hanshaugen,,4:21,3:58 min/km,1582,-,249,4:21,3:58 min/km,1582,-,,261.0
2024,6102,EY BIL WFA,EY AS,2,Norabakken,,9:56,4:33 min/km,2503,-,466,5:35,5:10 min/km,3280,-,,596.0
2024,6102,EY BIL WFA,EY AS,3,Blåsen,,12:31,4:30 min/km,2297,-,414,2:35,4:19 min/km,1983,-,,751.0
2024,6102,EY BIL WFA,EY AS,4,Berg og dal,,21:53,4:40 min/km,2507,-,445,9:23,4:53 min/km,2814,-,,1313.0
2024,6102,EY BIL WFA,EY AS,5,Forskningsparken,,26:56,4:33 min/km,2182,-,366,5:04,4:10 min/km,1454,-,,1616.0
2024,6102,EY BIL WFA,EY AS,6,Lille Besserud,,33:25,4:40 min/km,2108,-,351,6:29,5:10 min/km,2316,-,,2005.0
2024,6102,EY BIL WFA,EY AS,7,Besserud,,43:11,4:50 min/km,2321,-,412,9:47,5:30 min/km,3044,-,,2591.0
2024,6102,EY BIL WFA,EY AS,8,Utforetappen,,50:07,4:40 min/km,2271,-,391,6:56,3:53 min/km,2373,-,,3007.0
2024,6102,EY BIL WFA,EY AS,9,Gressbanen,,52:29,4:37 min/km,2171,-,366,2:23,3:48 min/km,1520,-,,3149.0
2024,6102,EY BIL WFA,EY AS,10,Den lange,,1:05:13,4:35 min/km,2358,-,410,12:45,4:27 min/km,3152,-,,3913.0
2024,6102,EY BIL WFA,EY AS,11,Frognerparken,,1:11:28,4:33 min/km,2208,-,369,6:16,4:07 min/km,1441,-,,4288.0
2024,6102,EY BIL WFA,EY AS,12,Dumpa,,1:13:13,4:33 min/km,2253,-,382,1:45,4:44 min/km,3578,-,,4393.0
2024,6102,EY BIL WFA,EY AS,13,Trappa,,1:17:59,4:32 min/km,2194,-,365,4:47,4:24 min/km,2029,-,,4679.0
2024,6102,EY BIL WFA,EY AS,14,Sjarmøren,,1:20:50,4:31 min/km,2119,-,338,2:51,3:59 min/km,1543,-,,4850.0
2024,6102,EY BIL WFA,EY AS,15,Bislett Stadion,,1:22:55,4:30 min/km,2079,-,325,2:06,3:54 min/km,1908,-,,4975.0
2024,6090,EY BIL Energy 2,EY,1,St. Hanshaugen,,4:47,4:21 min/km,2528,-,1649,4:47,4:21 min/km,2528,-,,287.0
2024,6090,EY BIL Energy 2,EY,2,Norabakken,,10:07,4:38 min/km,2719,-,1774,5:21,4:56 min/km,2884,-,,607.0
2024,6090,EY BIL Energy 2,EY,3,Blåsen,,12:33,4:31 min/km,2347,-,1539,2:26,4:05 min/km,1484,-,,753.0
2024,6090,EY BIL Energy 2,EY,4,Berg og dal,,20:00,4:15 min/km,1263,-,858,7:27,3:52 min/km,531,-,,1200.0
2024,6090,EY BIL Energy 2,EY,5,Forskningsparken,,27:00,4:34 min/km,2211,-,1460,7:01,5:46 min/km,4143,-,,1620.0
2024,6090,EY BIL Energy 2,EY,6,Lille Besserud,,32:59,4:36 min/km,1916,-,1269,5:59,4:46 min/km,1492,-,,1979.0
2024,6090,EY BIL Energy 2,EY,7,Besserud,,39:55,4:28 min/km,1198,-,828,6:57,3:54 min/km,199,-,,2395.0
2024,6090,EY BIL Energy 2,EY,8,Utforetappen,,47:01,4:23 min/km,1314,-,905,7:06,3:59 min/km,2632,-,,2821.0
2024,6090,EY BIL Energy 2,EY,9,Gressbanen,,49:44,4:23 min/km,1353,-,936,2:43,4:20 min/km,2775,-,,2984.0
2024,6090,EY BIL Energy 2,EY,10,Den lange,,1:02:55,4:26 min/km,1812,-,1224,13:11,4:37 min/km,3423,-,,3775.0
2024,6090,EY BIL Energy 2,EY,11,Frognerparken,,1:09:13,4:24 min/km,1687,-,1142,6:19,4:09 min/km,1542,-,,4153.0
2024,6090,EY BIL Energy 2,EY,12,Dumpa,,1:10:36,4:23 min/km,1672,-,1135,1:24,3:46 min/km,1961,-,,4236.0
2024,6090,EY BIL Energy 2,EY,13,Trappa,,1:18:00,4:32 min/km,2200,-,1467,7:24,6:50 min/km,4359,-,,4680.0
2024,6090,EY BIL Energy 2,EY,14,Sjarmøren,,1:21:19,4:33 min/km,2222,-,1485,3:19,4:39 min/km,2932,-,,4879.0
2024,6090,EY BIL Energy 2,EY,15,Bislett Stadion,,1:23:39,4:32 min/km,2236,-,1494,2:20,4:21 min/km,2781,-,,5019.0
2024,6092,EY BIL FAAS 2,EY,1,St. Hanshaugen,Henrik Sandnes,4:13,3:50 min/km,1278,-,865,4:13,3:50 min/km,1278,-,,253.0
2024,6092,EY BIL FAAS 2,EY,2,Norabakken,Ingrid Erichsen,9:48,4:30 min/km,2313,-,1525,5:36,5:10 min/km,3290,-,,588.0
2024,6092,EY BIL FAAS 2,EY,3,Blåsen,Ylva Hallingby,12:16,4:25 min/km,2031,-,1344,2:28,4:08 min/km,1568,-,,736.0
2024,6092,EY BIL FAAS 2,EY,4,Berg og dal,Pernille Nomme,20:26,4:21 min/km,1540,-,1026,8:11,4:15 min/km,1307,-,,1226.0
2024,6092,EY BIL FAAS 2,EY,5,Forskningsparken,Henrik Wirsching,26:48,4:32 min/km,2103,-,1387,6:22,5:14 min/km,3674,-,,1608.0
2024,6092,EY BIL FAAS 2,EY,6,Lille Besserud,,33:34,4:41 min/km,2177,-,1444,6:46,5:23 min/km,2736,-,,2014.0
2024,6092,EY BIL FAAS 2,EY,7,Besserud,Erlend Prytz Berset Andersen,43:35,4:52 min/km,2459,-,1623,10:02,5:38 min/km,3267,-,,2615.0
2024,6092,EY BIL FAAS 2,EY,8,Utforetappen,Mari Holt Engebakken,50:28,4:42 min/km,2404,-,1587,6:54,3:52 min/km,2293,-,,3028.0
2024,6092,EY BIL FAAS 2,EY,9,Gressbanen,Line Knutsen,52:40,4:38 min/km,2233,-,1487,2:12,3:31 min/km,853,-,,3160.0
2024,6092,EY BIL FAAS 2,EY,10,Den lange,,1:04:35,4:33 min/km,2213,-,1469,11:56,4:10 min/km,2504,-,,3875.0
2024,6092,EY BIL FAAS 2,EY,11,Frognerparken,Ajna Saldo,1:12:01,4:35 min/km,2328,-,1548,7:26,4:53 min/km,3177,-,,4321.0
2024,6092,EY BIL FAAS 2,EY,12,Dumpa,Sigrid T Grane,1:13:23,4:34 min/km,2297,-,1529,1:23,3:43 min/km,1843,-,,4403.0
2024,6092,EY BIL FAAS 2,EY,13,Trappa,Christopher Lee Skarpsno,1:18:18,4:33 min/km,2259,-,1505,4:55,4:32 min/km,2322,-,,4698.0
2024,6092,EY BIL FAAS 2,EY,14,Sjarmøren,Kristoffer Hartvig Larsen,1:21:06,4:32 min/km,2165,-,1454,2:49,3:56 min/km,1428,-,,4866.0
2024,6092,EY BIL FAAS 2,EY,15,Bislett Stadion,Linn Lier Gulichsen,1:24:49,4:36 min/km,2483,-,1644,3:43,6:54 min/km,4386,-,,5089.0
2024,6096,EY BIL Tech Strategy & Transformation 2,EY,1,St. Hanshaugen,Guro Rennan Ødegård,5:02,4:35 min/km,3031,-,629,5:02,4:35 min/km,3031,-,,302.0
2024,6096,EY BIL Tech Strategy & Transformation 2,EY,2,Norabakken,Solveig Benum Vestre,9:28,4:20 min/km,1865,-,314,4:26,4:06 min/km,962,-,,568.0
2024,6096,EY BIL Tech Strategy & Transformation 2,EY,3,Blåsen,Silje Hornnes-Michelsen,12:00,4:19 min/km,1741,-,282,2:33,4:16 min/km,1867,-,,720.0
2024,6096,EY BIL Tech Strategy & Transformation 2,EY,4,Berg og dal,Anne Marie Enger,20:38,4:24 min/km,1673,-,265,8:38,4:30 min/km,1910,-,,1238.0
2024,6096,EY BIL Tech Strategy & Transformation 2,EY,5,Forskningsparken,Magnus Dyre-Moe,26:03,4:24 min/km,1688,-,248,5:26,4:28 min/km,2206,-,,1563.0
2024,6096,EY BIL Tech Strategy & Transformation 2,EY,6,Lille Besserud,Max H Larsen,32:42,4:34 min/km,1803,-,278,6:39,5:17 min/km,2565,-,,1962.0
2024,6096,EY BIL Tech Strategy & Transformation 2,EY,7,Besserud,Magnus Ulvik,41:53,4:41 min/km,1873,-,299,9:11,5:10 min/km,2430,-,,2513.0
2024,6096,EY BIL Tech Strategy & Transformation 2,EY,8,Utforetappen,Akshay K Malhotra,50:08,4:40 min/km,2279,-,395,8:16,4:37 min/km,3886,-,,3008.0
2024,6096,EY BIL Tech Strategy & Transformation 2,EY,9,Gressbanen,Line H Grytten,52:57,4:40 min/km,2323,-,401,2:49,4:29 min/km,3067,-,,3177.0
2024,6096,EY BIL Tech Strategy & Transformation 2,EY,10,Den lange,Aleksander L Stavenes,1:04:07,4:31 min/km,2087,-,338,11:11,3:55 min/km,1782,-,,3847.0
2024,6096,EY BIL Tech Strategy & Transformation 2,EY,11,Frognerparken,Irene van den Berg,1:12:55,4:38 min/km,2538,-,460,8:49,5:47 min/km,4159,-,,4375.0
2024,6096,EY BIL Tech Strategy & Transformation 2,EY,12,Dumpa,Stine Lier,1:14:27,4:37 min/km,2525,-,454,1:32,4:09 min/km,2712,-,,4467.0
2024,6096,EY BIL Tech Strategy & Transformation 2,EY,13,Trappa,Alpha Marie Storvik,1:19:35,4:38 min/km,2540,-,447,5:09,4:45 min/km,2779,-,,4775.0
2024,6096,EY BIL Tech Strategy & Transformation 2,EY,14,Sjarmøren,Laila Voll,1:23:01,4:38 min/km,2582,-,463,3:26,4:48 min/km,3187,-,,4981.0
2024,6096,EY BIL Tech Strategy & Transformation 2,EY,15,Bislett Stadion,Preben Fuglset,1:24:59,4:37 min/km,2510,-,442,1:58,3:39 min/km,1356,-,,5099.0
2024,6066,EY BIL FSO 3,EY,1,St. Hanshaugen,,4:35,4:10 min/km,2084,-,1379,4:35,4:10 min/km,2084,-,,275.0
2024,6066,EY BIL FSO 3,EY,2,Norabakken,,9:31,4:22 min/km,1928,-,1280,4:57,4:34 min/km,2059,-,,571.0
2024,6066,EY BIL FSO 3,EY,3,Blåsen,,12:03,4:20 min/km,1805,-,1194,2:32,4:15 min/km,1833,-,,723.0
2024,6066,EY BIL FSO 3,EY,4,Berg og dal,,22:10,4:43 min/km,2694,-,1770,10:08,5:16 min/km,3482,-,,1330.0
2024,6066,EY BIL FSO 3,EY,5,Forskningsparken,,28:32,4:50 min/km,2974,-,1950,6:22,5:14 min/km,3682,-,,1712.0
2024,6066,EY BIL FSO 3,EY,6,Lille Besserud,,35:30,4:57 min/km,2997,-,1953,6:59,5:33 min/km,3021,-,,2130.0
2024,6066,EY BIL FSO 3,EY,7,Besserud,,44:45,5:00 min/km,2892,-,1893,9:15,5:12 min/km,2517,-,,2685.0
2024,6066,EY BIL FSO 3,EY,8,Utforetappen,,51:57,4:50 min/km,2869,-,1876,7:12,4:02 min/km,2800,-,,3117.0
2024,6066,EY BIL FSO 3,EY,9,Gressbanen,,54:03,4:46 min/km,2674,-,1754,2:07,3:22 min/km,582,-,,3243.0
2024,6066,EY BIL FSO 3,EY,10,Den lange,,1:06:19,4:40 min/km,2653,-,1753,12:16,4:17 min/km,2787,-,,3979.0
2024,6066,EY BIL FSO 3,EY,11,Frognerparken,,1:12:52,4:38 min/km,2526,-,1668,6:34,4:19 min/km,1946,-,,4372.0
2024,6066,EY BIL FSO 3,EY,12,Dumpa,,1:14:01,4:36 min/km,2430,-,1607,1:09,3:07 min/km,604,-,,4441.0
2024,6066,EY BIL FSO 3,EY,13,Trappa,,1:20:11,4:40 min/km,2681,-,1773,6:11,5:42 min/km,3954,-,,4811.0
2024,6066,EY BIL FSO 3,EY,14,Sjarmøren,,1:22:53,4:38 min/km,2550,-,1691,2:42,3:46 min/km,1064,-,,4973.0
2024,6066,EY BIL FSO 3,EY,15,Bislett Stadion,,1:25:01,4:37 min/km,2522,-,1672,2:09,3:59 min/km,2080,-,,5101.0
2024,6060,EY BIL Oslo Tax & Law,Ernst & Young AS,1,St. Hanshaugen,,5:33,5:03 min/km,3812,-,882,5:33,5:03 min/km,3812,-,,333.0
2024,6060,EY BIL Oslo Tax & Law,Ernst & Young AS,2,Norabakken,,10:41,4:54 min/km,3336,-,703,5:08,4:44 min/km,2456,-,,641.0
2024,6060,EY BIL Oslo Tax & Law,Ernst & Young AS,3,Blåsen,,14:24,5:11 min/km,3781,-,854,3:44,6:15 min/km,4224,-,,864.0
2024,6060,EY BIL Oslo Tax & Law,Ernst & Young AS,4,Berg og dal,,25:27,5:25 min/km,4027,-,943,11:04,5:45 min/km,3989,-,,1527.0
2024,6060,EY BIL Oslo Tax & Law,Ernst & Young AS,5,Forskningsparken,,30:21,5:08 min/km,3697,-,815,4:54,4:01 min/km,1127,-,,1821.0
2024,6060,EY BIL Oslo Tax & Law,Ernst & Young AS,6,Lille Besserud,,35:57,5:01 min/km,3168,-,641,5:37,4:28 min/km,920,-,,2157.0
2024,6060,EY BIL Oslo Tax & Law,Ernst & Young AS,7,Besserud,,44:01,4:55 min/km,2631,-,498,8:04,4:32 min/km,1109,-,,2641.0
2024,6060,EY BIL Oslo Tax & Law,Ernst & Young AS,8,Utforetappen,,50:14,4:41 min/km,2313,-,398,6:14,3:29 min/km,1198,-,,3014.0
2024,6060,EY BIL Oslo Tax & Law,Ernst & Young AS,9,Gressbanen,,53:27,4:42 min/km,2472,-,442,3:14,5:08 min/km,3833,-,,3207.0
2024,6060,EY BIL Oslo Tax & Law,Ernst & Young AS,10,Den lange,,1:06:27,4:41 min/km,2700,-,502,13:00,4:33 min/km,3329,-,,3987.0
2024,6060,EY BIL Oslo Tax & Law,Ernst & Young AS,11,Frognerparken,,1:12:45,4:37 min/km,2494,-,445,6:18,4:09 min/km,1526,-,,4365.0
2024,6060,EY BIL Oslo Tax & Law,Ernst & Young AS,12,Dumpa,,1:13:52,4:35 min/km,2395,-,419,1:08,3:03 min/km,495,-,,4432.0
2024,6060,EY BIL Oslo Tax & Law,Ernst & Young AS,13,Trappa,,1:19:00,4:36 min/km,2417,-,419,5:09,4:45 min/km,2774,-,,4740.0
2024,6060,EY BIL Oslo Tax & Law,Ernst & Young AS,14,Sjarmøren,,1:22:15,4:36 min/km,2417,-,416,3:15,4:33 min/km,2753,-,,4935.0
2024,6060,EY BIL Oslo Tax & Law,Ernst & Young AS,15,Bislett Stadion,,1:25:19,4:38 min/km,2583,-,464,3:05,5:43 min/km,4129,-,,5119.0
2024,6119,EY BIL FAAS 3,EY,1,St. Hanshaugen,Jens Petter Flem,4:31,4:06 min/km,1919,-,1267,4:31,4:06 min/km,1919,-,,271.0
2024,6119,EY BIL FAAS 3,EY,2,Norabakken,Dorthea Almklov,9:16,4:15 min/km,1622,-,1082,4:46,4:24 min/km,1680,-,,556.0
2024,6119,EY BIL FAAS 3,EY,3,Blåsen,Malene Haugo Fredly,12:09,4:23 min/km,1902,-,1256,2:53,4:50 min/km,2979,-,,729.0
2024,6119,EY BIL FAAS 3,EY,4,Berg og dal,Borger Thomas,21:41,4:37 min/km,2368,-,1575,9:33,4:58 min/km,2982,-,,1301.0
2024,6119,EY BIL FAAS 3,EY,5,Forskningsparken,Birgitte Tandstad,26:57,4:34 min/km,2193,-,1447,5:17,4:20 min/km,1889,-,,1617.0
2024,6119,EY BIL FAAS 3,EY,6,Lille Besserud,Aurora Pllana,33:53,4:44 min/km,2315,-,1536,6:56,5:31 min/km,2956,-,,2033.0
2024,6119,EY BIL FAAS 3,EY,7,Besserud,Karoline Sand Haarberg,43:29,4:52 min/km,2426,-,1602,9:36,5:24 min/km,2878,-,,2609.0
2024,6119,EY BIL FAAS 3,EY,8,Utforetappen,Ingunn Borlaug,51:13,4:46 min/km,2640,-,1736,7:45,4:20 min/km,3484,-,,3073.0
2024,6119,EY BIL FAAS 3,EY,9,Gressbanen,Emma Cornell,53:55,4:45 min/km,2617,-,1721,2:42,4:18 min/km,2709,-,,3235.0
2024,6119,EY BIL FAAS 3,EY,10,Den lange,Signe Flaa,1:07:31,4:45 min/km,2960,-,1944,13:36,4:46 min/km,3639,-,,4051.0
2024,6119,EY BIL FAAS 3,EY,11,Frognerparken,Vår Ribe,1:14:48,4:45 min/km,2970,-,1958,7:18,4:48 min/km,2996,-,,4488.0
2024,6119,EY BIL FAAS 3,EY,12,Dumpa,Cecilie Thoresen,1:16:44,4:46 min/km,3031,-,1985,1:56,5:15 min/km,3951,-,,4604.0
2024,6119,EY BIL FAAS 3,EY,13,Trappa,Vetle Måsvær Halle,1:20:45,4:42 min/km,2787,-,1838,4:02,3:43 min/km,564,-,,4845.0
2024,6119,EY BIL FAAS 3,EY,14,Sjarmøren,Malene Tangen-Pedersen,1:23:19,4:39 min/km,2651,-,1749,2:34,3:35 min/km,733,-,,4999.0
2024,6119,EY BIL FAAS 3,EY,15,Bislett Stadion,Dan Jakob Wangen,1:25:44,4:39 min/km,2661,-,1756,2:26,4:32 min/km,3074,-,,5144.0
2024,6109,EY BIL FC/RISK,EY,1,St. Hanshaugen,Siri Fjellvær,4:54,4:28 min/km,2774,-,563,4:54,4:28 min/km,2774,-,,294.0
2024,6109,EY BIL FC/RISK,EY,2,Norabakken,Martin Reime,11:23,5:13 min/km,3833,-,869,6:29,5:59 min/km,4102,-,,683.0
2024,6109,EY BIL FC/RISK,EY,3,Blåsen,Mathilde Dobloug,13:55,5:01 min/km,3537,-,773,2:33,4:16 min/km,1852,-,,835.0
2024,6109,EY BIL FC/RISK,EY,4,Berg og dal,Kristian Schulz,22:37,4:49 min/km,2942,-,578,8:42,4:32 min/km,1986,-,,1357.0
2024,6109,EY BIL FC/RISK,EY,5,Forskningsparken,Silje Løseth,28:44,4:52 min/km,3084,-,612,6:08,5:02 min/km,3399,-,,1724.0
2024,6109,EY BIL FC/RISK,EY,6,Lille Besserud,Philip Matre,35:01,4:53 min/km,2819,-,540,6:18,5:01 min/km,2002,-,,2101.0
2024,6109,EY BIL FC/RISK,EY,7,Besserud,Theodor Thun,47:11,5:16 min/km,3543,-,760,12:10,6:50 min/km,4182,-,,2831.0
2024,6109,EY BIL FC/RISK,EY,8,Utforetappen,Eivind Nguyen,53:42,5:00 min/km,3318,-,689,6:32,3:39 min/km,1690,-,,3222.0
2024,6109,EY BIL FC/RISK,EY,9,Gressbanen,Kari Thinn Tvedt,55:54,4:55 min/km,3167,-,634,2:13,3:31 min/km,866,-,,3354.0
2024,6109,EY BIL FC/RISK,EY,10,Den lange,William Tronslien,1:06:43,4:42 min/km,2772,-,527,10:49,3:47 min/km,1392,-,,4003.0
2024,6109,EY BIL FC/RISK,EY,11,Frognerparken,Hanne Teigland,1:14:50,4:45 min/km,2981,-,569,8:08,5:21 min/km,3821,-,,4490.0
2024,6109,EY BIL FC/RISK,EY,12,Dumpa,Kjersti Lømo Hansen,1:16:13,4:44 min/km,2925,-,557,1:23,3:45 min/km,1927,-,,4573.0
2024,6109,EY BIL FC/RISK,EY,13,Trappa,Haakon Gjersum,1:20:45,4:42 min/km,2785,-,520,4:32,4:11 min/km,1521,-,,4845.0
2024,6109,EY BIL FC/RISK,EY,14,Sjarmøren,Mai Michelle Nguyen,1:24:32,4:43 min/km,2890,-,553,3:47,5:18 min/km,3755,-,,5072.0
2024,6109,EY BIL FC/RISK,EY,15,Bislett Stadion,Kristine Iversen,1:26:45,4:42 min/km,2859,-,544,2:14,4:08 min/km,2403,-,,5205.0
2024,6098,EY BIL Forensics,EY,1,St. Hanshaugen,,5:46,5:15 min/km,3983,-,2521,5:46,5:15 min/km,3983,-,,346.0
2024,6098,EY BIL Forensics,EY,2,Norabakken,,12:49,5:52 min/km,4303,-,2700,7:03,6:31 min/km,4293,-,,769.0
2024,6098,EY BIL Forensics,EY,3,Blåsen,,15:37,5:38 min/km,4194,-,2640,2:49,4:43 min/km,2809,-,,937.0
2024,6098,EY BIL Forensics,EY,4,Berg og dal,,25:17,5:23 min/km,3995,-,2530,9:41,5:02 min/km,3091,-,,1517.0
2024,6098,EY BIL Forensics,EY,5,Forskningsparken,,30:05,5:05 min/km,3620,-,2337,4:48,3:57 min/km,961,-,,1805.0
2024,6098,EY BIL Forensics,EY,6,Lille Besserud,,35:49,5:00 min/km,3125,-,2028,5:45,4:35 min/km,1119,-,,2149.0
2024,6098,EY BIL Forensics,EY,7,Besserud,,43:53,4:54 min/km,2576,-,1689,8:05,4:33 min/km,1136,-,,2633.0
2024,6098,EY BIL Forensics,EY,8,Utforetappen,,51:21,4:47 min/km,2679,-,1763,7:28,4:11 min/km,3149,-,,3081.0
2024,6098,EY BIL Forensics,EY,9,Gressbanen,,54:01,4:45 min/km,2660,-,1746,2:41,4:15 min/km,2609,-,,3241.0
2024,6098,EY BIL Forensics,EY,10,Den lange,,1:07:05,4:43 min/km,2850,-,1872,13:04,4:34 min/km,3367,-,,4025.0
2024,6098,EY BIL Forensics,EY,11,Frognerparken,,1:15:28,4:48 min/km,3118,-,2043,8:24,5:31 min/km,3980,-,,4528.0
2024,6098,EY BIL Forensics,EY,12,Dumpa,,1:17:29,4:49 min/km,3183,-,2086,2:01,5:28 min/km,4058,-,,4649.0
2024,6098,EY BIL Forensics,EY,13,Trappa,,1:22:31,4:48 min/km,3121,-,2049,5:02,4:39 min/km,2566,-,,4951.0
2024,6098,EY BIL Forensics,EY,14,Sjarmøren,,1:24:59,4:45 min/km,2976,-,1952,2:28,3:27 min/km,527,-,,5099.0
2024,6098,EY BIL Forensics,EY,15,Bislett Stadion,,1:27:07,4:44 min/km,2938,-,1925,2:09,4:00 min/km,2102,-,,5227.0
2024,6029,EY BIL Skye,EY,1,St. Hanshaugen,Stein Kåre Fosstevit,4:03,3:41 min/km,939,-,117,4:03,3:41 min/km,939,-,,243.0
2024,6029,EY BIL Skye,EY,2,Norabakken,Christoffer Sanne,9:47,4:29 min/km,2291,-,410,5:44,5:18 min/km,3504,-,,587.0
2024,6029,EY BIL Skye,EY,3,Blåsen,Amira M Alkaoui,12:00,4:20 min/km,1748,-,283,2:13,3:44 min/km,783,-,,720.0
2024,6029,EY BIL Skye,EY,4,Berg og dal,Olav Kristiansen,20:34,4:23 min/km,1632,-,255,8:34,4:28 min/km,1823,-,,1234.0
2024,6029,EY BIL Skye,EY,5,Forskningsparken,Stine-Mari Stange,25:24,4:18 min/km,1339,-,179,4:51,3:59 min/km,1027,-,,1524.0
2024,6029,EY BIL Skye,EY,6,Lille Besserud,Henrik M Backer,32:58,4:36 min/km,1911,-,309,7:34,6:01 min/km,3591,-,,1978.0
2024,6029,EY BIL Skye,EY,7,Besserud,Haris Karovic,46:09,5:10 min/km,3279,-,675,13:12,7:25 min/km,4345,-,,2769.0
2024,6029,EY BIL Skye,EY,8,Utforetappen,Peder A Kjeserud,52:33,4:54 min/km,3027,-,599,6:24,3:35 min/km,1453,-,,3153.0
2024,6029,EY BIL Skye,EY,9,Gressbanen,Kristin Nakken,56:40,4:59 min/km,3341,-,685,4:08,6:35 min/km,4363,-,,3400.0
2024,6029,EY BIL Skye,EY,10,Den lange,Victor G Shergill,1:09:20,4:53 min/km,3328,-,689,12:41,4:26 min/km,3097,-,,4160.0
2024,6029,EY BIL Skye,EY,11,Frognerparken,Henrik Aalerud,1:16:10,4:50 min/km,3246,-,652,6:51,4:30 min/km,2365,-,,4570.0
2024,6029,EY BIL Skye,EY,12,Dumpa,Karoline K Wråli,1:17:39,4:49 min/km,3223,-,642,1:30,4:03 min/km,2521,-,,4659.0
2024,6029,EY BIL Skye,EY,13,Trappa,Pernille Sletten Leivseth,1:22:28,4:48 min/km,3111,-,608,4:49,4:26 min/km,2109,-,,4948.0
2024,6029,EY BIL Skye,EY,14,Sjarmøren,Nina Bjærum,1:26:36,4:50 min/km,3241,-,648,4:09,5:48 min/km,4117,-,,5196.0
2024,6029,EY BIL Skye,EY,15,Bislett Stadion,Maria Bakken,1:28:44,4:49 min/km,3203,-,634,2:09,3:59 min/km,2085,-,,5324.0
2024,6271,EY BIL FSO 2,EY,1,St. Hanshaugen,,5:31,5:01 min/km,3767,-,870,5:31,5:01 min/km,3767,-,,331.0
2024,6271,EY BIL FSO 2,EY,2,Norabakken,,11:30,5:16 min/km,3893,-,891,5:59,5:32 min/km,3757,-,,690.0
2024,6271,EY BIL FSO 2,EY,3,Blåsen,,14:03,5:04 min/km,3610,-,798,2:34,4:18 min/km,1935,-,,843.0
2024,6271,EY BIL FSO 2,EY,4,Berg og dal,,23:31,5:00 min/km,3376,-,714,9:29,4:56 min/km,2921,-,,1411.0
2024,6271,EY BIL FSO 2,EY,5,Forskningsparken,,30:01,5:05 min/km,3594,-,770,6:30,5:20 min/km,3794,-,,1801.0
2024,6271,EY BIL FSO 2,EY,6,Lille Besserud,,36:37,5:06 min/km,3392,-,713,6:36,5:16 min/km,2508,-,,2197.0
2024,6271,EY BIL FSO 2,EY,7,Besserud,,47:26,5:18 min/km,3617,-,782,10:50,6:05 min/km,3770,-,,2846.0
2024,6271,EY BIL FSO 2,EY,8,Utforetappen,,53:39,5:00 min/km,3305,-,684,6:14,3:29 min/km,1191,-,,3219.0
2024,6271,EY BIL FSO 2,EY,9,Gressbanen,,56:23,4:58 min/km,3285,-,671,2:44,4:20 min/km,2788,-,,3383.0
2024,6271,EY BIL FSO 2,EY,10,Den lange,,1:09:52,4:55 min/km,3425,-,719,13:30,4:43 min/km,3587,-,,4192.0
2024,6271,EY BIL FSO 2,EY,11,Frognerparken,,1:16:44,4:53 min/km,3341,-,681,6:53,4:31 min/km,2439,-,,4604.0
2024,6271,EY BIL FSO 2,EY,12,Dumpa,,1:19:06,4:55 min/km,3436,-,712,2:22,6:26 min/km,4289,-,,4746.0
2024,6271,EY BIL FSO 2,EY,13,Trappa,,1:24:08,4:54 min/km,3395,-,700,5:03,4:39 min/km,2574,-,,5048.0
2024,6271,EY BIL FSO 2,EY,14,Sjarmøren,,1:27:10,4:52 min/km,3332,-,681,3:02,4:14 min/km,2090,-,,5230.0
2024,6271,EY BIL FSO 2,EY,15,Bislett Stadion,,1:29:25,4:51 min/km,3309,-,667,2:15,4:11 min/km,2512,-,,5365.0
2024,6025,EY Vestfold,Ernst & Young AS,1,St. Hanshaugen,,5:53,5:21 min/km,4072,-,973,5:53,5:21 min/km,4072,-,,353.0
2024,6025,EY Vestfold,Ernst & Young AS,2,Norabakken,,11:09,5:07 min/km,3698,-,821,5:16,4:52 min/km,2739,-,,669.0
2024,6025,EY Vestfold,Ernst & Young AS,3,Blåsen,,14:11,5:07 min/km,3684,-,819,3:03,5:07 min/km,3425,-,,851.0
2024,6025,EY Vestfold,Ernst & Young AS,4,Berg og dal,,22:29,4:47 min/km,2861,-,555,8:18,4:19 min/km,1465,-,,1349.0
2024,6025,EY Vestfold,Ernst & Young AS,5,Forskningsparken,,30:31,5:10 min/km,3746,-,837,8:03,6:37 min/km,4379,-,,1831.0
2024,6025,EY Vestfold,Ernst & Young AS,6,Lille Besserud,,38:01,5:18 min/km,3776,-,848,7:30,5:58 min/km,3537,-,,2281.0
2024,6025,EY Vestfold,Ernst & Young AS,7,Besserud,,48:33,5:26 min/km,3814,-,862,10:33,5:56 min/km,3610,-,,2913.0
2024,6025,EY Vestfold,Ernst & Young AS,8,Utforetappen,,55:14,5:09 min/km,3629,-,799,6:41,3:45 min/km,1948,-,,3314.0
2024,6025,EY Vestfold,Ernst & Young AS,9,Gressbanen,,57:52,5:06 min/km,3577,-,771,2:39,4:12 min/km,2502,-,,3472.0
2024,6025,EY Vestfold,Ernst & Young AS,10,Den lange,,1:13:56,5:12 min/km,3974,-,923,16:04,5:37 min/km,4322,-,,4436.0
2024,6025,EY Vestfold,Ernst & Young AS,11,Frognerparken,,1:20:31,5:07 min/km,3865,-,881,6:36,4:20 min/km,1981,-,,4831.0
2024,6025,EY Vestfold,Ernst & Young AS,12,Dumpa,,1:21:37,5:04 min/km,3795,-,849,1:06,2:58 min/km,388,-,,4897.0
2024,6025,EY Vestfold,Ernst & Young AS,13,Trappa,,1:24:59,4:57 min/km,3520,-,743,3:22,3:07 min/km,41,-,,5099.0
2024,6025,EY Vestfold,Ernst & Young AS,14,Sjarmøren,,1:28:12,4:56 min/km,3480,-,727,3:14,4:31 min/km,2690,-,,5292.0
2024,6025,EY Vestfold,Ernst & Young AS,15,Bislett Stadion,,1:29:56,4:53 min/km,3388,-,695,1:45,3:15 min/km,577,-,,5396.0
2024,6053,EY BIL Cyber 2,EY BIL,1,St. Hanshaugen,,4:17,3:54 min/km,1434,-,961,4:17,3:54 min/km,1434,-,,257.0
2024,6053,EY BIL Cyber 2,EY BIL,2,Norabakken,,9:24,4:19 min/km,1789,-,1184,5:08,4:44 min/km,2448,-,,564.0
2024,6053,EY BIL Cyber 2,EY BIL,3,Blåsen,,12:22,4:27 min/km,2129,-,1401,2:59,4:59 min/km,3252,-,,742.0
2024,6053,EY BIL Cyber 2,EY BIL,4,Berg og dal,,20:37,4:23 min/km,1663,-,1108,8:15,4:18 min/km,1399,-,,1237.0
2024,6053,EY BIL Cyber 2,EY BIL,5,Forskningsparken,,26:05,4:25 min/km,1705,-,1142,5:29,4:30 min/km,2308,-,,1565.0
2024,6053,EY BIL Cyber 2,EY BIL,6,Lille Besserud,,32:58,4:36 min/km,1906,-,1264,6:53,5:29 min/km,2891,-,,1978.0
2024,6053,EY BIL Cyber 2,EY BIL,7,Besserud,,43:14,4:50 min/km,2342,-,1545,10:17,5:47 min/km,3429,-,,2594.0
2024,6053,EY BIL Cyber 2,EY BIL,8,Utforetappen,,52:16,4:52 min/km,2961,-,1931,9:02,5:04 min/km,4188,-,,3136.0
2024,6053,EY BIL Cyber 2,EY BIL,9,Gressbanen,,55:07,4:51 min/km,2961,-,1947,2:52,4:34 min/km,3195,-,,3307.0
2024,6053,EY BIL Cyber 2,EY BIL,10,Den lange,,1:09:03,4:51 min/km,3272,-,2129,13:56,4:52 min/km,3775,-,,4143.0
2024,6053,EY BIL Cyber 2,EY BIL,11,Frognerparken,,1:17:52,4:57 min/km,3505,-,2272,8:50,5:48 min/km,4166,-,,4672.0
2024,6053,EY BIL Cyber 2,EY BIL,12,Dumpa,,1:19:36,4:57 min/km,3505,-,2272,1:44,4:43 min/km,3554,-,,4776.0
2024,6053,EY BIL Cyber 2,EY BIL,13,Trappa,,1:23:59,4:53 min/km,3374,-,2200,4:23,4:03 min/km,1226,-,,5039.0
2024,6053,EY BIL Cyber 2,EY BIL,14,Sjarmøren,,1:29:28,5:00 min/km,3656,-,2356,5:30,7:41 min/km,4446,-,,5368.0
2024,6053,EY BIL Cyber 2,EY BIL,15,Bislett Stadion,,1:31:39,4:58 min/km,3617,-,2332,2:11,4:03 min/km,2217,-,,5499.0
2024,6034,EY BIL Technology Audit Oslo 2,Ernst & Young AS,1,St. Hanshaugen,Tor Hestvik,4:30,4:06 min/km,1906,-,1262,4:30,4:06 min/km,1906,-,,270.0
2024,6034,EY BIL Technology Audit Oslo 2,Ernst & Young AS,2,Norabakken,Daniela Thomson,10:27,4:47 min/km,3106,-,2017,5:57,5:30 min/km,3728,-,,627.0
2024,6034,EY BIL Technology Audit Oslo 2,Ernst & Young AS,3,Blåsen,Solveig Augestad,13:02,4:42 min/km,2850,-,1870,2:36,4:21 min/km,2049,-,,782.0
2024,6034,EY BIL Technology Audit Oslo 2,Ernst & Young AS,4,Berg og dal,Brede Johnsen,26:20,5:36 min/km,4182,-,2634,13:18,6:55 min/km,4381,-,,1580.0
2024,6034,EY BIL Technology Audit Oslo 2,Ernst & Young AS,5,Forskningsparken,Grethe Madeleine Børke,31:56,5:24 min/km,4050,-,2568,5:37,4:37 min/km,2602,-,,1916.0
2024,6034,EY BIL Technology Audit Oslo 2,Ernst & Young AS,6,Lille Besserud,Jens Ebeltoft,38:11,5:20 min/km,3818,-,2435,6:15,4:59 min/km,1931,-,,2291.0
2024,6034,EY BIL Technology Audit Oslo 2,Ernst & Young AS,7,Besserud,Kjartan Rystad,47:38,5:19 min/km,3657,-,2356,9:27,5:19 min/km,2726,-,,2858.0
2024,6034,EY BIL Technology Audit Oslo 2,Ernst & Young AS,8,Utforetappen,Marius Alexander Jakobsen,55:05,5:08 min/km,3602,-,2317,7:28,4:11 min/km,3147,-,,3305.0
2024,6034,EY BIL Technology Audit Oslo 2,Ernst & Young AS,9,Gressbanen,Praveen Krishna,57:16,5:03 min/km,3472,-,2254,2:12,3:30 min/km,827,-,,3436.0
2024,6034,EY BIL Technology Audit Oslo 2,Ernst & Young AS,10,Den lange,Even Tarberg,1:11:05,5:00 min/km,3629,-,2335,13:49,4:50 min/km,3733,-,,4265.0
2024,6034,EY BIL Technology Audit Oslo 2,Ernst & Young AS,11,Frognerparken,Mathias Gimming,1:18:21,4:59 min/km,3584,-,2317,7:16,4:47 min/km,2965,-,,4701.0
2024,6034,EY BIL Technology Audit Oslo 2,Ernst & Young AS,12,Dumpa,Mathias Gimming,1:20:00,4:58 min/km,3574,-,2310,1:40,4:30 min/km,3254,-,,4800.0
2024,6034,EY BIL Technology Audit Oslo 2,Ernst & Young AS,13,Trappa,Aljo James,1:25:49,5:00 min/km,3638,-,2346,5:49,5:21 min/km,3663,-,,5149.0
2024,6034,EY BIL Technology Audit Oslo 2,Ernst & Young AS,14,Sjarmøren,Mathias Viermyr,1:28:33,4:57 min/km,3517,-,2278,2:45,3:51 min/km,1226,-,,5313.0
2024,6034,EY BIL Technology Audit Oslo 2,Ernst & Young AS,15,Bislett Stadion,Vidhya L C A,1:31:41,4:58 min/km,3620,-,2334,3:08,5:49 min/km,4172,-,,5501.0
2024,6072,EY BIL Talent,EY BIL,1,St. Hanshaugen,,3:50,3:29 min/km,536,-,67,3:50,3:29 min/km,536,-,,230.0
2024,6072,EY BIL Talent,EY BIL,2,Norabakken,,9:47,4:29 min/km,2281,-,408,5:58,5:31 min/km,3735,-,,587.0
2024,6072,EY BIL Talent,EY BIL,3,Blåsen,,13:18,4:48 min/km,3072,-,626,3:32,5:55 min/km,4086,-,,798.0
2024,6072,EY BIL Talent,EY BIL,4,Berg og dal,,28:25,6:03 min/km,4376,-,1081,15:08,7:52 min/km,4445,-,,1705.0
2024,6072,EY BIL Talent,EY BIL,5,Forskningsparken,,33:37,5:41 min/km,4270,-,1038,5:12,4:16 min/km,1722,-,,2017.0
2024,6072,EY BIL Talent,EY BIL,6,Lille Besserud,,42:27,5:55 min/km,4321,-,1063,8:51,7:03 min/km,4206,-,,2547.0
2024,6072,EY BIL Talent,EY BIL,7,Besserud,,52:36,5:53 min/km,4242,-,1036,10:10,5:43 min/km,3360,-,,3156.0
2024,6072,EY BIL Talent,EY BIL,8,Utforetappen,,1:00:20,5:37 min/km,4221,-,1022,7:44,4:20 min/km,3471,-,,3620.0
2024,6072,EY BIL Talent,EY BIL,9,Gressbanen,,1:02:51,5:32 min/km,4180,-,1004,2:31,4:01 min/km,2039,-,,3771.0
2024,6072,EY BIL Talent,EY BIL,10,Den lange,,1:15:28,5:19 min/km,4079,-,970,12:37,4:25 min/km,3061,-,,4528.0
2024,6072,EY BIL Talent,EY BIL,11,Frognerparken,,1:21:15,5:10 min/km,3931,-,900,5:48,3:49 min/km,761,-,,4875.0
2024,6072,EY BIL Talent,EY BIL,12,Dumpa,,1:22:35,5:08 min/km,3893,-,887,1:20,3:37 min/km,1607,-,,4955.0
2024,6072,EY BIL Talent,EY BIL,13,Trappa,,1:28:05,5:08 min/km,3874,-,875,5:30,5:04 min/km,3345,-,,5285.0
2024,6072,EY BIL Talent,EY BIL,14,Sjarmøren,,1:31:46,5:08 min/km,3878,-,874,3:42,5:10 min/km,3643,-,,5506.0
2024,6072,EY BIL Talent,EY BIL,15,Bislett Stadion,,1:34:48,5:09 min/km,3934,-,891,3:03,5:39 min/km,4106,-,,5688.0
2024,6067,EY BIL FSO 4,EY,1,St. Hanshaugen,,4:44,4:18 min/km,2419,-,459,4:44,4:18 min/km,2419,-,,284.0
2024,6067,EY BIL FSO 4,EY,2,Norabakken,,9:48,4:29 min/km,2300,-,412,5:04,4:41 min/km,2337,-,,588.0
2024,6067,EY BIL FSO 4,EY,3,Blåsen,,11:59,4:19 min/km,1728,-,278,2:12,3:41 min/km,736,-,,719.0
2024,6067,EY BIL FSO 4,EY,4,Berg og dal,,22:02,4:41 min/km,2598,-,478,10:03,5:13 min/km,3414,-,,1322.0
2024,6067,EY BIL FSO 4,EY,5,Forskningsparken,,29:13,4:57 min/km,3308,-,673,7:12,5:55 min/km,4207,-,,1753.0
2024,6067,EY BIL FSO 4,EY,6,Lille Besserud,,41:45,5:49 min/km,4270,-,1038,12:32,9:58 min/km,4469,-,,2505.0
2024,6067,EY BIL FSO 4,EY,7,Besserud,,52:45,5:54 min/km,4252,-,1041,11:01,6:11 min/km,3865,-,,3165.0
2024,6067,EY BIL FSO 4,EY,8,Utforetappen,,59:45,5:34 min/km,4187,-,1007,7:01,3:56 min/km,2499,-,,3585.0
2024,6067,EY BIL FSO 4,EY,9,Gressbanen,,1:02:10,5:28 min/km,4134,-,980,2:25,3:50 min/km,1622,-,,3730.0
2024,6067,EY BIL FSO 4,EY,10,Den lange,,1:23:15,5:51 min/km,4395,-,1093,21:06,7:23 min/km,4482,-,,4995.0
2024,6067,EY BIL FSO 4,EY,11,Frognerparken,,1:28:46,5:38 min/km,4330,-,1070,5:31,3:38 min/km,418,-,,5326.0
2024,6067,EY BIL FSO 4,EY,12,Dumpa,,1:30:04,5:36 min/km,4321,-,1067,1:18,3:32 min/km,1410,-,,5404.0
2024,6067,EY BIL FSO 4,EY,13,Trappa,,1:34:39,5:30 min/km,4274,-,1042,4:36,4:14 min/km,1639,-,,5679.0
2024,6067,EY BIL FSO 4,EY,14,Sjarmøren,,1:37:36,5:27 min/km,4234,-,1029,2:57,4:08 min/km,1880,-,,5856.0
2024,6067,EY BIL FSO 4,EY,15,Bislett Stadion,,1:39:51,5:25 min/km,4219,-,1019,2:15,4:11 min/km,2511,-,,5991.0
2025,6420,EY BIL Retail 2,EY,1,St. Hanshaugen,Sam,4:36,4:11 min/km,2001,-,1312,4:36,4:11 min/km,2001,-,,276.0
2025,6420,EY BIL Retail 2,EY,2,Norabakken,Petter,10:03,4:38 min/km,2677,-,1729,5:27,5:06 min/km,3255,-,,603.0
2025,6420,EY BIL Retail 2,EY,3,Blåsen,Ibrahim,13:16,4:48 min/km,3239,-,2075,3:14,5:25 min/km,4189,-,,796.0
2025,6420,EY BIL Retail 2,EY,4,Berg og dal,Lasse,24:15,5:11 min/km,3925,-,2483,10:59,5:43 min/km,4232,-,,1455.0
2025,6420,EY BIL Retail 2,EY,5,Forskningsparken,Beate,30:11,5:08 min/km,3909,-,2477,5:57,4:55 min/km,3417,-,,1811.0
2025,6420,EY BIL Retail 2,EY,6,Lille Besserud,Tord,36:18,5:05 min/km,3532,-,2263,6:07,4:53 min/km,1820,-,,2178.0
2025,6420,EY BIL Retail 2,EY,7,Besserud,Kristian,43:44,4:55 min/km,2758,-,1791,7:27,4:13 min/km,628,-,,2624.0
2025,6420,EY BIL Retail 2,EY,8,Utforetappen,Elke,50:19,4:43 min/km,2610,-,1707,6:35,3:42 min/km,2037,-,,3019.0
2025,6420,EY BIL Retail 2,EY,9,Gressbanen,Andrea,53:08,4:42 min/km,2654,-,1735,2:49,4:31 min/km,3389,-,,3188.0
2025,6420,EY BIL Retail 2,EY,10,Den lange,Fredrik,1:03:24,4:29 min/km,2222,-,1472,10:17,3:36 min/km,1109,-,,3804.0
2025,6420,EY BIL Retail 2,EY,11,Frognerparken,Kasper,1:08:45,4:23 min/km,1850,-,1237,5:22,3:32 min/km,357,-,,4125.0
2025,6420,EY BIL Retail 2,EY,12,Dumpa,Samraat,1:10:05,4:22 min/km,1826,-,1222,1:21,3:49 min/km,1775,-,,4205.0
2025,6420,EY BIL Retail 2,EY,13,Trappa,Felix,1:14:27,4:21 min/km,1696,-,1130,4:22,4:02 min/km,1241,-,,4467.0
2025,6420,EY BIL Retail 2,EY,14,Sjarmøren,Hanna,1:17:07,4:20 min/km,1615,-,1083,2:41,3:47 min/km,1108,-,,4627.0
2025,6420,EY BIL Retail 2,EY,15,Bislett Stadion,Aleksandr,-,-,-,-,-,-,-,-,14:30:13,,
2025,3201,EY Herrer,EY,1,St. Hanshaugen,Magnus Johansen Pierce,2:57,2:41 min/km,4,-,1,2:57,2:41 min/km,4,-,,177.0
2025,3201,EY Herrer,EY,2,Norabakken,Magne Ledsaak,6:05,2:48 min/km,4,-,1,3:08,2:56 min/km,11,-,,365.0
2025,3201,EY Herrer,EY,3,Blåsen,Per S Kyllingstad,7:28,2:42 min/km,3,-,1,1:23,2:19 min/km,1,-,,448.0
2025,3201,EY Herrer,EY,4,Berg og dal,Arve Listaul,13:07,2:48 min/km,3,-,1,5:40,2:58 min/km,3,-,,787.0
2025,3201,EY Herrer,EY,5,Forskningsparken,Arne Kalland-Olsen,16:28,2:48 min/km,4,-,1,3:21,2:46 min/km,3,-,,988.0
2025,3201,EY Herrer,EY,6,Lille Besserud,Ole Henrik Kabbe,20:47,2:55 min/km,2,-,1,4:19,3:27 min/km,17,-,,1247.0
2025,3201,EY Herrer,EY,7,Besserud,Mathias Hove Zimmer,26:53,3:01 min/km,3,-,1,6:06,3:27 min/km,12,-,,1613.0
2025,3201,EY Herrer,EY,8,Utforetappen,Håkon Skogseid,41:13,3:52 min/km,348,-,37,14:21,8:04 min/km,4742,-,,2473.0
2025,3201,EY Herrer,EY,10,Den lange,Sondre Rishøi,40:27,2:52 min/km,3,-,1,-,-,-,-,,2427.0
2025,3201,EY Herrer,EY,11,Frognerparken,Fredrik Vangdal,44:54,2:52 min/km,2,-,1,4:27,2:56 min/km,9,-,,2694.0
2025,3201,EY Herrer,EY,12,Dumpa,Sverre Rynning-Tønnesen,45:42,2:51 min/km,2,-,1,48,2:17 min/km,2,-,,2742.0
2025,3201,EY Herrer,EY,13,Trappa,Petter Solberg,48:35,2:51 min/km,1,-,1,2:54,2:41 min/km,1,-,,2915.0
2025,3201,EY Herrer,EY,14,Sjarmøren,Anders Huse,50:22,2:50 min/km,1,-,1,1:47,2:31 min/km,3,-,,3022.0
2025,3201,EY Herrer,EY,15,Bislett Stadion,Niklas Hovland,51:38,2:49 min/km,1,-,1,1:17,2:20 min/km,1,-,,3098.0
2025,6405,EY BIL FSO 1,EY,1,St. Hanshaugen,Thea Fossum,3:47,3:27 min/km,412,-,281,3:47,3:27 min/km,412,-,,227.0
2025,6405,EY BIL FSO 1,EY,2,Norabakken,Jonas Driveklepp,7:28,3:27 min/km,158,-,108,3:41,3:27 min/km,157,-,,448.0
2025,6405,EY BIL FSO 1,EY,3,Blåsen,Hanne Foss,9:17,3:22 min/km,128,-,85,1:50,3:04 min/km,220,-,,557.0
2025,6405,EY BIL FSO 1,EY,4,Berg og dal,Magne Ledsaak,15:42,3:21 min/km,85,-,55,6:25,3:21 min/km,89,-,,942.0
2025,6405,EY BIL FSO 1,EY,5,Forskningsparken,Henrik Tjomsland,19:30,3:19 min/km,75,-,46,3:49,3:09 min/km,60,-,,1170.0
2025,6405,EY BIL FSO 1,EY,6,Lille Besserud,Øyvind Haugan,24:13,3:24 min/km,69,-,40,4:43,3:47 min/km,102,-,,1453.0
2025,6405,EY BIL FSO 1,EY,7,Besserud,Espen Hegstad Krüger,30:30,3:26 min/km,51,-,30,6:18,3:34 min/km,41,-,,1830.0
2025,6405,EY BIL FSO 1,EY,8,Utforetappen,Magnus Jacobsen,35:34,3:20 min/km,54,-,32,5:04,2:51 min/km,110,-,,2134.0
2025,6405,EY BIL FSO 1,EY,9,Gressbanen,Sara Kurås,37:29,3:19 min/km,56,-,31,1:55,3:03 min/km,278,-,,2249.0
2025,6405,EY BIL FSO 1,EY,10,Den lange,Fredrik Vangdal,46:18,3:16 min/km,55,-,30,8:50,3:06 min/km,131,-,,2778.0
2025,6405,EY BIL FSO 1,EY,11,Frognerparken,Magnus Johansen Pierce,50:58,3:15 min/km,50,-,27,4:41,3:05 min/km,31,-,,3058.0
2025,6405,EY BIL FSO 1,EY,12,Dumpa,Alexander E Jensen,51:56,3:15 min/km,48,-,25,58,2:46 min/km,133,-,,3116.0
2025,6405,EY BIL FSO 1,EY,13,Trappa,Aleksander Skugstad,55:18,3:14 min/km,46,-,23,3:23,3:08 min/km,54,-,,3318.0
2025,6405,EY BIL FSO 1,EY,14,Sjarmøren,Kenneth Fegri,57:32,3:14 min/km,47,-,24,2:14,3:09 min/km,175,-,,3452.0
2025,6405,EY BIL FSO 1,EY,15,Bislett Stadion,Ane Haaland Aas,59:27,3:14 min/km,54,-,29,1:55,3:29 min/km,1254,-,,3567.0
2025,6479,EY BIL Energy 1 2,Boston Consulting group,1,St. Hanshaugen,,3:24,3:05 min/km,84,-,52,3:24,3:05 min/km,84,-,,204.0
2025,6479,EY BIL Energy 1 2,Boston Consulting group,2,Norabakken,,6:51,3:10 min/km,43,-,26,3:27,3:14 min/km,53,-,,411.0
2025,6479,EY BIL Energy 1 2,Boston Consulting group,3,Blåsen,,8:35,3:07 min/km,48,-,27,1:45,2:56 min/km,121,-,,515.0
2025,6479,EY BIL Energy 1 2,Boston Consulting group,4,Berg og dal,,14:57,3:12 min/km,45,-,23,6:23,3:20 min/km,81,-,,897.0
2025,6479,EY BIL Energy 1 2,Boston Consulting group,5,Forskningsparken,,18:46,3:11 min/km,46,-,25,3:49,3:09 min/km,62,-,,1126.0
2025,6479,EY BIL Energy 1 2,Boston Consulting group,6,Lille Besserud,,23:17,3:16 min/km,42,-,22,4:32,3:37 min/km,46,-,,1397.0
2025,6479,EY BIL Energy 1 2,Boston Consulting group,7,Besserud,,30:21,3:25 min/km,47,-,26,7:04,4:00 min/km,309,-,,1821.0
2025,6479,EY BIL Energy 1 2,Boston Consulting group,8,Utforetappen,,35:31,3:20 min/km,50,-,28,5:10,2:54 min/km,155,-,,2131.0
2025,6479,EY BIL Energy 1 2,Boston Consulting group,9,Gressbanen,,38:09,3:23 min/km,69,-,40,2:39,4:14 min/km,2785,-,,2289.0
2025,6479,EY BIL Energy 1 2,Boston Consulting group,10,Den lange,,47:07,3:20 min/km,71,-,40,8:59,3:09 min/km,180,-,,2827.0
2025,6479,EY BIL Energy 1 2,Boston Consulting group,11,Frognerparken,,52:15,3:20 min/km,71,-,40,5:08,3:23 min/km,196,-,,3135.0
2025,6479,EY BIL Energy 1 2,Boston Consulting group,12,Dumpa,,53:09,3:19 min/km,67,-,37,55,2:35 min/km,47,-,,3189.0
2025,6479,EY BIL Energy 1 2,Boston Consulting group,13,Trappa,,56:33,3:19 min/km,63,-,36,3:25,3:09 min/km,66,-,,3393.0
2025,6479,EY BIL Energy 1 2,Boston Consulting group,14,Sjarmøren,,58:36,3:18 min/km,63,-,35,2:03,2:53 min/km,47,-,,3516.0
2025,6479,EY BIL Energy 1 2,Boston Consulting group,15,Bislett Stadion,,1:00:06,3:17 min/km,63,-,35,1:31,2:45 min/km,95,-,,3606.0
2025,3401,EY Menn veteran,EY,1,St. Hanshaugen,,3:12,2:54 min/km,19,-,1,3:12,2:54 min/km,19,-,,192.0
2025,3401,EY Menn veteran,EY,2,Norabakken,,6:54,3:11 min/km,53,-,2,3:43,3:28 min/km,176,-,,414.0
2025,3401,EY Menn veteran,EY,3,Blåsen,,8:45,3:10 min/km,54,-,2,1:51,3:06 min/km,247,-,,525.0
2025,3401,EY Menn veteran,EY,4,Berg og dal,,15:10,3:15 min/km,55,-,2,6:26,3:21 min/km,92,-,,910.0
2025,3401,EY Menn veteran,EY,5,Forskningsparken,,19:19,3:17 min/km,62,-,2,4:09,3:26 min/km,230,-,,1159.0
2025,3401,EY Menn veteran,EY,6,Lille Besserud,,24:08,3:23 min/km,66,-,2,4:49,3:52 min/km,149,-,,1448.0
2025,3401,EY Menn veteran,EY,7,Besserud,,31:08,3:30 min/km,69,-,2,7:01,3:58 min/km,277,-,,1868.0
2025,3401,EY Menn veteran,EY,8,Utforetappen,,36:51,3:27 min/km,78,-,2,5:44,3:13 min/km,618,-,,2211.0
2025,3401,EY Menn veteran,EY,9,Gressbanen,,38:49,3:26 min/km,84,-,2,1:58,3:08 min/km,357,-,,2329.0
2025,3401,EY Menn veteran,EY,10,Den lange,,48:00,3:24 min/km,88,-,2,9:12,3:13 min/km,299,-,,2880.0
2025,3401,EY Menn veteran,EY,11,Frognerparken,,52:40,3:22 min/km,81,-,2,4:41,3:05 min/km,30,-,,3160.0
2025,3401,EY Menn veteran,EY,12,Dumpa,,53:38,3:21 min/km,78,-,2,59,2:46 min/km,136,-,,3218.0
2025,3401,EY Menn veteran,EY,13,Trappa,,57:41,3:23 min/km,82,-,2,4:03,3:45 min/km,665,-,,3461.0
2025,3401,EY Menn veteran,EY,14,Sjarmøren,,59:41,3:21 min/km,78,-,2,2:01,2:50 min/km,30,-,,3581.0
2025,3401,EY Menn veteran,EY,15,Bislett Stadion,,1:01:04,3:20 min/km,74,-,2,1:23,2:30 min/km,14,-,,3664.0
2025,6403,EY BIL RISK,EY,1,St. Hanshaugen,Lars Djuve Båtsvik,3:21,3:02 min/km,53,-,31,3:21,3:02 min/km,53,-,,201.0
2025,6403,EY BIL RISK,EY,2,Norabakken,Andreas Arntsen,7:05,3:16 min/km,74,-,49,3:45,3:30 min/km,200,-,,425.0
2025,6403,EY BIL RISK,EY,3,Blåsen,Bjørn Ruud,8:53,3:13 min/km,68,-,43,1:49,3:03 min/km,197,-,,533.0
2025,6403,EY BIL RISK,EY,4,Berg og dal,Per Syverson Kyllingstad,15:39,3:21 min/km,82,-,52,6:46,3:32 min/km,188,-,,939.0
2025,6403,EY BIL RISK,EY,5,Forskningsparken,Emil Jørgentvedt,19:54,3:23 min/km,87,-,57,4:15,3:31 min/km,305,-,,1194.0
2025,6403,EY BIL RISK,EY,6,Lille Besserud,Ove Paulshus,24:42,3:28 min/km,85,-,55,4:49,3:51 min/km,144,-,,1482.0
2025,6403,EY BIL RISK,EY,7,Besserud,Ole Henrik Kabbe,31:17,3:31 min/km,76,-,46,6:36,3:44 min/km,100,-,,1877.0
2025,6403,EY BIL RISK,EY,8,Utforetappen,Haakon Gjersum,37:38,3:32 min/km,108,-,72,6:22,3:35 min/km,1651,-,,2258.0
2025,6403,EY BIL RISK,EY,9,Gressbanen,Synne Kaspersen,39:32,3:30 min/km,110,-,73,1:54,3:02 min/km,260,-,,2372.0
2025,6403,EY BIL RISK,EY,10,Den lange,Ole Jakob Hagen,48:29,3:26 min/km,102,-,63,8:57,3:08 min/km,172,-,,2909.0
2025,6403,EY BIL RISK,EY,11,Frognerparken,Anders Huse,53:28,3:25 min/km,94,-,57,5:00,3:17 min/km,130,-,,3208.0
2025,6403,EY BIL RISK,EY,12,Dumpa,Kari Thinn Tvedt,54:44,3:25 min/km,98,-,61,1:17,3:38 min/km,1363,-,,3284.0
2025,6403,EY BIL RISK,EY,13,Trappa,Håvard Nymoen,58:03,3:24 min/km,91,-,55,3:19,3:04 min/km,41,-,,3483.0
2025,6403,EY BIL RISK,EY,14,Sjarmøren,Tellef Bakken,1:00:07,3:23 min/km,87,-,53,2:04,2:55 min/km,56,-,,3607.0
2025,6403,EY BIL RISK,EY,15,Bislett Stadion,Frida Winther Kapstad,1:01:47,3:22 min/km,86,-,52,1:41,3:03 min/km,434,-,,3707.0
2025,6404,EY BIL EY-Parthenon 1,EY,1,St. Hanshaugen,Stian Skarsbø,3:40,3:20 min/km,285,-,194,3:40,3:20 min/km,285,-,,220.0
2025,6404,EY BIL EY-Parthenon 1,EY,2,Norabakken,Lars-Martin Fossgård,7:24,3:25 min/km,145,-,99,3:45,3:30 min/km,204,-,,444.0
2025,6404,EY BIL EY-Parthenon 1,EY,3,Blåsen,Eivind Faugli,9:15,3:21 min/km,117,-,76,1:51,3:06 min/km,245,-,,555.0
2025,6404,EY BIL EY-Parthenon 1,EY,4,Berg og dal,Håkon Ottesen,16:32,3:32 min/km,171,-,116,7:18,3:48 min/km,525,-,,992.0
2025,6404,EY BIL EY-Parthenon 1,EY,5,Forskningsparken,Anders Vandenberghe Berg,20:46,3:32 min/km,155,-,106,4:14,3:30 min/km,288,-,,1246.0
2025,6404,EY BIL EY-Parthenon 1,EY,6,Lille Besserud,Bjørnar K Mælum,25:50,3:37 min/km,145,-,99,5:05,4:04 min/km,313,-,,1550.0
2025,6404,EY BIL EY-Parthenon 1,EY,7,Besserud,Magnus Skurdal,32:34,3:40 min/km,124,-,85,6:45,3:49 min/km,149,-,,1954.0
2025,6404,EY BIL EY-Parthenon 1,EY,8,Utforetappen,Aksel Skaar,37:36,3:31 min/km,107,-,71,5:03,2:50 min/km,101,-,,2256.0
2025,6404,EY BIL EY-Parthenon 1,EY,9,Gressbanen,Åsne Bakke,39:37,3:30 min/km,116,-,79,2:01,3:14 min/km,477,-,,2377.0
2025,6404,EY BIL EY-Parthenon 1,EY,10,Den lange,Magnus Mørk,48:50,3:27 min/km,116,-,77,9:14,3:14 min/km,317,-,,2930.0
2025,6404,EY BIL EY-Parthenon 1,EY,11,Frognerparken,Daniel Eriksen,54:16,3:28 min/km,118,-,79,5:26,3:35 min/km,416,-,,3256.0
2025,6404,EY BIL EY-Parthenon 1,EY,12,Dumpa,Amalie Mathisen,55:22,3:27 min/km,117,-,78,1:07,3:09 min/km,514,-,,3322.0
2025,6404,EY BIL EY-Parthenon 1,EY,13,Trappa,Tobias Rødseth,58:56,3:27 min/km,108,-,70,3:35,3:19 min/km,139,-,,3536.0
2025,6404,EY BIL EY-Parthenon 1,EY,14,Sjarmøren,Sondre Bunde,1:01:09,3:26 min/km,105,-,67,2:13,3:08 min/km,161,-,,3669.0
2025,6404,EY BIL EY-Parthenon 1,EY,15,Bislett Stadion,Vegard Baardsen,1:02:45,3:25 min/km,104,-,67,1:36,2:55 min/km,259,-,,3765.0
2025,3603,EY Damer,EY BIL,1,St. Hanshaugen,Anna Huse,3:50,3:29 min/km,483,-,4,3:50,3:29 min/km,483,-,,230.0
2025,3603,EY Damer,EY BIL,2,Norabakken,Ragnhild Grimstad,7:42,3:33 min/km,246,-,3,3:52,3:37 min/km,304,-,,462.0
2025,3603,EY Damer,EY BIL,3,Blåsen,Hanne Foss,9:28,3:26 min/km,158,-,1,1:47,2:59 min/km,149,-,,568.0
2025,3603,EY Damer,EY BIL,4,Berg og dal,Thea Fossum,16:37,3:33 min/km,183,-,3,7:09,3:44 min/km,417,-,,997.0
2025,3603,EY Damer,EY BIL,5,Forskningsparken,Amalie M. Mathisen,21:00,3:34 min/km,176,-,3,4:24,3:38 min/km,454,-,,1260.0
2025,3603,EY Damer,EY BIL,6,Lille Besserud,Oda Sikkeland,26:06,3:40 min/km,174,-,3,5:06,4:05 min/km,328,-,,1566.0
2025,3603,EY Damer,EY BIL,7,Besserud,Delphine Cherry Poirot,33:33,3:46 min/km,182,-,3,7:28,4:13 min/km,637,-,,2013.0
2025,3603,EY Damer,EY BIL,8,Utforetappen,Astrid Bruland,38:50,3:38 min/km,165,-,3,5:17,2:59 min/km,215,-,,2330.0
2025,3603,EY Damer,EY BIL,9,Gressbanen,Sara Kurås,40:40,3:36 min/km,154,-,2,1:51,2:58 min/km,182,-,,2440.0
2025,3603,EY Damer,EY BIL,10,Den lange,Guro Bakke Johnsen,49:44,3:31 min/km,141,-,2,9:04,3:11 min/km,222,-,,2984.0
2025,3603,EY Damer,EY BIL,11,Frognerparken,Helene G Aas,55:01,3:31 min/km,139,-,2,5:18,3:29 min/km,308,-,,3301.0
2025,3603,EY Damer,EY BIL,12,Dumpa,Lise Øverland Nes,56:04,3:30 min/km,135,-,2,1:04,3:01 min/km,341,-,,3364.0
2025,3603,EY Damer,EY BIL,13,Trappa,Stine Leknes,59:48,3:30 min/km,129,-,2,3:44,3:28 min/km,257,-,,3588.0
2025,3603,EY Damer,EY BIL,14,Sjarmøren,Linn ter Kuile,1:02:05,3:29 min/km,126,-,2,2:18,3:14 min/km,232,-,,3725.0
2025,3603,EY Damer,EY BIL,15,Bislett Stadion,Ane Haaland Aas,1:03:50,3:29 min/km,127,-,2,1:45,3:11 min/km,636,-,,3830.0
2025,6401,EY BIL AI & Data 1,EY,1,St. Hanshaugen,,3:30,3:11 min/km,138,-,94,3:30,3:11 min/km,138,-,,210.0
2025,6401,EY BIL AI & Data 1,EY,2,Norabakken,,7:03,3:15 min/km,69,-,45,3:34,3:20 min/km,87,-,,423.0
2025,6401,EY BIL AI & Data 1,EY,3,Blåsen,,8:53,3:13 min/km,66,-,41,1:50,3:05 min/km,230,-,,533.0
2025,6401,EY BIL AI & Data 1,EY,4,Berg og dal,,16:05,3:26 min/km,112,-,74,7:13,3:46 min/km,467,-,,965.0
2025,6401,EY BIL AI & Data 1,EY,5,Forskningsparken,,19:56,3:23 min/km,93,-,61,3:51,3:11 min/km,75,-,,1196.0
2025,6401,EY BIL AI & Data 1,EY,6,Lille Besserud,,25:23,3:34 min/km,116,-,80,5:28,4:22 min/km,711,-,,1523.0
2025,6401,EY BIL AI & Data 1,EY,7,Besserud,,33:32,3:46 min/km,180,-,125,8:09,4:36 min/km,1376,-,,2012.0
2025,6401,EY BIL AI & Data 1,EY,8,Utforetappen,,39:39,3:43 min/km,215,-,150,6:08,3:27 min/km,1251,-,,2379.0
2025,6401,EY BIL AI & Data 1,EY,9,Gressbanen,,41:45,3:42 min/km,213,-,145,2:07,3:22 min/km,685,-,,2505.0
2025,6401,EY BIL AI & Data 1,EY,10,Den lange,,50:46,3:35 min/km,186,-,128,9:01,3:10 min/km,205,-,,3046.0
2025,6401,EY BIL AI & Data 1,EY,11,Frognerparken,,55:39,3:33 min/km,160,-,108,4:53,3:13 min/km,96,-,,3339.0
2025,6401,EY BIL AI & Data 1,EY,12,Dumpa,,56:44,3:33 min/km,158,-,108,1:05,3:06 min/km,433,-,,3404.0
2025,6401,EY BIL AI & Data 1,EY,13,Trappa,,1:00:10,3:31 min/km,143,-,97,3:27,3:12 min/km,84,-,,3610.0
2025,6401,EY BIL AI & Data 1,EY,14,Sjarmøren,,1:02:31,3:31 min/km,141,-,95,2:22,3:19 min/km,332,-,,3751.0
2025,6401,EY BIL AI & Data 1,EY,15,Bislett Stadion,,1:04:04,3:30 min/km,136,-,93,1:33,2:50 min/km,163,-,,3844.0
2025,6407,EY BIL Finance Consulting,EY,1,St. Hanshaugen,Fredrik Ellingsen,4:15,3:52 min/km,1259,-,852,4:15,3:52 min/km,1259,-,,255.0
2025,6407,EY BIL Finance Consulting,EY,2,Norabakken,Philip Ditlevsen,7:52,3:38 min/km,333,-,239,3:37,3:23 min/km,105,-,,472.0
2025,6407,EY BIL Finance Consulting,EY,3,Blåsen,Maria Ellingsen,10:05,3:39 min/km,373,-,268,2:14,3:44 min/km,1243,-,,605.0
2025,6407,EY BIL Finance Consulting,EY,4,Berg og dal,Sondre Nagell,17:04,3:39 min/km,238,-,168,6:59,3:39 min/km,301,-,,1024.0
2025,6407,EY BIL Finance Consulting,EY,5,Forskningsparken,Alexander Dahlin,21:38,3:41 min/km,261,-,189,4:35,3:47 min/km,722,-,,1298.0
2025,6407,EY BIL Finance Consulting,EY,6,Lille Besserud,Anders Ruth,27:40,3:53 min/km,350,-,251,6:03,4:50 min/km,1679,-,,1660.0
2025,6407,EY BIL Finance Consulting,EY,7,Besserud,Mathias Zimmer,34:28,3:52 min/km,256,-,183,6:49,3:51 min/km,178,-,,2068.0
2025,6407,EY BIL Finance Consulting,EY,8,Utforetappen,Luan Vo,40:39,3:49 min/km,293,-,205,6:12,3:29 min/km,1351,-,,2439.0
2025,6407,EY BIL Finance Consulting,EY,9,Gressbanen,Camilo Hunnestad,42:32,3:46 min/km,268,-,183,1:53,3:01 min/km,238,-,,2552.0
2025,6407,EY BIL Finance Consulting,EY,10,Den lange,Arild Sandal,52:09,3:41 min/km,261,-,180,9:37,3:22 min/km,533,-,,3129.0
2025,6407,EY BIL Finance Consulting,EY,11,Frognerparken,Bjørnar Ingvaldsen,57:34,3:40 min/km,252,-,177,5:26,3:34 min/km,410,-,,3454.0
2025,6407,EY BIL Finance Consulting,EY,12,Dumpa,Theodor Thun,58:41,3:40 min/km,249,-,173,1:07,3:12 min/km,575,-,,3521.0
2025,6407,EY BIL Finance Consulting,EY,13,Trappa,Helene Aas,1:02:29,3:39 min/km,235,-,163,3:48,3:31 min/km,331,-,,3749.0
2025,6407,EY BIL Finance Consulting,EY,14,Sjarmøren,Synne Thurmer,1:05:03,3:39 min/km,233,-,159,2:35,3:38 min/km,809,-,,3903.0
2025,6407,EY BIL Finance Consulting,EY,15,Bislett Stadion,Kristian Schulz,1:06:59,3:39 min/km,239,-,163,1:56,3:31 min/km,1349,-,,4019.0
2025,6898,EY Trondheim,EY Trondheim,1,St. Hanshaugen,Erik Grimstad,3:21,3:03 min/km,55,-,32,3:21,3:03 min/km,55,-,,201.0
2025,6898,EY Trondheim,EY Trondheim,2,Norabakken,Johannes Vollheim,7:08,3:17 min/km,79,-,53,3:48,3:33 min/km,243,-,,428.0
2025,6898,EY Trondheim,EY Trondheim,3,Blåsen,Kristine Farbu,9:12,3:20 min/km,112,-,72,2:05,3:30 min/km,785,-,,552.0
2025,6898,EY Trondheim,EY Trondheim,4,Berg og dal,Thomas Grønning,16:40,3:34 min/km,190,-,130,7:28,3:54 min/km,688,-,,1000.0
2025,6898,EY Trondheim,EY Trondheim,5,Forskningsparken,Sigurd Fjerdingen,20:41,3:31 min/km,148,-,101,4:02,3:20 min/km,150,-,,1241.0
2025,6898,EY Trondheim,EY Trondheim,6,Lille Besserud,Ole Veie,27:07,3:48 min/km,276,-,196,6:26,5:09 min/km,2348,-,,1627.0
2025,6898,EY Trondheim,EY Trondheim,7,Besserud,Marius Staff,34:51,3:55 min/km,300,-,207,7:45,4:23 min/km,911,-,,2091.0
2025,6898,EY Trondheim,EY Trondheim,8,Utforetappen,William,40:17,3:46 min/km,260,-,180,5:27,3:04 min/km,309,-,,2417.0
2025,6898,EY Trondheim,EY Trondheim,9,Gressbanen,Charlotte Voldsund,42:51,3:48 min/km,293,-,205,2:34,4:06 min/km,2408,-,,2571.0
2025,6898,EY Trondheim,EY Trondheim,10,Den lange,Ola Nymoen Aas,52:13,3:41 min/km,266,-,182,9:23,3:17 min/km,393,-,,3133.0
2025,6898,EY Trondheim,EY Trondheim,11,Frognerparken,Hjalmar Johansen,57:54,3:42 min/km,266,-,186,5:41,3:45 min/km,658,-,,3474.0
2025,6898,EY Trondheim,EY Trondheim,12,Dumpa,Sanna Nicolaysen,59:12,3:42 min/km,269,-,188,1:19,3:44 min/km,1588,-,,3552.0
2025,6898,EY Trondheim,EY Trondheim,13,Trappa,Marius Karlsen,1:02:54,3:41 min/km,257,-,177,3:42,3:26 min/km,221,-,,3774.0
2025,6898,EY Trondheim,EY Trondheim,14,Sjarmøren,Andreas Solem,1:05:00,3:39 min/km,231,-,157,2:07,2:59 min/km,79,-,,3900.0
2025,6898,EY Trondheim,EY Trondheim,15,Bislett Stadion,Fredrik Dahle Moe,1:07:00,3:39 min/km,240,-,164,2:00,3:38 min/km,1612,-,,4020.0
2025,6406,EY BIL FA + Ccass Lag 1,EY,1,St. Hanshaugen,,3:57,3:35 min/km,635,-,428,3:57,3:35 min/km,635,-,,237.0
2025,6406,EY BIL FA + Ccass Lag 1,EY,2,Norabakken,,7:40,3:32 min/km,234,-,168,3:44,3:29 min/km,182,-,,460.0
2025,6406,EY BIL FA + Ccass Lag 1,EY,3,Blåsen,,9:20,3:23 min/km,137,-,92,1:41,2:49 min/km,65,-,,560.0
2025,6406,EY BIL FA + Ccass Lag 1,EY,4,Berg og dal,,16:02,3:26 min/km,109,-,71,6:42,3:30 min/km,164,-,,962.0
2025,6406,EY BIL FA + Ccass Lag 1,EY,5,Forskningsparken,,20:10,3:26 min/km,109,-,73,4:09,3:25 min/km,223,-,,1210.0
2025,6406,EY BIL FA + Ccass Lag 1,EY,6,Lille Besserud,,26:03,3:39 min/km,170,-,117,5:54,4:43 min/km,1414,-,,1563.0
2025,6406,EY BIL FA + Ccass Lag 1,EY,7,Besserud,,33:49,3:48 min/km,207,-,144,7:47,4:24 min/km,953,-,,2029.0
2025,6406,EY BIL FA + Ccass Lag 1,EY,8,Utforetappen,,39:43,3:43 min/km,221,-,154,5:54,3:19 min/km,880,-,,2383.0
2025,6406,EY BIL FA + Ccass Lag 1,EY,9,Gressbanen,,42:30,3:46 min/km,262,-,178,2:48,4:28 min/km,3295,-,,2550.0
2025,6406,EY BIL FA + Ccass Lag 1,EY,10,Den lange,,53:36,3:47 min/km,386,-,274,11:06,3:53 min/km,2018,-,,3216.0
2025,6406,EY BIL FA + Ccass Lag 1,EY,11,Frognerparken,,58:36,3:44 min/km,297,-,208,5:01,3:18 min/km,143,-,,3516.0
2025,6406,EY BIL FA + Ccass Lag 1,EY,12,Dumpa,,59:43,3:44 min/km,288,-,202,1:08,3:13 min/km,623,-,,3583.0
2025,6406,EY BIL FA + Ccass Lag 1,EY,13,Trappa,,1:05:29,3:50 min/km,435,-,304,5:46,5:21 min/km,3829,-,,3929.0
2025,6406,EY BIL FA + Ccass Lag 1,EY,14,Sjarmøren,,1:07:43,3:48 min/km,393,-,272,2:14,3:09 min/km,174,-,,4063.0
2025,6406,EY BIL FA + Ccass Lag 1,EY,15,Bislett Stadion,,1:09:30,3:47 min/km,387,-,269,1:48,3:16 min/km,795,-,,4170.0
2025,6418,EY BIL Shipping 1,EY,1,St. Hanshaugen,Eirik Hagen,4:18,3:55 min/km,1363,-,911,4:18,3:55 min/km,1363,-,,258.0
2025,6418,EY BIL Shipping 1,EY,2,Norabakken,Lore Menchaca,9:23,4:20 min/km,1817,-,1226,5:05,4:45 min/km,2548,-,,563.0
2025,6418,EY BIL Shipping 1,EY,3,Blåsen,Stian Tollefsen,11:10,4:03 min/km,1106,-,770,1:48,3:01 min/km,171,-,,670.0
2025,6418,EY BIL Shipping 1,EY,4,Berg og dal,Mathias Finseth,19:30,4:10 min/km,1186,-,809,8:20,4:21 min/km,1792,-,,1170.0
2025,6418,EY BIL Shipping 1,EY,5,Forskningsparken,Magnus Birkeland,23:55,4:04 min/km,867,-,613,4:26,3:40 min/km,496,-,,1435.0
2025,6418,EY BIL Shipping 1,EY,6,Lille Besserud,Thomas Bugge,29:43,4:10 min/km,815,-,567,5:48,4:38 min/km,1242,-,,1783.0
2025,6418,EY BIL Shipping 1,EY,7,Besserud,Eirik Offenberg,36:06,4:03 min/km,489,-,345,6:24,3:37 min/km,52,-,,2166.0
2025,6418,EY BIL Shipping 1,EY,8,Utforetappen,Alberto Melgar,42:07,3:57 min/km,479,-,337,6:02,3:23 min/km,1086,-,,2527.0
2025,6418,EY BIL Shipping 1,EY,9,Gressbanen,Gursharan Singh,44:31,3:56 min/km,491,-,347,2:24,3:51 min/km,1757,-,,2671.0
2025,6418,EY BIL Shipping 1,EY,10,Den lange,Johan Nordby,53:40,3:48 min/km,392,-,279,9:09,3:12 min/km,274,-,,3220.0
2025,6418,EY BIL Shipping 1,EY,11,Frognerparken,Andreas Omland,1:00:04,3:50 min/km,442,-,313,6:24,4:13 min/km,1814,-,,3604.0
2025,6418,EY BIL Shipping 1,EY,12,Dumpa,Henning Karlberg,1:01:12,3:49 min/km,430,-,302,1:08,3:15 min/km,671,-,,3672.0
2025,6418,EY BIL Shipping 1,EY,13,Trappa,Tollef Røyneland,1:05:30,3:50 min/km,437,-,306,4:19,4:00 min/km,1155,-,,3930.0
2025,6418,EY BIL Shipping 1,EY,14,Sjarmøren,Henrik Stærkebye,1:07:54,3:49 min/km,412,-,287,2:24,3:23 min/km,416,-,,4074.0
2025,6418,EY BIL Shipping 1,EY,15,Bislett Stadion,Sindre Riediger,1:09:35,3:48 min/km,394,-,273,1:42,3:06 min/km,503,-,,4175.0
2025,6416,EY BIL Technology Audit Oslo 1,EY,1,St. Hanshaugen,Thomas Bremnes,4:47,4:21 min/km,2415,-,1565,4:47,4:21 min/km,2415,-,,287.0
2025,6416,EY BIL Technology Audit Oslo 1,EY,2,Norabakken,Sondre Kjendalen,9:07,4:12 min/km,1479,-,1017,4:20,4:03 min/km,940,-,,547.0
2025,6416,EY BIL Technology Audit Oslo 1,EY,3,Blåsen,Tonje Lee,11:12,4:03 min/km,1129,-,785,2:05,3:31 min/km,803,-,,672.0
2025,6416,EY BIL Technology Audit Oslo 1,EY,4,Berg og dal,Marius Tolcsiner,19:29,4:10 min/km,1178,-,803,8:18,4:20 min/km,1729,-,,1169.0
2025,6416,EY BIL Technology Audit Oslo 1,EY,5,Forskningsparken,Line Dolvik,24:27,4:09 min/km,1086,-,746,4:58,4:06 min/km,1398,-,,1467.0
2025,6416,EY BIL Technology Audit Oslo 1,EY,6,Lille Besserud,Marko Cubra,30:03,4:13 min/km,915,-,633,5:37,4:29 min/km,908,-,,1803.0
2025,6416,EY BIL Technology Audit Oslo 1,EY,7,Besserud,Ola Løtveit,37:56,4:16 min/km,800,-,563,7:54,4:28 min/km,1084,-,,2276.0
2025,6416,EY BIL Technology Audit Oslo 1,EY,8,Utforetappen,Kristina Ågdal,44:15,4:09 min/km,799,-,556,6:19,3:33 min/km,1568,-,,2655.0
2025,6416,EY BIL Technology Audit Oslo 1,EY,9,Gressbanen,Daniel Finvold Sagmo,45:56,4:04 min/km,683,-,480,1:42,2:43 min/km,55,-,,2756.0
2025,6416,EY BIL Technology Audit Oslo 1,EY,10,Den lange,Jonas Thorsen Huseby,56:17,3:59 min/km,671,-,469,10:21,3:37 min/km,1198,-,,3377.0
2025,6416,EY BIL Technology Audit Oslo 1,EY,11,Frognerparken,Sander Tinderholt,1:02:29,3:59 min/km,683,-,485,6:13,4:06 min/km,1486,-,,3749.0
2025,6416,EY BIL Technology Audit Oslo 1,EY,12,Dumpa,Alexander Kristiansen,1:03:31,3:58 min/km,650,-,458,1:02,2:56 min/km,263,-,,3811.0
2025,6416,EY BIL Technology Audit Oslo 1,EY,13,Trappa,Sondre Haugen,1:07:27,3:57 min/km,582,-,414,3:56,3:39 min/km,490,-,,4047.0
2025,6416,EY BIL Technology Audit Oslo 1,EY,14,Sjarmøren,Ida Brenden,1:09:52,3:55 min/km,561,-,398,2:26,3:25 min/km,461,-,,4192.0
2025,6416,EY BIL Technology Audit Oslo 1,EY,15,Bislett Stadion,Penny Gauthier,1:11:36,3:54 min/km,543,-,382,1:44,3:09 min/km,599,-,,4296.0
2025,6421,EY BIL EY-Parthenon 2,EY,1,St. Hanshaugen,Frederic Bratlie,4:22,3:58 min/km,1504,-,1011,4:22,3:58 min/km,1504,-,,262.0
2025,6421,EY BIL EY-Parthenon 2,EY,2,Norabakken,Ingrid Bergsted,8:56,4:07 min/km,1258,-,874,4:35,4:17 min/km,1444,-,,536.0
2025,6421,EY BIL EY-Parthenon 2,EY,3,Blåsen,Kristoffer Kleiven,10:39,3:52 min/km,703,-,505,1:43,2:53 min/km,94,-,,639.0
2025,6421,EY BIL EY-Parthenon 2,EY,4,Berg og dal,Bjørn Tore Foss,18:12,3:53 min/km,562,-,405,7:33,3:56 min/km,780,-,,1092.0
2025,6421,EY BIL EY-Parthenon 2,EY,5,Forskningsparken,Tønnes Lode,22:37,3:51 min/km,460,-,332,4:26,3:40 min/km,484,-,,1357.0
2025,6421,EY BIL EY-Parthenon 2,EY,6,Lille Besserud,Nora Brask,28:38,4:01 min/km,545,-,380,6:01,4:49 min/km,1646,-,,1718.0
2025,6421,EY BIL EY-Parthenon 2,EY,7,Besserud,Gaute Steen,37:12,4:11 min/km,653,-,463,8:35,4:51 min/km,1932,-,,2232.0
2025,6421,EY BIL EY-Parthenon 2,EY,8,Utforetappen,Kristoffer Abrahamsen,43:10,4:03 min/km,627,-,447,5:59,3:22 min/km,1001,-,,2590.0
2025,6421,EY BIL EY-Parthenon 2,EY,9,Gressbanen,Parth Sarna,45:18,4:01 min/km,593,-,419,2:08,3:25 min/km,760,-,,2718.0
2025,6421,EY BIL EY-Parthenon 2,EY,10,Den lange,Peder Ditlev-Simonsen,55:24,3:55 min/km,558,-,402,10:06,3:32 min/km,950,-,,3324.0
2025,6421,EY BIL EY-Parthenon 2,EY,11,Frognerparken,Sindre Houge,1:01:43,3:56 min/km,596,-,424,6:19,4:10 min/km,1670,-,,3703.0
2025,6421,EY BIL EY-Parthenon 2,EY,12,Dumpa,Sindre Nesheim,1:03:10,3:57 min/km,608,-,430,1:28,4:09 min/km,2483,-,,3790.0
2025,6421,EY BIL EY-Parthenon 2,EY,13,Trappa,Aksel Alvar Foss,1:07:12,3:56 min/km,564,-,403,4:02,3:44 min/km,631,-,,4032.0
2025,6421,EY BIL EY-Parthenon 2,EY,14,Sjarmøren,Rebecca C. Nedal,1:10:01,3:56 min/km,572,-,406,2:50,3:59 min/km,1522,-,,4201.0
2025,6421,EY BIL EY-Parthenon 2,EY,15,Bislett Stadion,Fredrik L Madsen,1:11:38,3:54 min/km,548,-,386,1:38,2:57 min/km,302,-,,4298.0
2025,6410,EY BIL Energy 1 1,Boston consulting group,1,St. Hanshaugen,,4:05,3:43 min/km,909,-,121,4:05,3:43 min/km,909,-,,245.0
2025,6410,EY BIL Energy 1 1,Boston consulting group,2,Norabakken,,8:05,3:44 min/km,461,-,30,4:01,3:45 min/km,473,-,,485.0
2025,6410,EY BIL Energy 1 1,Boston consulting group,3,Blåsen,,10:06,3:40 min/km,386,-,21,2:02,3:24 min/km,624,-,,606.0
2025,6410,EY BIL Energy 1 1,Boston consulting group,4,Berg og dal,,18:27,3:57 min/km,659,-,55,8:21,4:21 min/km,1800,-,,1107.0
2025,6410,EY BIL Energy 1 1,Boston consulting group,5,Forskningsparken,,23:16,3:57 min/km,653,-,49,4:50,4:00 min/km,1158,-,,1396.0
2025,6410,EY BIL Energy 1 1,Boston consulting group,6,Lille Besserud,,29:46,4:10 min/km,832,-,81,6:30,5:12 min/km,2460,-,,1786.0
2025,6410,EY BIL Energy 1 1,Boston consulting group,7,Besserud,,38:09,4:17 min/km,854,-,82,8:23,4:45 min/km,1687,-,,2289.0
2025,6410,EY BIL Energy 1 1,Boston consulting group,8,Utforetappen,,44:03,4:08 min/km,757,-,73,5:55,3:20 min/km,905,-,,2643.0
2025,6410,EY BIL Energy 1 1,Boston consulting group,9,Gressbanen,,46:21,4:06 min/km,753,-,70,2:18,3:41 min/km,1363,-,,2781.0
2025,6410,EY BIL Energy 1 1,Boston consulting group,10,Den lange,,56:18,3:59 min/km,673,-,62,9:57,3:29 min/km,793,-,,3378.0
2025,6410,EY BIL Energy 1 1,Boston consulting group,11,Frognerparken,,1:02:15,3:58 min/km,656,-,54,5:58,3:56 min/km,1039,-,,3735.0
2025,6410,EY BIL Energy 1 1,Boston consulting group,12,Dumpa,,1:03:33,3:58 min/km,661,-,54,1:18,3:43 min/km,1553,-,,3813.0
2025,6410,EY BIL Energy 1 1,Boston consulting group,13,Trappa,,1:07:34,3:57 min/km,595,-,41,4:02,3:44 min/km,621,-,,4054.0
2025,6410,EY BIL Energy 1 1,Boston consulting group,14,Sjarmøren,,1:10:24,3:57 min/km,612,-,46,2:51,4:00 min/km,1585,-,,4224.0
2025,6410,EY BIL Energy 1 1,Boston consulting group,15,Bislett Stadion,,1:12:45,3:58 min/km,652,-,53,2:21,4:16 min/km,2926,-,,4365.0
2025,6425,EY BIL SCO,EY,1,St. Hanshaugen,,4:35,4:10 min/km,1952,-,339,4:35,4:10 min/km,1952,-,,275.0
2025,6425,EY BIL SCO,EY,2,Norabakken,,9:19,4:18 min/km,1738,-,266,4:44,4:25 min/km,1784,-,,559.0
2025,6425,EY BIL SCO,EY,3,Blåsen,,11:14,4:04 min/km,1179,-,127,1:56,3:15 min/km,407,-,,674.0
2025,6425,EY BIL SCO,EY,4,Berg og dal,,18:47,4:01 min/km,811,-,81,7:33,3:56 min/km,775,-,,1127.0
2025,6425,EY BIL SCO,EY,5,Forskningsparken,,23:23,3:58 min/km,681,-,52,4:37,3:49 min/km,772,-,,1403.0
2025,6425,EY BIL SCO,EY,6,Lille Besserud,,29:27,4:08 min/km,733,-,62,6:05,4:52 min/km,1748,-,,1767.0
2025,6425,EY BIL SCO,EY,7,Besserud,,37:46,4:15 min/km,763,-,72,8:20,4:42 min/km,1622,-,,2266.0
2025,6425,EY BIL SCO,EY,8,Utforetappen,,44:43,4:11 min/km,905,-,96,6:58,3:55 min/km,2674,-,,2683.0
2025,6425,EY BIL SCO,EY,9,Gressbanen,,46:26,4:07 min/km,770,-,75,1:44,2:46 min/km,73,-,,2786.0
2025,6425,EY BIL SCO,EY,10,Den lange,,56:13,3:58 min/km,662,-,59,9:47,3:26 min/km,652,-,,3373.0
2025,6425,EY BIL SCO,EY,11,Frognerparken,,1:02:21,3:59 min/km,667,-,56,6:08,4:03 min/km,1341,-,,3741.0
2025,6425,EY BIL SCO,EY,12,Dumpa,,1:03:35,3:58 min/km,665,-,56,1:15,3:34 min/km,1209,-,,3815.0
2025,6425,EY BIL SCO,EY,13,Trappa,,1:08:17,4:00 min/km,692,-,60,4:42,4:21 min/km,1975,-,,4097.0
2025,6425,EY BIL SCO,EY,14,Sjarmøren,,1:11:12,4:00 min/km,707,-,60,2:56,4:08 min/km,1899,-,,4272.0
2025,6425,EY BIL SCO,EY,15,Bislett Stadion,,1:13:06,3:59 min/km,694,-,60,1:55,3:28 min/km,1242,-,,4386.0
2025,6441,EY BIL Energy 2,Ernst & Young,1,St. Hanshaugen,,4:56,4:29 min/km,2733,-,1756,4:56,4:29 min/km,2733,-,,296.0
2025,6441,EY BIL Energy 2,Ernst & Young,2,Norabakken,,10:20,4:46 min/km,2989,-,1919,5:25,5:04 min/km,3195,-,,620.0
2025,6441,EY BIL Energy 2,Ernst & Young,3,Blåsen,,12:53,4:40 min/km,2868,-,1846,2:34,4:18 min/km,2490,-,,773.0
2025,6441,EY BIL Energy 2,Ernst & Young,4,Berg og dal,,20:20,4:21 min/km,1684,-,1139,7:27,3:53 min/km,663,-,,1220.0
2025,6441,EY BIL Energy 2,Ernst & Young,5,Forskningsparken,,26:02,4:25 min/km,1877,-,1252,5:43,4:44 min/km,3012,-,,1562.0
2025,6441,EY BIL Energy 2,Ernst & Young,6,Lille Besserud,,31:41,4:27 min/km,1523,-,1031,5:39,4:32 min/km,972,-,,1901.0
2025,6441,EY BIL Energy 2,Ernst & Young,7,Besserud,,38:30,4:20 min/km,952,-,661,6:49,3:52 min/km,181,-,,2310.0
2025,6441,EY BIL Energy 2,Ernst & Young,8,Utforetappen,,44:39,4:11 min/km,887,-,613,6:10,3:28 min/km,1299,-,,2679.0
2025,6441,EY BIL Energy 2,Ernst & Young,9,Gressbanen,,46:35,4:07 min/km,802,-,563,1:56,3:05 min/km,310,-,,2795.0
2025,6441,EY BIL Energy 2,Ernst & Young,10,Den lange,,56:18,3:59 min/km,677,-,473,9:44,3:24 min/km,610,-,,3378.0
2025,6441,EY BIL Energy 2,Ernst & Young,11,Frognerparken,,1:01:58,3:57 min/km,621,-,439,5:41,3:44 min/km,650,-,,3718.0
2025,6441,EY BIL Energy 2,Ernst & Young,12,Dumpa,,1:03:33,3:58 min/km,660,-,468,1:35,4:30 min/km,3146,-,,3813.0
2025,6441,EY BIL Energy 2,Ernst & Young,13,Trappa,,1:08:50,4:02 min/km,763,-,537,5:17,4:54 min/km,3165,-,,4130.0
2025,6441,EY BIL Energy 2,Ernst & Young,14,Sjarmøren,,1:11:47,4:02 min/km,778,-,546,2:58,4:11 min/km,2013,-,,4307.0
2025,6441,EY BIL Energy 2,Ernst & Young,15,Bislett Stadion,,1:13:44,4:01 min/km,766,-,536,1:57,3:33 min/km,1425,-,,4424.0
2025,6436,EY Kristiansand,EY Kristiansand,1,St. Hanshaugen,Thomas Sørensen,4:35,4:10 min/km,1957,-,1282,4:35,4:10 min/km,1957,-,,275.0
2025,6436,EY Kristiansand,EY Kristiansand,2,Norabakken,Even Kaarmo,8:55,4:07 min/km,1226,-,855,4:20,4:03 min/km,933,-,,535.0
2025,6436,EY Kristiansand,EY Kristiansand,3,Blåsen,Sarah Gastinger,11:32,4:11 min/km,1458,-,993,2:38,4:25 min/km,2768,-,,692.0
2025,6436,EY Kristiansand,EY Kristiansand,4,Berg og dal,Håkon Hegrestad,18:38,3:59 min/km,747,-,530,7:07,3:42 min/km,379,-,,1118.0
2025,6436,EY Kristiansand,EY Kristiansand,5,Forskningsparken,Harald Bjordal,23:43,4:02 min/km,792,-,558,5:05,4:12 min/km,1646,-,,1423.0
2025,6436,EY Kristiansand,EY Kristiansand,6,Lille Besserud,Jakob Haugaa,29:20,4:07 min/km,708,-,500,5:38,4:30 min/km,934,-,,1760.0
2025,6436,EY Kristiansand,EY Kristiansand,7,Besserud,Thomas Askildsen,36:58,4:09 min/km,610,-,434,7:39,4:19 min/km,798,-,,2218.0
2025,6436,EY Kristiansand,EY Kristiansand,8,Utforetappen,Axel Patrickson,42:54,4:01 min/km,572,-,406,5:56,3:20 min/km,934,-,,2574.0
2025,6436,EY Kristiansand,EY Kristiansand,9,Gressbanen,Jesper U. Pedersen,45:17,4:00 min/km,590,-,417,2:23,3:49 min/km,1678,-,,2717.0
2025,6436,EY Kristiansand,EY Kristiansand,10,Den lange,Berat Veliqi,56:43,4:00 min/km,732,-,511,11:27,4:01 min/km,2378,-,,3403.0
2025,6436,EY Kristiansand,EY Kristiansand,11,Frognerparken,Espen Fyllingen,1:03:14,4:02 min/km,799,-,557,6:31,4:17 min/km,2019,-,,3794.0
2025,6436,EY Kristiansand,EY Kristiansand,12,Dumpa,Lina Leek,1:04:29,4:02 min/km,777,-,545,1:16,3:35 min/km,1246,-,,3869.0
2025,6436,EY Kristiansand,EY Kristiansand,13,Trappa,Vegard Sanne,1:09:05,4:02 min/km,787,-,552,4:37,4:16 min/km,1781,-,,4145.0
2025,6436,EY Kristiansand,EY Kristiansand,14,Sjarmøren,Beate Kjetså,1:11:50,4:02 min/km,781,-,548,2:45,3:52 min/km,1313,-,,4310.0
2025,6436,EY Kristiansand,EY Kristiansand,15,Bislett Stadion,Karl Wiik,1:14:00,4:02 min/km,805,-,561,2:11,3:57 min/km,2314,-,,4440.0
2025,6419,EY BIL EY-Parthenon 3,EY,1,St. Hanshaugen,Martin Braathen,3:49,3:28 min/km,442,-,301,3:49,3:28 min/km,442,-,,229.0
2025,6419,EY BIL EY-Parthenon 3,EY,2,Norabakken,Pernille Sæther-Larsen,8:14,3:48 min/km,580,-,413,4:26,4:09 min/km,1133,-,,494.0
2025,6419,EY BIL EY-Parthenon 3,EY,3,Blåsen,Jonathan Schippert,10:08,3:40 min/km,402,-,291,1:54,3:11 min/km,328,-,,608.0
2025,6419,EY BIL EY-Parthenon 3,EY,4,Berg og dal,William Woie,18:42,4:00 min/km,772,-,548,8:34,4:28 min/km,2107,-,,1122.0
2025,6419,EY BIL EY-Parthenon 3,EY,5,Forskningsparken,Embrik Aasland,23:46,4:02 min/km,808,-,570,5:05,4:12 min/km,1630,-,,1426.0
2025,6419,EY BIL EY-Parthenon 3,EY,6,Lille Besserud,Joakim Støre,29:33,4:09 min/km,755,-,532,5:48,4:38 min/km,1232,-,,1773.0
2025,6419,EY BIL EY-Parthenon 3,EY,7,Besserud,Christofffer Hvass Bendiksby,38:29,4:19 min/km,944,-,655,8:57,5:03 min/km,2375,-,,2309.0
2025,6419,EY BIL EY-Parthenon 3,EY,8,Utforetappen,Erik Spone,45:52,4:18 min/km,1217,-,845,7:24,4:10 min/km,3389,-,,2752.0
2025,6419,EY BIL EY-Parthenon 3,EY,9,Gressbanen,Erik Sponen,48:50,4:19 min/km,1342,-,912,2:58,4:44 min/km,3721,-,,2930.0
2025,6419,EY BIL EY-Parthenon 3,EY,10,Den lange,Magnus Tangen-Pedersen,58:51,4:09 min/km,1119,-,771,10:02,3:31 min/km,869,-,,3531.0
2025,6419,EY BIL EY-Parthenon 3,EY,11,Frognerparken,Sondre Menes,1:04:44,4:08 min/km,1036,-,710,5:54,3:53 min/km,930,-,,3884.0
2025,6419,EY BIL EY-Parthenon 3,EY,12,Dumpa,Sondre Menesen,1:05:41,4:06 min/km,971,-,669,57,2:43 min/km,104,-,,3941.0
2025,6419,EY BIL EY-Parthenon 3,EY,13,Trappa,Herman Vilseth,1:10:00,4:06 min/km,930,-,640,4:19,4:00 min/km,1170,-,,4200.0
2025,6419,EY BIL EY-Parthenon 3,EY,14,Sjarmøren,Sunniva Rimstad,1:12:41,4:05 min/km,908,-,632,2:42,3:47 min/km,1143,-,,4361.0
2025,6419,EY BIL EY-Parthenon 3,EY,15,Bislett Stadion,Stian Dokken,1:14:22,4:03 min/km,854,-,593,1:42,3:04 min/km,473,-,,4462.0
2025,5421,EY BIL Business Transformation,976389387,1,St. Hanshaugen,,4:19,3:55 min/km,1374,-,211,4:19,3:55 min/km,1374,-,,259.0
2025,5421,EY BIL Business Transformation,976389387,2,Norabakken,,8:54,4:06 min/km,1209,-,138,4:35,4:17 min/km,1452,-,,534.0
2025,5421,EY BIL Business Transformation,976389387,3,Blåsen,,10:52,3:56 min/km,855,-,79,1:59,3:19 min/km,508,-,,652.0
2025,5421,EY BIL Business Transformation,976389387,4,Berg og dal,,19:35,4:11 min/km,1224,-,150,8:44,4:33 min/km,2312,-,,1175.0
2025,5421,EY BIL Business Transformation,976389387,5,Forskningsparken,,24:14,4:07 min/km,1002,-,105,4:39,3:51 min/km,832,-,,1454.0
2025,5421,EY BIL Business Transformation,976389387,6,Lille Besserud,,29:51,4:11 min/km,861,-,87,5:38,4:30 min/km,945,-,,1791.0
2025,5421,EY BIL Business Transformation,976389387,7,Besserud,,38:25,4:19 min/km,926,-,97,8:34,4:50 min/km,1908,-,,2305.0
2025,5421,EY BIL Business Transformation,976389387,8,Utforetappen,,44:45,4:12 min/km,918,-,98,6:21,3:34 min/km,1620,-,,2685.0
2025,5421,EY BIL Business Transformation,976389387,9,Gressbanen,,47:01,4:10 min/km,886,-,85,2:17,3:38 min/km,1261,-,,2821.0
2025,5421,EY BIL Business Transformation,976389387,10,Den lange,,57:35,4:04 min/km,881,-,85,10:34,3:42 min/km,1433,-,,3455.0
2025,5421,EY BIL Business Transformation,976389387,11,Frognerparken,,1:03:55,4:05 min/km,891,-,87,6:20,4:10 min/km,1704,-,,3835.0
2025,5421,EY BIL Business Transformation,976389387,12,Dumpa,,1:05:11,4:04 min/km,884,-,85,1:16,3:37 min/km,1310,-,,3911.0
2025,5421,EY BIL Business Transformation,976389387,13,Trappa,,1:09:36,4:04 min/km,875,-,88,4:26,4:07 min/km,1405,-,,4176.0
2025,5421,EY BIL Business Transformation,976389387,14,Sjarmøren,,1:12:18,4:04 min/km,843,-,84,2:42,3:48 min/km,1155,-,,4338.0
2025,5421,EY BIL Business Transformation,976389387,15,Bislett Stadion,,1:14:25,4:03 min/km,857,-,82,2:08,3:52 min/km,2099,-,,4465.0
2025,6478,EY BIL Shipping 3,EY,1,St. Hanshaugen,Sarah Bjønness,4:49,4:23 min/km,2488,-,1611,4:49,4:23 min/km,2488,-,,289.0
2025,6478,EY BIL Shipping 3,EY,2,Norabakken,Kristine Ulvang,9:42,4:29 min/km,2246,-,1476,4:53,4:34 min/km,2149,-,,582.0
2025,6478,EY BIL Shipping 3,EY,3,Blåsen,Kaia Bye,12:45,4:37 min/km,2713,-,1757,3:03,5:07 min/km,3896,-,,765.0
2025,6478,EY BIL Shipping 3,EY,4,Berg og dal,Magnus Olsen,19:53,4:15 min/km,1414,-,958,7:09,3:44 min/km,413,-,,1193.0
2025,6478,EY BIL Shipping 3,EY,5,Forskningsparken,Xeniya Sutula,26:05,4:26 min/km,1909,-,1274,6:12,5:08 min/km,3777,-,,1565.0
2025,6478,EY BIL Shipping 3,EY,6,Lille Besserud,Karl-Henrik Ringstad,32:42,4:35 min/km,1968,-,1318,6:37,5:17 min/km,2660,-,,1962.0
2025,6478,EY BIL Shipping 3,EY,7,Besserud,Fredrik Stenersen,39:53,4:29 min/km,1364,-,934,7:12,4:04 min/km,393,-,,2393.0
2025,6478,EY BIL Shipping 3,EY,8,Utforetappen,Vegard Eikeland,45:23,4:15 min/km,1088,-,750,5:31,3:06 min/km,378,-,,2723.0
2025,6478,EY BIL Shipping 3,EY,9,Gressbanen,Kristin Sverre,47:53,4:14 min/km,1098,-,755,2:30,4:00 min/km,2194,-,,2873.0
2025,6478,EY BIL Shipping 3,EY,10,Den lange,Amund Husom,57:40,4:04 min/km,895,-,625,9:47,3:26 min/km,655,-,,3460.0
2025,6478,EY BIL Shipping 3,EY,11,Frognerparken,Petter Olsen,1:02:57,4:01 min/km,755,-,530,5:18,3:30 min/km,319,-,,3777.0
2025,6478,EY BIL Shipping 3,EY,12,Dumpa,Carl Åkesson,1:04:59,4:03 min/km,850,-,587,2:02,5:49 min/km,4349,-,,3899.0
2025,6478,EY BIL Shipping 3,EY,13,Trappa,Sara Falkenhaug,1:09:47,4:05 min/km,903,-,622,4:48,4:27 min/km,2215,-,,4187.0
2025,6478,EY BIL Shipping 3,EY,14,Sjarmøren,Adrian Ramsfjell,1:12:16,4:04 min/km,839,-,582,2:30,3:31 min/km,615,-,,4336.0
2025,6478,EY BIL Shipping 3,EY,15,Bislett Stadion,Sigrun Skattebo,1:15:15,4:06 min/km,971,-,671,2:59,5:25 min/km,4268,-,,4515.0
2025,6414,EY BIL Shipping 2,EY,1,St. Hanshaugen,Kasper Ryste,4:34,4:09 min/km,1905,-,1255,4:34,4:09 min/km,1905,-,,274.0
2025,6414,EY BIL Shipping 2,EY,2,Norabakken,Hanne Stautland,10:30,4:51 min/km,3187,-,2038,5:57,5:34 min/km,3954,-,,630.0
2025,6414,EY BIL Shipping 2,EY,3,Blåsen,Ellinor Sætre,12:54,4:40 min/km,2875,-,1848,2:24,4:02 min/km,1876,-,,774.0
2025,6414,EY BIL Shipping 2,EY,4,Berg og dal,Trevor Miller,20:12,4:19 min/km,1611,-,1093,7:19,3:49 min/km,543,-,,1212.0
2025,6414,EY BIL Shipping 2,EY,5,Forskningsparken,Tonje Sørli,25:08,4:16 min/km,1438,-,981,4:56,4:05 min/km,1342,-,,1508.0
2025,6414,EY BIL Shipping 2,EY,6,Lille Besserud,Ermias Haile,30:39,4:18 min/km,1120,-,770,5:31,4:25 min/km,782,-,,1839.0
2025,6414,EY BIL Shipping 2,EY,7,Besserud,Erik Søreng,40:59,4:36 min/km,1719,-,1159,10:21,5:51 min/km,3706,-,,2459.0
2025,6414,EY BIL Shipping 2,EY,8,Utforetappen,Sindre Knudsen,46:38,4:22 min/km,1415,-,964,5:39,3:11 min/km,520,-,,2798.0
2025,6414,EY BIL Shipping 2,EY,9,Gressbanen,Martine Frimann,49:17,4:22 min/km,1447,-,984,2:39,4:14 min/km,2790,-,,2957.0
2025,6414,EY BIL Shipping 2,EY,10,Den lange,Øystein Vestvatn,1:00:18,4:16 min/km,1423,-,960,11:01,3:52 min/km,1917,-,,3618.0
2025,6414,EY BIL Shipping 2,EY,11,Frognerparken,Fredrik Grythe,1:06:05,4:13 min/km,1267,-,868,5:48,3:49 min/km,795,-,,3965.0
2025,6414,EY BIL Shipping 2,EY,12,Dumpa,Meriuan Hame,1:07:22,4:12 min/km,1243,-,848,1:17,3:40 min/km,1436,-,,4042.0
2025,6414,EY BIL Shipping 2,EY,13,Trappa,Håkon Nossen,1:10:46,4:08 min/km,1037,-,715,3:24,3:09 min/km,65,-,,4246.0
2025,6414,EY BIL Shipping 2,EY,14,Sjarmøren,Dipram Khatri,1:13:43,4:08 min/km,1049,-,725,2:58,4:11 min/km,2021,-,,4423.0
2025,6414,EY BIL Shipping 2,EY,15,Bislett Stadion,Anders Ellingsen,1:15:24,4:06 min/km,994,-,689,1:41,3:04 min/km,458,-,,4524.0
2025,6424,EY BIL Retail 1,EY,1,St. Hanshaugen,Christoffer,4:06,3:43 min/km,938,-,635,4:06,3:43 min/km,938,-,,246.0
2025,6424,EY BIL Retail 1,EY,2,Norabakken,Håkon H.,8:02,3:42 min/km,419,-,300,3:57,3:41 min/km,391,-,,482.0
2025,6424,EY BIL Retail 1,EY,3,Blåsen,Frida,10:49,3:55 min/km,808,-,581,2:48,4:42 min/km,3310,-,,649.0
2025,6424,EY BIL Retail 1,EY,4,Berg og dal,Lars,17:42,3:47 min/km,407,-,297,6:53,3:36 min/km,249,-,,1062.0
2025,6424,EY BIL Retail 1,EY,5,Forskningsparken,Daniel,22:54,3:53 min/km,549,-,394,5:12,4:18 min/km,1919,-,,1374.0
2025,6424,EY BIL Retail 1,EY,6,Lille Besserud,Håkon B.,28:14,3:58 min/km,468,-,330,5:21,4:17 min/km,572,-,,1694.0
2025,6424,EY BIL Retail 1,EY,7,Besserud,Ole Jacob,39:29,4:26 min/km,1233,-,846,11:15,6:22 min/km,4191,-,,2369.0
2025,6424,EY BIL Retail 1,EY,8,Utforetappen,Jakob,45:55,4:18 min/km,1228,-,849,6:27,3:38 min/km,1792,-,,2755.0
2025,6424,EY BIL Retail 1,EY,9,Gressbanen,Emiline,48:27,4:17 min/km,1242,-,846,2:32,4:03 min/km,2321,-,,2907.0
2025,6424,EY BIL Retail 1,EY,10,Den lange,Oscar,59:26,4:12 min/km,1230,-,843,11:00,3:51 min/km,1871,-,,3566.0
2025,6424,EY BIL Retail 1,EY,11,Frognerparken,Niklas,1:04:35,4:07 min/km,1011,-,694,5:09,3:24 min/km,208,-,,3875.0
2025,6424,EY BIL Retail 1,EY,12,Dumpa,Julie,1:05:47,4:06 min/km,987,-,678,1:13,3:26 min/km,981,-,,3947.0
2025,6424,EY BIL Retail 1,EY,13,Trappa,Adam,1:10:33,4:08 min/km,996,-,693,4:47,4:25 min/km,2166,-,,4233.0
2025,6424,EY BIL Retail 1,EY,14,Sjarmøren,Krutti,1:14:05,4:10 min/km,1095,-,757,3:32,4:58 min/km,3577,-,,4445.0
2025,6424,EY BIL Retail 1,EY,15,Bislett Stadion,Markus,1:15:42,4:07 min/km,1034,-,713,1:38,2:58 min/km,319,-,,4542.0
2025,6408,EY BIL Skye,EY,1,St. Hanshaugen,Jørgen Tetlie,3:57,3:36 min/km,661,-,447,3:57,3:36 min/km,661,-,,237.0
2025,6408,EY BIL Skye,EY,2,Norabakken,Thyra Stavrum-Tång,8:00,3:41 min/km,400,-,288,4:03,3:47 min/km,516,-,,480.0
2025,6408,EY BIL Skye,EY,3,Blåsen,Cecilie Spidsberg,9:59,3:37 min/km,333,-,238,2:00,3:21 min/km,550,-,,599.0
2025,6408,EY BIL Skye,EY,4,Berg og dal,Sturle Stavrum-Tång,17:16,3:42 min/km,280,-,199,7:17,3:48 min/km,518,-,,1036.0
2025,6408,EY BIL Skye,EY,5,Forskningsparken,Martinus Høydal,21:17,3:37 min/km,207,-,144,4:01,3:19 min/km,137,-,,1277.0
2025,6408,EY BIL Skye,EY,6,Lille Besserud,Thomas Hafstad,26:59,3:47 min/km,261,-,185,5:43,4:34 min/km,1081,-,,1619.0
2025,6408,EY BIL Skye,EY,7,Besserud,Bendik Kaarby Tollefsen,35:15,3:58 min/km,351,-,246,8:16,4:41 min/km,1540,-,,2115.0
2025,6408,EY BIL Skye,EY,8,Utforetappen,Ane Gravråk Hjort-Larsen,41:48,3:55 min/km,432,-,308,6:33,3:41 min/km,1987,-,,2508.0
2025,6408,EY BIL Skye,EY,9,Gressbanen,Kristin Nakken,44:57,3:59 min/km,544,-,382,3:09,5:03 min/km,4059,-,,2697.0
2025,6408,EY BIL Skye,EY,10,Den lange,Ole William Yttreeide,1:00:04,4:15 min/km,1370,-,928,15:08,5:18 min/km,4471,-,,3604.0
2025,6408,EY BIL Skye,EY,11,Frognerparken,Erik Christopher Hansen,1:06:30,4:15 min/km,1352,-,915,6:26,4:14 min/km,1885,-,,3990.0
2025,6408,EY BIL Skye,EY,12,Dumpa,Erlend Vangdal,1:07:22,4:12 min/km,1246,-,850,53,2:31 min/km,26,-,,4042.0
2025,6408,EY BIL Skye,EY,13,Trappa,Anders Banke Petersen,1:11:25,4:11 min/km,1130,-,777,4:03,3:45 min/km,644,-,,4285.0
2025,6408,EY BIL Skye,EY,14,Sjarmøren,Ludvig Oftedal Vinje,1:13:56,4:09 min/km,1069,-,737,2:32,3:33 min/km,669,-,,4436.0
2025,6408,EY BIL Skye,EY,15,Bislett Stadion,Mats Dybdahl,1:15:49,4:08 min/km,1053,-,724,1:54,3:27 min/km,1212,-,,4549.0
2025,6457,EY BIL FSO 2,EY,1,St. Hanshaugen,,4:56,4:30 min/km,2758,-,1773,4:56,4:30 min/km,2758,-,,296.0
2025,6457,EY BIL FSO 2,EY,2,Norabakken,,9:18,4:17 min/km,1726,-,1168,4:22,4:05 min/km,1002,-,,558.0
2025,6457,EY BIL FSO 2,EY,3,Blåsen,,11:48,4:16 min/km,1716,-,1153,2:30,4:13 min/km,2299,-,,708.0
2025,6457,EY BIL FSO 2,EY,4,Berg og dal,,19:36,4:11 min/km,1227,-,835,7:48,4:04 min/km,1074,-,,1176.0
2025,6457,EY BIL FSO 2,EY,5,Forskningsparken,,24:30,4:10 min/km,1110,-,762,4:55,4:04 min/km,1287,-,,1470.0
2025,6457,EY BIL FSO 2,EY,6,Lille Besserud,,31:01,4:21 min/km,1250,-,866,6:32,5:13 min/km,2512,-,,1861.0
2025,6457,EY BIL FSO 2,EY,7,Besserud,,40:00,4:30 min/km,1394,-,954,9:00,5:05 min/km,2444,-,,2400.0
2025,6457,EY BIL FSO 2,EY,8,Utforetappen,,45:47,4:17 min/km,1187,-,820,5:47,3:15 min/km,698,-,,2747.0
2025,6457,EY BIL FSO 2,EY,9,Gressbanen,,47:53,4:14 min/km,1094,-,752,2:06,3:22 min/km,669,-,,2873.0
2025,6457,EY BIL FSO 2,EY,10,Den lange,,1:00:00,4:14 min/km,1350,-,914,12:08,4:15 min/km,3018,-,,3600.0
2025,6457,EY BIL FSO 2,EY,11,Frognerparken,,1:06:03,4:13 min/km,1261,-,863,6:03,3:59 min/km,1204,-,,3963.0
2025,6457,EY BIL FSO 2,EY,12,Dumpa,,1:07:12,4:12 min/km,1221,-,831,1:10,3:19 min/km,776,-,,4032.0
2025,6457,EY BIL FSO 2,EY,13,Trappa,,1:11:26,4:11 min/km,1135,-,780,4:14,3:55 min/km,990,-,,4286.0
2025,6457,EY BIL FSO 2,EY,14,Sjarmøren,,1:13:51,4:09 min/km,1061,-,732,2:26,3:26 min/km,470,-,,4431.0
2025,6457,EY BIL FSO 2,EY,15,Bislett Stadion,,1:16:22,4:10 min/km,1126,-,772,2:32,4:35 min/km,3472,-,,4582.0
2025,6434,EY BIL Cyber,EY,1,St. Hanshaugen,,3:50,3:29 min/km,471,-,319,3:50,3:29 min/km,471,-,,230.0
2025,6434,EY BIL Cyber,EY,2,Norabakken,,8:11,3:47 min/km,538,-,384,4:22,4:05 min/km,998,-,,491.0
2025,6434,EY BIL Cyber,EY,3,Blåsen,,10:06,3:40 min/km,384,-,276,1:56,3:14 min/km,374,-,,606.0
2025,6434,EY BIL Cyber,EY,4,Berg og dal,,17:30,3:45 min/km,352,-,255,7:25,3:52 min/km,626,-,,1050.0
2025,6434,EY BIL Cyber,EY,5,Forskningsparken,,21:47,3:42 min/km,288,-,205,4:17,3:32 min/km,331,-,,1307.0
2025,6434,EY BIL Cyber,EY,6,Lille Besserud,,27:06,3:48 min/km,274,-,194,5:19,4:16 min/km,546,-,,1626.0
2025,6434,EY BIL Cyber,EY,7,Besserud,,35:25,3:59 min/km,375,-,266,8:19,4:42 min/km,1616,-,,2125.0
2025,6434,EY BIL Cyber,EY,8,Utforetappen,,41:10,3:51 min/km,332,-,232,5:46,3:14 min/km,656,-,,2470.0
2025,6434,EY BIL Cyber,EY,9,Gressbanen,,45:04,3:59 min/km,563,-,396,3:55,6:16 min/km,4593,-,,2704.0
2025,6434,EY BIL Cyber,EY,10,Den lange,,58:25,4:08 min/km,1028,-,711,13:21,4:40 min/km,3860,-,,3505.0
2025,6434,EY BIL Cyber,EY,11,Frognerparken,,1:04:32,4:07 min/km,1004,-,689,6:08,4:02 min/km,1335,-,,3872.0
2025,6434,EY BIL Cyber,EY,12,Dumpa,,1:05:51,4:07 min/km,1000,-,685,1:19,3:45 min/km,1631,-,,3951.0
2025,6434,EY BIL Cyber,EY,13,Trappa,,1:10:27,4:07 min/km,983,-,683,4:36,4:16 min/km,1771,-,,4227.0
2025,6434,EY BIL Cyber,EY,14,Sjarmøren,,1:13:24,4:07 min/km,991,-,689,2:57,4:10 min/km,1968,-,,4404.0
2025,6434,EY BIL Cyber,EY,15,Bislett Stadion,,1:17:25,4:13 min/km,1288,-,881,4:02,7:19 min/km,4685,-,,4645.0
2025,6411,EY BIL Energy 1,Ernst & Young,1,St. Hanshaugen,,4:58,4:31 min/km,2808,-,1806,4:58,4:31 min/km,2808,-,,298.0
2025,6411,EY BIL Energy 1,Ernst & Young,2,Norabakken,,9:55,4:35 min/km,2534,-,1639,4:58,4:39 min/km,2308,-,,595.0
2025,6411,EY BIL Energy 1,Ernst & Young,3,Blåsen,,12:54,4:40 min/km,2876,-,1849,2:59,5:00 min/km,3748,-,,774.0
2025,6411,EY BIL Energy 1,Ernst & Young,4,Berg og dal,,22:06,4:44 min/km,2856,-,1840,9:13,4:48 min/km,2907,-,,1326.0
2025,6411,EY BIL Energy 1,Ernst & Young,5,Forskningsparken,,26:41,4:32 min/km,2211,-,1462,4:35,3:47 min/km,730,-,,1601.0
2025,6411,EY BIL Energy 1,Ernst & Young,6,Lille Besserud,,32:27,4:33 min/km,1851,-,1241,5:47,4:38 min/km,1222,-,,1947.0
2025,6411,EY BIL Energy 1,Ernst & Young,7,Besserud,,41:36,4:40 min/km,1966,-,1309,9:09,5:11 min/km,2637,-,,2496.0
2025,6411,EY BIL Energy 1,Ernst & Young,8,Utforetappen,,47:36,4:27 min/km,1700,-,1143,6:00,3:23 min/km,1045,-,,2856.0
2025,6411,EY BIL Energy 1,Ernst & Young,9,Gressbanen,,50:03,4:26 min/km,1666,-,1115,2:28,3:56 min/km,1994,-,,3003.0
2025,6411,EY BIL Energy 1,Ernst & Young,10,Den lange,,59:44,4:13 min/km,1295,-,882,9:41,3:23 min/km,579,-,,3584.0
2025,6411,EY BIL Energy 1,Ernst & Young,11,Frognerparken,,1:06:10,4:13 min/km,1285,-,882,6:27,4:15 min/km,1924,-,,3970.0
2025,6411,EY BIL Energy 1,Ernst & Young,12,Dumpa,,1:07:42,4:14 min/km,1302,-,891,1:32,4:21 min/km,2860,-,,4062.0
2025,6411,EY BIL Energy 1,Ernst & Young,13,Trappa,,1:11:40,4:11 min/km,1175,-,808,3:59,3:41 min/km,538,-,,4300.0
2025,6411,EY BIL Energy 1,Ernst & Young,14,Sjarmøren,,1:14:44,4:12 min/km,1198,-,817,3:05,4:20 min/km,2383,-,,4484.0
2025,6411,EY BIL Energy 1,Ernst & Young,15,Bislett Stadion,,1:17:51,4:14 min/km,1350,-,917,3:07,5:39 min/km,4383,-,,4671.0
2025,6431,EY BIL Oslo Law & Tax,EY,1,St. Hanshaugen,,6:07,5:34 min/km,4370,-,1088,6:07,5:34 min/km,4370,-,,367.0
2025,6431,EY BIL Oslo Law & Tax,EY,2,Norabakken,,10:39,4:55 min/km,3334,-,729,4:32,4:14 min/km,1339,-,,639.0
2025,6431,EY BIL Oslo Law & Tax,EY,3,Blåsen,,13:18,4:49 min/km,3257,-,686,2:39,4:27 min/km,2830,-,,798.0
2025,6431,EY BIL Oslo Law & Tax,EY,4,Berg og dal,,22:15,4:45 min/km,2938,-,577,8:58,4:40 min/km,2599,-,,1335.0
2025,6431,EY BIL Oslo Law & Tax,EY,5,Forskningsparken,,27:23,4:39 min/km,2637,-,472,5:09,4:15 min/km,1789,-,,1643.0
2025,6431,EY BIL Oslo Law & Tax,EY,6,Lille Besserud,,33:03,4:38 min/km,2125,-,338,5:40,4:32 min/km,1004,-,,1983.0
2025,6431,EY BIL Oslo Law & Tax,EY,7,Besserud,,41:03,4:37 min/km,1746,-,238,8:01,4:32 min/km,1219,-,,2463.0
2025,6431,EY BIL Oslo Law & Tax,EY,8,Utforetappen,,46:53,4:24 min/km,1483,-,182,5:51,3:17 min/km,796,-,,2813.0
2025,6431,EY BIL Oslo Law & Tax,EY,9,Gressbanen,,49:28,4:23 min/km,1492,-,188,2:35,4:07 min/km,2478,-,,2968.0
2025,6431,EY BIL Oslo Law & Tax,EY,10,Den lange,,1:00:00,4:14 min/km,1353,-,163,10:33,3:42 min/km,1412,-,,3600.0
2025,6431,EY BIL Oslo Law & Tax,EY,11,Frognerparken,,1:06:36,4:15 min/km,1368,-,169,6:37,4:21 min/km,2191,-,,3996.0
2025,6431,EY BIL Oslo Law & Tax,EY,12,Dumpa,,1:08:14,4:16 min/km,1413,-,181,1:38,4:39 min/km,3360,-,,4094.0
2025,6431,EY BIL Oslo Law & Tax,EY,13,Trappa,,1:12:57,4:16 min/km,1388,-,175,4:43,4:22 min/km,2039,-,,4377.0
2025,6431,EY BIL Oslo Law & Tax,EY,14,Sjarmøren,,1:16:06,4:16 min/km,1413,-,181,3:09,4:27 min/km,2616,-,,4566.0
2025,6431,EY BIL Oslo Law & Tax,EY,15,Bislett Stadion,,1:17:54,4:15 min/km,1363,-,167,1:49,3:18 min/km,860,-,,4674.0
2025,6448,EY BIL Oslo Tax & Law,EY,1,St. Hanshaugen,,5:27,4:57 min/km,3709,-,2328,5:27,4:57 min/km,3709,-,,327.0
2025,6448,EY BIL Oslo Tax & Law,EY,2,Norabakken,,9:49,4:32 min/km,2388,-,1556,4:23,4:06 min/km,1046,-,,589.0
2025,6448,EY BIL Oslo Tax & Law,EY,3,Blåsen,,12:18,4:27 min/km,2276,-,1505,2:29,4:10 min/km,2226,-,,738.0
2025,6448,EY BIL Oslo Tax & Law,EY,4,Berg og dal,,22:18,4:46 min/km,2969,-,1915,10:00,5:13 min/km,3683,-,,1338.0
2025,6448,EY BIL Oslo Tax & Law,EY,5,Forskningsparken,,27:27,4:40 min/km,2674,-,1749,5:10,4:16 min/km,1846,-,,1647.0
2025,6448,EY BIL Oslo Tax & Law,EY,6,Lille Besserud,,32:52,4:36 min/km,2034,-,1358,5:25,4:20 min/km,647,-,,1972.0
2025,6448,EY BIL Oslo Tax & Law,EY,7,Besserud,,40:41,4:34 min/km,1623,-,1105,7:49,4:25 min/km,1001,-,,2441.0
2025,6448,EY BIL Oslo Tax & Law,EY,8,Utforetappen,,48:03,4:30 min/km,1857,-,1230,7:23,4:09 min/km,3367,-,,2883.0
2025,6448,EY BIL Oslo Tax & Law,EY,9,Gressbanen,,51:10,4:32 min/km,2011,-,1328,3:07,4:59 min/km,4002,-,,3070.0
2025,6448,EY BIL Oslo Tax & Law,EY,10,Den lange,,1:01:04,4:19 min/km,1616,-,1094,9:54,3:28 min/km,765,-,,3664.0
2025,6448,EY BIL Oslo Tax & Law,EY,11,Frognerparken,,1:07:04,4:17 min/km,1467,-,992,6:01,3:58 min/km,1133,-,,4024.0
2025,6448,EY BIL Oslo Tax & Law,EY,12,Dumpa,,1:08:46,4:18 min/km,1518,-,1019,1:42,4:52 min/km,3626,-,,4126.0
2025,6448,EY BIL Oslo Tax & Law,EY,13,Trappa,,1:13:10,4:17 min/km,1436,-,969,4:24,4:05 min/km,1331,-,,4390.0
2025,6448,EY BIL Oslo Tax & Law,EY,14,Sjarmøren,,1:16:24,4:17 min/km,1477,-,994,3:15,4:35 min/km,2894,-,,4584.0
2025,6448,EY BIL Oslo Tax & Law,EY,15,Bislett Stadion,,1:19:03,4:18 min/km,1555,-,1039,2:40,4:50 min/km,3755,-,,4743.0
2025,6464,EY BIL Technology Audit Oslo 2,EY,1,St. Hanshaugen,Tor-Adrian Hestvik,4:03,3:41 min/km,859,-,584,4:03,3:41 min/km,859,-,,243.0
2025,6464,EY BIL Technology Audit Oslo 2,EY,2,Norabakken,Daniela Thomson,9:40,4:27 min/km,2184,-,1438,5:37,5:15 min/km,3535,-,,580.0
2025,6464,EY BIL Technology Audit Oslo 2,EY,3,Blåsen,Are Øverby Svendsen,11:36,4:12 min/km,1511,-,1028,1:57,3:16 min/km,419,-,,696.0
2025,6464,EY BIL Technology Audit Oslo 2,EY,4,Berg og dal,Brede Johnsen,19:33,4:11 min/km,1210,-,824,7:58,4:09 min/km,1280,-,,1173.0
2025,6464,EY BIL Technology Audit Oslo 2,EY,5,Forskningsparken,Siri Helen Halvorsen,24:06,4:06 min/km,953,-,664,4:34,3:46 min/km,693,-,,1446.0
2025,6464,EY BIL Technology Audit Oslo 2,EY,6,Lille Besserud,Jens Christian Ebeltoft,29:50,4:11 min/km,853,-,591,5:44,4:35 min/km,1110,-,,1790.0
2025,6464,EY BIL Technology Audit Oslo 2,EY,7,Besserud,Jone Bø,38:13,4:18 min/km,873,-,614,8:24,4:45 min/km,1700,-,,2293.0
2025,6464,EY BIL Technology Audit Oslo 2,EY,8,Utforetappen,Even Tarberg,47:12,4:25 min/km,1575,-,1060,9:00,5:03 min/km,4479,-,,2832.0
2025,6464,EY BIL Technology Audit Oslo 2,EY,9,Gressbanen,Karen Enger,49:40,4:24 min/km,1551,-,1049,2:28,3:57 min/km,2020,-,,2980.0
2025,6464,EY BIL Technology Audit Oslo 2,EY,10,Den lange,Jan Erik Riis,1:00:13,4:15 min/km,1412,-,952,10:33,3:42 min/km,1408,-,,3613.0
2025,6464,EY BIL Technology Audit Oslo 2,EY,11,Frognerparken,Marius Alexander Jakobsen,1:07:09,4:17 min/km,1482,-,999,6:57,4:35 min/km,2781,-,,4029.0
2025,6464,EY BIL Technology Audit Oslo 2,EY,12,Dumpa,Mathias Viermyr,1:08:32,4:17 min/km,1470,-,986,1:23,3:56 min/km,1993,-,,4112.0
2025,6464,EY BIL Technology Audit Oslo 2,EY,13,Trappa,Mathias Gimming,1:13:28,4:18 min/km,1503,-,1008,4:57,4:35 min/km,2537,-,,4408.0
2025,6464,EY BIL Technology Audit Oslo 2,EY,14,Sjarmøren,Anders Gøbel,1:16:28,4:18 min/km,1488,-,1000,3:01,4:15 min/km,2147,-,,4588.0
2025,6464,EY BIL Technology Audit Oslo 2,EY,15,Bislett Stadion,Benedicte Skjoldhammer,1:19:05,4:19 min/km,1571,-,1048,2:38,4:47 min/km,3696,-,,4745.0
2025,6437,EY BIL - People Consulting,EY,1,St. Hanshaugen,,4:41,4:16 min/km,2174,-,384,4:41,4:16 min/km,2174,-,,281.0
2025,6437,EY BIL - People Consulting,EY,2,Norabakken,,9:19,4:18 min/km,1748,-,267,4:38,4:20 min/km,1572,-,,559.0
2025,6437,EY BIL - People Consulting,EY,3,Blåsen,,12:51,4:39 min/km,2823,-,558,3:32,5:56 min/km,4466,-,,771.0
2025,6437,EY BIL - People Consulting,EY,4,Berg og dal,,22:10,4:44 min/km,2893,-,566,9:20,4:52 min/km,3022,-,,1330.0
2025,6437,EY BIL - People Consulting,EY,5,Forskningsparken,,27:04,4:36 min/km,2456,-,435,4:55,4:04 min/km,1305,-,,1624.0
2025,6437,EY BIL - People Consulting,EY,6,Lille Besserud,,33:06,4:38 min/km,2137,-,341,6:02,4:49 min/km,1653,-,,1986.0
2025,6437,EY BIL - People Consulting,EY,7,Besserud,,42:36,4:47 min/km,2326,-,398,9:31,5:23 min/km,3015,-,,2556.0
2025,6437,EY BIL - People Consulting,EY,8,Utforetappen,,49:16,4:37 min/km,2257,-,376,6:41,3:45 min/km,2183,-,,2956.0
2025,6437,EY BIL - People Consulting,EY,9,Gressbanen,,51:33,4:34 min/km,2134,-,346,2:17,3:40 min/km,1317,-,,3093.0
2025,6437,EY BIL - People Consulting,EY,10,Den lange,,1:01:18,4:20 min/km,1661,-,222,9:45,3:25 min/km,635,-,,3678.0
2025,6437,EY BIL - People Consulting,EY,11,Frognerparken,,1:08:32,4:22 min/km,1805,-,259,7:14,4:46 min/km,3181,-,,4112.0
2025,6437,EY BIL - People Consulting,EY,12,Dumpa,,1:09:48,4:21 min/km,1755,-,245,1:17,3:40 min/km,1439,-,,4188.0
2025,6437,EY BIL - People Consulting,EY,13,Trappa,,1:14:31,4:21 min/km,1708,-,242,4:43,4:22 min/km,2024,-,,4471.0
2025,6437,EY BIL - People Consulting,EY,14,Sjarmøren,,1:17:37,4:21 min/km,1706,-,234,3:06,4:22 min/km,2444,-,,4657.0
2025,6437,EY BIL - People Consulting,EY,15,Bislett Stadion,,1:19:32,4:20 min/km,1653,-,224,1:56,3:30 min/km,1298,-,,4772.0
2025,6417,EY BIL EY-Parthenon 4,EY BIL,1,St. Hanshaugen,Markus Stensby,3:40,3:20 min/km,296,-,201,3:40,3:20 min/km,296,-,,220.0
2025,6417,EY BIL EY-Parthenon 4,EY BIL,2,Norabakken,Ivar Fjelde Heimstad,7:20,3:23 min/km,122,-,83,3:40,3:26 min/km,145,-,,440.0
2025,6417,EY BIL EY-Parthenon 4,EY BIL,3,Blåsen,Charlotte Røsvik,9:20,3:23 min/km,138,-,93,2:00,3:22 min/km,562,-,,560.0
2025,6417,EY BIL EY-Parthenon 4,EY BIL,4,Berg og dal,Mikkel S Kulsrud,16:48,3:36 min/km,203,-,140,7:29,3:54 min/km,697,-,,1008.0
2025,6417,EY BIL EY-Parthenon 4,EY BIL,5,Forskningsparken,Pernille Hyggen,22:55,3:54 min/km,553,-,397,6:07,5:03 min/km,3652,-,,1375.0
2025,6417,EY BIL EY-Parthenon 4,EY BIL,6,Lille Besserud,Eirik A. Børnes,29:00,4:04 min/km,627,-,446,6:06,4:53 min/km,1789,-,,1740.0
2025,6417,EY BIL EY-Parthenon 4,EY BIL,7,Besserud,Sondre Olimb,38:42,4:21 min/km,1015,-,707,9:43,5:30 min/km,3205,-,,2322.0
2025,6417,EY BIL EY-Parthenon 4,EY BIL,8,Utforetappen,Stian Sandberg,45:19,4:15 min/km,1070,-,738,6:37,3:43 min/km,2074,-,,2719.0
2025,6417,EY BIL EY-Parthenon 4,EY BIL,9,Gressbanen,Minja Rankov,47:43,4:13 min/km,1058,-,728,2:25,3:51 min/km,1790,-,,2863.0
2025,6417,EY BIL EY-Parthenon 4,EY BIL,10,Den lange,Torstein Gange,1:00:21,4:16 min/km,1435,-,969,12:38,4:26 min/km,3424,-,,3621.0
2025,6417,EY BIL EY-Parthenon 4,EY BIL,11,Frognerparken,Tobias Jensen,1:09:43,4:27 min/km,2080,-,1388,9:23,6:11 min/km,4573,-,,4183.0
2025,6417,EY BIL EY-Parthenon 4,EY BIL,12,Dumpa,Mikkel Melhus,1:10:51,4:25 min/km,2002,-,1335,1:08,3:14 min/km,650,-,,4251.0
2025,6417,EY BIL EY-Parthenon 4,EY BIL,13,Trappa,Torbjørn Aleksandersen,1:14:59,4:23 min/km,1805,-,1204,4:08,3:50 min/km,810,-,,4499.0
2025,6417,EY BIL EY-Parthenon 4,EY BIL,14,Sjarmøren,Dorthea Ø Olsen,1:17:55,4:23 min/km,1772,-,1181,2:56,4:08 min/km,1922,-,,4675.0
2025,6417,EY BIL EY-Parthenon 4,EY BIL,15,Bislett Stadion,Pauline Jahren,1:20:04,4:22 min/km,1778,-,1179,2:09,3:55 min/km,2206,-,,4804.0
2025,6427,EY BIL Fa + Ccass Lag 4,EY,1,St. Hanshaugen,,4:23,3:59 min/km,1531,-,1025,4:23,3:59 min/km,1531,-,,263.0
2025,6427,EY BIL Fa + Ccass Lag 4,EY,2,Norabakken,,9:07,4:12 min/km,1468,-,1009,4:44,4:26 min/km,1793,-,,547.0
2025,6427,EY BIL Fa + Ccass Lag 4,EY,3,Blåsen,,11:21,4:07 min/km,1295,-,898,2:15,3:47 min/km,1344,-,,681.0
2025,6427,EY BIL Fa + Ccass Lag 4,EY,4,Berg og dal,,18:42,4:00 min/km,773,-,549,7:21,3:50 min/km,574,-,,1122.0
2025,6427,EY BIL Fa + Ccass Lag 4,EY,5,Forskningsparken,,24:11,4:06 min/km,980,-,681,5:29,4:32 min/km,2557,-,,1451.0
2025,6427,EY BIL Fa + Ccass Lag 4,EY,6,Lille Besserud,,31:27,4:25 min/km,1410,-,965,7:17,5:50 min/km,3526,-,,1887.0
2025,6427,EY BIL Fa + Ccass Lag 4,EY,7,Besserud,,42:05,4:44 min/km,2134,-,1409,10:38,6:01 min/km,3901,-,,2525.0
2025,6427,EY BIL Fa + Ccass Lag 4,EY,8,Utforetappen,,49:18,4:37 min/km,2270,-,1494,7:14,4:04 min/km,3125,-,,2958.0
2025,6427,EY BIL Fa + Ccass Lag 4,EY,9,Gressbanen,,51:51,4:35 min/km,2233,-,1467,2:34,4:05 min/km,2395,-,,3111.0
2025,6427,EY BIL Fa + Ccass Lag 4,EY,10,Den lange,,1:03:11,4:28 min/km,2168,-,1440,11:21,3:58 min/km,2270,-,,3791.0
2025,6427,EY BIL Fa + Ccass Lag 4,EY,11,Frognerparken,,1:10:59,4:32 min/km,2381,-,1579,7:48,5:08 min/km,3820,-,,4259.0
2025,6427,EY BIL Fa + Ccass Lag 4,EY,12,Dumpa,,1:12:23,4:31 min/km,2346,-,1558,1:24,3:59 min/km,2130,-,,4343.0
2025,6427,EY BIL Fa + Ccass Lag 4,EY,13,Trappa,,1:16:54,4:30 min/km,2249,-,1499,4:32,4:12 min/km,1604,-,,4614.0
2025,6427,EY BIL Fa + Ccass Lag 4,EY,14,Sjarmøren,,1:19:59,4:29 min/km,2239,-,1488,3:06,4:22 min/km,2434,-,,4799.0
2025,6427,EY BIL Fa + Ccass Lag 4,EY,15,Bislett Stadion,,1:22:19,4:29 min/km,2251,-,1492,2:21,4:15 min/km,2911,-,,4939.0
2025,6458,EY Tønsberg,EY,1,St. Hanshaugen,,5:03,4:35 min/km,2982,-,1903,5:03,4:35 min/km,2982,-,,303.0
2025,6458,EY Tønsberg,EY,2,Norabakken,,10:31,4:51 min/km,3200,-,2044,5:28,5:07 min/km,3291,-,,631.0
2025,6458,EY Tønsberg,EY,3,Blåsen,,13:14,4:47 min/km,3200,-,2054,2:43,4:34 min/km,3104,-,,794.0
2025,6458,EY Tønsberg,EY,4,Berg og dal,,21:45,4:39 min/km,2638,-,1711,8:32,4:27 min/km,2047,-,,1305.0
2025,6458,EY Tønsberg,EY,5,Forskningsparken,,26:52,4:34 min/km,2333,-,1539,5:08,4:15 min/km,1751,-,,1612.0
2025,6458,EY Tønsberg,EY,6,Lille Besserud,,33:14,4:39 min/km,2205,-,1455,6:22,5:06 min/km,2241,-,,1994.0
2025,6458,EY Tønsberg,EY,7,Besserud,,43:54,4:56 min/km,2821,-,1822,10:40,6:02 min/km,3916,-,,2634.0
2025,6458,EY Tønsberg,EY,8,Utforetappen,,50:40,4:45 min/km,2722,-,1773,6:47,3:49 min/km,2366,-,,3040.0
2025,6458,EY Tønsberg,EY,9,Gressbanen,,53:22,4:43 min/km,2733,-,1779,2:43,4:20 min/km,3002,-,,3202.0
2025,6458,EY Tønsberg,EY,10,Den lange,,1:03:45,4:30 min/km,2315,-,1534,10:23,3:38 min/km,1231,-,,3825.0
2025,6458,EY Tønsberg,EY,11,Frognerparken,,1:10:16,4:29 min/km,2205,-,1471,6:32,4:18 min/km,2056,-,,4216.0
2025,6458,EY Tønsberg,EY,12,Dumpa,,1:11:39,4:28 min/km,2180,-,1456,1:23,3:57 min/km,2050,-,,4299.0
2025,6458,EY Tønsberg,EY,13,Trappa,Henrik Schjerven,1:16:55,4:30 min/km,2258,-,1504,5:17,4:53 min/km,3152,-,,4615.0
2025,6458,EY Tønsberg,EY,14,Sjarmøren,,1:19:26,4:28 min/km,2113,-,1402,2:31,3:33 min/km,664,-,,4766.0
2025,6458,EY Tønsberg,EY,15,Bislett Stadion,,1:22:21,4:29 min/km,2261,-,1500,2:55,5:19 min/km,4184,-,,4941.0
2025,6423,EY BIL Tech Strategy & Transformation 1,EY,1,St. Hanshaugen,,5:04,4:37 min/km,3031,-,1925,5:04,4:37 min/km,3031,-,,304.0
2025,6423,EY BIL Tech Strategy & Transformation 1,EY,2,Norabakken,,11:10,5:09 min/km,3818,-,2404,6:06,5:42 min/km,4117,-,,670.0
2025,6423,EY BIL Tech Strategy & Transformation 1,EY,3,Blåsen,,13:52,5:01 min/km,3701,-,2351,2:43,4:33 min/km,3074,-,,832.0
2025,6423,EY BIL Tech Strategy & Transformation 1,EY,4,Berg og dal,,22:16,4:46 min/km,2947,-,1899,8:25,4:23 min/km,1896,-,,1336.0
2025,6423,EY BIL Tech Strategy & Transformation 1,EY,5,Forskningsparken,,27:20,4:39 min/km,2611,-,1712,5:05,4:12 min/km,1639,-,,1640.0
2025,6423,EY BIL Tech Strategy & Transformation 1,EY,6,Lille Besserud,,34:08,4:47 min/km,2634,-,1709,6:48,5:27 min/km,2937,-,,2048.0
2025,6423,EY BIL Tech Strategy & Transformation 1,EY,7,Besserud,,42:41,4:48 min/km,2362,-,1547,8:34,4:51 min/km,1915,-,,2561.0
2025,6423,EY BIL Tech Strategy & Transformation 1,EY,8,Utforetappen,,49:29,4:38 min/km,2321,-,1522,6:48,3:50 min/km,2420,-,,2969.0
2025,6423,EY BIL Tech Strategy & Transformation 1,EY,9,Gressbanen,,51:57,4:36 min/km,2264,-,1490,2:28,3:56 min/km,1995,-,,3117.0
2025,6423,EY BIL Tech Strategy & Transformation 1,EY,10,Den lange,,1:02:49,4:26 min/km,2052,-,1370,10:52,3:48 min/km,1749,-,,3769.0
2025,6423,EY BIL Tech Strategy & Transformation 1,EY,11,Frognerparken,,1:09:47,4:27 min/km,2094,-,1396,6:59,4:36 min/km,2840,-,,4187.0
2025,6423,EY BIL Tech Strategy & Transformation 1,EY,12,Dumpa,,1:11:05,4:26 min/km,2051,-,1368,1:18,3:42 min/km,1520,-,,4265.0
2025,6423,EY BIL Tech Strategy & Transformation 1,EY,13,Trappa,,1:15:29,4:25 min/km,1918,-,1273,4:24,4:05 min/km,1344,-,,4529.0
2025,6423,EY BIL Tech Strategy & Transformation 1,EY,14,Sjarmøren,,1:18:54,4:26 min/km,1999,-,1321,3:25,4:49 min/km,3320,-,,4734.0
2025,6423,EY BIL Tech Strategy & Transformation 1,EY,15,Bislett Stadion,,1:22:37,4:30 min/km,2312,-,1534,3:44,6:48 min/km,4640,-,,4957.0
2025,6447,EY BIL FSO 3,EY,1,St. Hanshaugen,,4:54,4:28 min/km,2676,-,530,4:54,4:28 min/km,2676,-,,294.0
2025,6447,EY BIL FSO 3,EY,2,Norabakken,,9:04,4:11 min/km,1421,-,181,4:10,3:54 min/km,662,-,,544.0
2025,6447,EY BIL FSO 3,EY,3,Blåsen,,11:15,4:05 min/km,1190,-,131,2:12,3:41 min/km,1123,-,,675.0
2025,6447,EY BIL FSO 3,EY,4,Berg og dal,,21:42,4:38 min/km,2603,-,475,10:27,5:27 min/km,3963,-,,1302.0
2025,6447,EY BIL FSO 3,EY,5,Forskningsparken,,27:07,4:36 min/km,2478,-,440,5:25,4:28 min/km,2407,-,,1627.0
2025,6447,EY BIL FSO 3,EY,6,Lille Besserud,,32:53,4:37 min/km,2044,-,319,5:47,4:38 min/km,1225,-,,1973.0
2025,6447,EY BIL FSO 3,EY,7,Besserud,,42:03,4:43 min/km,2124,-,339,9:11,5:11 min/km,2663,-,,2523.0
2025,6447,EY BIL FSO 3,EY,8,Utforetappen,,48:21,4:32 min/km,1940,-,290,6:18,3:33 min/km,1523,-,,2901.0
2025,6447,EY BIL FSO 3,EY,9,Gressbanen,,50:47,4:30 min/km,1907,-,284,2:27,3:55 min/km,1935,-,,3047.0
2025,6447,EY BIL FSO 3,EY,10,Den lange,,1:02:53,4:27 min/km,2071,-,323,12:06,4:14 min/km,2988,-,,3773.0
2025,6447,EY BIL FSO 3,EY,11,Frognerparken,,1:11:06,4:32 min/km,2405,-,398,8:14,5:25 min/km,4153,-,,4266.0
2025,6447,EY BIL FSO 3,EY,12,Dumpa,,1:13:09,4:34 min/km,2540,-,437,2:04,5:52 min/km,4367,-,,4389.0
2025,6447,EY BIL FSO 3,EY,13,Trappa,,1:17:10,4:31 min/km,2315,-,367,4:01,3:43 min/km,597,-,,4630.0
2025,6447,EY BIL FSO 3,EY,14,Sjarmøren,,1:20:14,4:30 min/km,2295,-,371,3:05,4:20 min/km,2378,-,,4814.0
2025,6447,EY BIL FSO 3,EY,15,Bislett Stadion,,1:22:41,4:30 min/km,2327,-,382,2:27,4:27 min/km,3271,-,,4961.0
2025,6433,EY Drammen,Ernst & Young AS,1,St. Hanshaugen,,6:04,5:31 min/km,4329,-,2677,6:04,5:31 min/km,4329,-,,364.0
2025,6433,EY Drammen,Ernst & Young AS,2,Norabakken,,11:50,5:27 min/km,4193,-,2614,5:46,5:24 min/km,3741,-,,710.0
2025,6433,EY Drammen,Ernst & Young AS,3,Blåsen,,14:47,5:21 min/km,4182,-,2608,2:58,4:58 min/km,3711,-,,887.0
2025,6433,EY Drammen,Ernst & Young AS,4,Berg og dal,,23:22,5:00 min/km,3553,-,2255,8:35,4:29 min/km,2122,-,,1402.0
2025,6433,EY Drammen,Ernst & Young AS,5,Forskningsparken,,28:44,4:53 min/km,3340,-,2144,5:22,4:27 min/km,2324,-,,1724.0
2025,6433,EY Drammen,Ernst & Young AS,6,Lille Besserud,,35:40,5:00 min/km,3303,-,2124,6:57,5:34 min/km,3138,-,,2140.0
2025,6433,EY Drammen,Ernst & Young AS,7,Besserud,,44:11,4:58 min/km,2918,-,1882,8:32,4:49 min/km,1862,-,,2651.0
2025,6433,EY Drammen,Ernst & Young AS,8,Utforetappen,,51:15,4:48 min/km,2912,-,1879,7:05,3:59 min/km,2882,-,,3075.0
2025,6433,EY Drammen,Ernst & Young AS,9,Gressbanen,,53:23,4:43 min/km,2738,-,1782,2:08,3:24 min/km,747,-,,3203.0
2025,6433,EY Drammen,Ernst & Young AS,10,Den lange,,1:03:19,4:28 min/km,2198,-,1455,9:56,3:29 min/km,786,-,,3799.0
2025,6433,EY Drammen,Ernst & Young AS,11,Frognerparken,,1:10:50,4:31 min/km,2342,-,1555,7:32,4:57 min/km,3536,-,,4250.0
2025,6433,EY Drammen,Ernst & Young AS,12,Dumpa,,1:12:40,4:32 min/km,2408,-,1601,1:51,5:17 min/km,4044,-,,4360.0
2025,6433,EY Drammen,Ernst & Young AS,13,Trappa,,1:17:19,4:31 min/km,2345,-,1561,4:39,4:18 min/km,1876,-,,4639.0
2025,6433,EY Drammen,Ernst & Young AS,14,Sjarmøren,,1:20:34,4:31 min/km,2359,-,1565,3:15,4:35 min/km,2923,-,,4834.0
2025,6433,EY Drammen,Ernst & Young AS,15,Bislett Stadion,,1:22:59,4:31 min/km,2391,-,1586,2:25,4:24 min/km,3155,-,,4979.0
2025,6475,EY BIL FSO 4,EY,1,St. Hanshaugen,,5:18,4:49 min/km,3485,-,796,5:18,4:49 min/km,3485,-,,318.0
2025,6475,EY BIL FSO 4,EY,2,Norabakken,,11:29,5:18 min/km,4027,-,948,6:12,5:47 min/km,4191,-,,689.0
2025,6475,EY BIL FSO 4,EY,3,Blåsen,,13:36,4:55 min/km,3525,-,773,2:08,3:34 min/km,897,-,,816.0
2025,6475,EY BIL FSO 4,EY,4,Berg og dal,,22:32,4:49 min/km,3110,-,623,8:57,4:40 min/km,2576,-,,1352.0
2025,6475,EY BIL FSO 4,EY,5,Forskningsparken,,27:49,4:44 min/km,2874,-,546,5:17,4:22 min/km,2114,-,,1669.0
2025,6475,EY BIL FSO 4,EY,6,Lille Besserud,,34:20,4:49 min/km,2724,-,521,6:31,5:13 min/km,2505,-,,2060.0
2025,6475,EY BIL FSO 4,EY,7,Besserud,,44:24,4:59 min/km,2989,-,604,10:05,5:42 min/km,3521,-,,2664.0
2025,6475,EY BIL FSO 4,EY,8,Utforetappen,,50:19,4:43 min/km,2612,-,476,5:56,3:20 min/km,919,-,,3019.0
2025,6475,EY BIL FSO 4,EY,9,Gressbanen,,52:42,4:40 min/km,2526,-,454,2:23,3:49 min/km,1681,-,,3162.0
2025,6475,EY BIL FSO 4,EY,10,Den lange,,1:05:41,4:38 min/km,2809,-,523,13:00,4:33 min/km,3626,-,,3941.0
2025,6475,EY BIL FSO 4,EY,11,Frognerparken,,1:12:06,4:36 min/km,2668,-,483,6:25,4:13 min/km,1839,-,,4326.0
2025,6475,EY BIL FSO 4,EY,12,Dumpa,,1:13:08,4:34 min/km,2532,-,434,1:02,2:58 min/km,280,-,,4388.0
2025,6475,EY BIL FSO 4,EY,13,Trappa,,1:18:54,4:37 min/km,2712,-,497,5:47,5:21 min/km,3844,-,,4734.0
2025,6475,EY BIL FSO 4,EY,14,Sjarmøren,,1:21:11,4:33 min/km,2492,-,430,2:17,3:13 min/km,217,-,,4871.0
2025,6475,EY BIL FSO 4,EY,15,Bislett Stadion,,1:23:17,4:32 min/km,2441,-,411,2:06,3:49 min/km,2016,-,,4997.0
2025,6413,EY BIL AI & Data 2,EY,1,St. Hanshaugen,,4:58,4:31 min/km,2795,-,1798,4:58,4:31 min/km,2795,-,,298.0
2025,6413,EY BIL AI & Data 2,EY,2,Norabakken,,9:50,4:32 min/km,2398,-,1562,4:52,4:33 min/km,2111,-,,590.0
2025,6413,EY BIL AI & Data 2,EY,3,Blåsen,,12:06,4:23 min/km,2052,-,1364,2:17,3:49 min/km,1436,-,,726.0
2025,6413,EY BIL AI & Data 2,EY,4,Berg og dal,,20:36,4:24 min/km,1850,-,1232,8:31,4:26 min/km,2024,-,,1236.0
2025,6413,EY BIL AI & Data 2,EY,5,Forskningsparken,,27:35,4:41 min/km,2752,-,1797,7:00,5:47 min/km,4420,-,,1655.0
2025,6413,EY BIL AI & Data 2,EY,6,Lille Besserud,,35:13,4:56 min/km,3118,-,2010,7:38,6:06 min/km,3843,-,,2113.0
2025,6413,EY BIL AI & Data 2,EY,7,Besserud,,45:04,5:04 min/km,3203,-,2058,9:52,5:34 min/km,3329,-,,2704.0
2025,6413,EY BIL AI & Data 2,EY,8,Utforetappen,,52:30,4:55 min/km,3259,-,2095,7:26,4:11 min/km,3453,-,,3150.0
2025,6413,EY BIL AI & Data 2,EY,9,Gressbanen,,54:35,4:50 min/km,3080,-,1989,2:06,3:21 min/km,653,-,,3275.0
2025,6413,EY BIL AI & Data 2,EY,10,Den lange,,1:05:41,4:38 min/km,2808,-,1837,11:07,3:53 min/km,2025,-,,3941.0
2025,6413,EY BIL AI & Data 2,EY,11,Frognerparken,,1:12:54,4:39 min/km,2871,-,1868,7:14,4:46 min/km,3165,-,,4374.0
2025,6413,EY BIL AI & Data 2,EY,12,Dumpa,,1:14:22,4:38 min/km,2849,-,1852,1:28,4:10 min/km,2500,-,,4462.0
2025,6413,EY BIL AI & Data 2,EY,13,Trappa,,1:19:19,4:38 min/km,2805,-,1839,4:58,4:36 min/km,2585,-,,4759.0
2025,6413,EY BIL AI & Data 2,EY,14,Sjarmøren,,1:22:07,4:37 min/km,2715,-,1789,2:48,3:57 min/km,1473,-,,4927.0
2025,6413,EY BIL AI & Data 2,EY,15,Bislett Stadion,,1:23:54,4:34 min/km,2594,-,1711,1:47,3:14 min/km,731,-,,5034.0
2025,6455,EY BIL Skye,EY,1,St. Hanshaugen,Pernille Sletten Leivseth,4:32,4:07 min/km,1829,-,298,4:32,4:07 min/km,1829,-,,272.0
2025,6455,EY BIL Skye,EY,2,Norabakken,Henrik Heltne Alfsvåg,9:04,4:11 min/km,1418,-,180,4:33,4:15 min/km,1368,-,,544.0
2025,6455,EY BIL Skye,EY,3,Blåsen,Henriette Bredesen,12:09,4:24 min/km,2111,-,346,3:06,5:12 min/km,3973,-,,729.0
2025,6455,EY BIL Skye,EY,4,Berg og dal,Abhishek Tyagi,23:22,5:00 min/km,3552,-,776,11:13,5:51 min/km,4324,-,,1402.0
2025,6455,EY BIL Skye,EY,5,Forskningsparken,Even Wæraas,28:59,4:55 min/km,3460,-,730,5:38,4:40 min/km,2835,-,,1739.0
2025,6455,EY BIL Skye,EY,6,Lille Besserud,Ivar Skorpen Johnsen,35:43,5:00 min/km,3327,-,692,6:45,5:24 min/km,2856,-,,2143.0
2025,6455,EY BIL Skye,EY,7,Besserud,Magnus Lodding,43:32,4:53 min/km,2683,-,501,7:49,4:25 min/km,1004,-,,2612.0
2025,6455,EY BIL Skye,EY,8,Utforetappen,Henrik M Backer,49:37,4:39 min/km,2366,-,406,6:05,3:26 min/km,1179,-,,2977.0
2025,6455,EY BIL Skye,EY,9,Gressbanen,Karoline K Wråli,52:13,4:37 min/km,2360,-,403,2:36,4:09 min/km,2541,-,,3133.0
2025,6455,EY BIL Skye,EY,10,Den lange,Marianne W. Firing,1:06:44,4:43 min/km,3072,-,605,14:32,5:05 min/km,4350,-,,4004.0
2025,6455,EY BIL Skye,EY,11,Frognerparken,Kjetil Nordli,1:13:03,4:40 min/km,2903,-,558,6:19,4:10 min/km,1661,-,,4383.0
2025,6455,EY BIL Skye,EY,12,Dumpa,Kristine Støten,1:14:20,4:38 min/km,2837,-,539,1:18,3:42 min/km,1506,-,,4460.0
2025,6455,EY BIL Skye,EY,13,Trappa,Dan Rino Lauritzen,1:18:26,4:35 min/km,2604,-,462,4:07,3:48 min/km,759,-,,4706.0
2025,6455,EY BIL Skye,EY,14,Sjarmøren,Nina Bjærum,1:21:55,4:36 min/km,2672,-,479,3:29,4:55 min/km,3467,-,,4915.0
2025,6455,EY BIL Skye,EY,15,Bislett Stadion,Maria Bakken,1:24:08,4:35 min/km,2651,-,470,2:14,4:02 min/km,2485,-,,5048.0
2025,6446,EY BIL Tech Strategy & Transformation 2,EY,1,St. Hanshaugen,,5:45,5:13 min/km,4063,-,986,5:45,5:13 min/km,4063,-,,345.0
2025,6446,EY BIL Tech Strategy & Transformation 2,EY,2,Norabakken,,10:48,4:59 min/km,3497,-,775,5:04,4:44 min/km,2510,-,,648.0
2025,6446,EY BIL Tech Strategy & Transformation 2,EY,3,Blåsen,,13:24,4:51 min/km,3352,-,722,2:37,4:23 min/km,2680,-,,804.0
2025,6446,EY BIL Tech Strategy & Transformation 2,EY,4,Berg og dal,,22:41,4:51 min/km,3202,-,658,9:17,4:50 min/km,2979,-,,1361.0
2025,6446,EY BIL Tech Strategy & Transformation 2,EY,5,Forskningsparken,,27:50,4:44 min/km,2880,-,548,5:09,4:16 min/km,1814,-,,1670.0
2025,6446,EY BIL Tech Strategy & Transformation 2,EY,6,Lille Besserud,,35:16,4:57 min/km,3143,-,637,7:27,5:58 min/km,3699,-,,2116.0
2025,6446,EY BIL Tech Strategy & Transformation 2,EY,7,Besserud,,44:23,4:59 min/km,2985,-,602,9:07,5:09 min/km,2591,-,,2663.0
2025,6446,EY BIL Tech Strategy & Transformation 2,EY,8,Utforetappen,,53:27,5:00 min/km,3524,-,766,9:04,5:06 min/km,4505,-,,3207.0
2025,6446,EY BIL Tech Strategy & Transformation 2,EY,9,Gressbanen,,56:42,5:01 min/km,3604,-,803,3:16,5:13 min/km,4196,-,,3402.0
2025,6446,EY BIL Tech Strategy & Transformation 2,EY,10,Den lange,,1:08:55,4:52 min/km,3544,-,769,12:13,4:17 min/km,3090,-,,4135.0
2025,6446,EY BIL Tech Strategy & Transformation 2,EY,11,Frognerparken,,1:15:04,4:47 min/km,3339,-,696,6:10,4:04 min/km,1386,-,,4504.0
2025,6446,EY BIL Tech Strategy & Transformation 2,EY,12,Dumpa,,1:16:36,4:47 min/km,3320,-,686,1:32,4:23 min/km,2941,-,,4596.0
2025,6446,EY BIL Tech Strategy & Transformation 2,EY,13,Trappa,,1:20:29,4:42 min/km,3043,-,591,3:53,3:36 min/km,430,-,,4829.0
2025,6446,EY BIL Tech Strategy & Transformation 2,EY,14,Sjarmøren,,1:22:54,4:39 min/km,2871,-,539,2:25,3:24 min/km,442,-,,4974.0
2025,6446,EY BIL Tech Strategy & Transformation 2,EY,15,Bislett Stadion,,1:25:03,4:38 min/km,2829,-,521,2:09,3:55 min/km,2210,-,,5103.0
2025,6450,EY BIL FA + Ccass Lag 3,EY,1,St. Hanshaugen,,4:37,4:12 min/km,2050,-,1347,4:37,4:12 min/km,2050,-,,277.0
2025,6450,EY BIL FA + Ccass Lag 3,EY,2,Norabakken,,10:23,4:48 min/km,3059,-,1964,5:47,5:24 min/km,3753,-,,623.0
2025,6450,EY BIL FA + Ccass Lag 3,EY,3,Blåsen,,12:28,4:31 min/km,2432,-,1589,2:05,3:29 min/km,771,-,,748.0
2025,6450,EY BIL FA + Ccass Lag 3,EY,4,Berg og dal,,20:25,4:22 min/km,1738,-,1168,7:58,4:09 min/km,1275,-,,1225.0
2025,6450,EY BIL FA + Ccass Lag 3,EY,5,Forskningsparken,,26:06,4:26 min/km,1917,-,1280,5:42,4:42 min/km,2962,-,,1566.0
2025,6450,EY BIL FA + Ccass Lag 3,EY,6,Lille Besserud,,32:28,4:33 min/km,1862,-,1250,6:23,5:06 min/km,2258,-,,1948.0
2025,6450,EY BIL FA + Ccass Lag 3,EY,7,Besserud,,41:58,4:43 min/km,2092,-,1383,9:31,5:23 min/km,3012,-,,2518.0
2025,6450,EY BIL FA + Ccass Lag 3,EY,8,Utforetappen,,49:32,4:38 min/km,2335,-,1531,7:34,4:16 min/km,3619,-,,2972.0
2025,6450,EY BIL FA + Ccass Lag 3,EY,9,Gressbanen,,52:03,4:36 min/km,2295,-,1510,2:31,4:01 min/km,2216,-,,3123.0
2025,6450,EY BIL FA + Ccass Lag 3,EY,10,Den lange,,1:03:23,4:29 min/km,2221,-,1471,11:21,3:58 min/km,2272,-,,3803.0
2025,6450,EY BIL FA + Ccass Lag 3,EY,11,Frognerparken,,1:11:30,4:34 min/km,2496,-,1654,8:08,5:21 min/km,4073,-,,4290.0
2025,6450,EY BIL FA + Ccass Lag 3,EY,12,Dumpa,,1:13:04,4:34 min/km,2518,-,1669,1:34,4:28 min/km,3070,-,,4384.0
2025,6450,EY BIL FA + Ccass Lag 3,EY,13,Trappa,,1:19:01,4:37 min/km,2732,-,1790,5:57,5:31 min/km,4009,-,,4741.0
2025,6450,EY BIL FA + Ccass Lag 3,EY,14,Sjarmøren,,1:21:35,4:35 min/km,2590,-,1708,2:34,3:37 min/km,795,-,,4895.0
2025,6450,EY BIL FA + Ccass Lag 3,EY,15,Bislett Stadion,,1:25:13,4:38 min/km,2863,-,1878,3:38,6:37 min/km,4616,-,,5113.0
2025,6445,EY BIL FA + Ccass Lag 2,EY,1,St. Hanshaugen,,4:35,4:10 min/km,1970,-,1295,4:35,4:10 min/km,1970,-,,275.0
2025,6445,EY BIL FA + Ccass Lag 2,EY,2,Norabakken,,8:52,4:05 min/km,1176,-,824,4:17,4:00 min/km,847,-,,532.0
2025,6445,EY BIL FA + Ccass Lag 2,EY,3,Blåsen,,10:50,3:56 min/km,824,-,592,1:59,3:19 min/km,506,-,,650.0
2025,6445,EY BIL FA + Ccass Lag 2,EY,4,Berg og dal,,21:15,4:33 min/km,2280,-,1500,10:26,5:26 min/km,3949,-,,1275.0
2025,6445,EY BIL FA + Ccass Lag 2,EY,5,Forskningsparken,,28:05,4:46 min/km,3015,-,1952,6:50,5:39 min/km,4310,-,,1685.0
2025,6445,EY BIL FA + Ccass Lag 2,EY,6,Lille Besserud,,34:35,4:51 min/km,2843,-,1839,6:31,5:13 min/km,2480,-,,2075.0
2025,6445,EY BIL FA + Ccass Lag 2,EY,7,Besserud,,44:10,4:58 min/km,2912,-,1880,9:35,5:25 min/km,3083,-,,2650.0
2025,6445,EY BIL FA + Ccass Lag 2,EY,8,Utforetappen,,51:33,4:50 min/km,3008,-,1939,7:24,4:10 min/km,3398,-,,3093.0
2025,6445,EY BIL FA + Ccass Lag 2,EY,9,Gressbanen,,54:08,4:47 min/km,2960,-,1912,2:35,4:08 min/km,2501,-,,3248.0
2025,6445,EY BIL FA + Ccass Lag 2,EY,10,Den lange,,1:06:26,4:42 min/km,2996,-,1956,12:19,4:19 min/km,3164,-,,3986.0
2025,6445,EY BIL FA + Ccass Lag 2,EY,11,Frognerparken,,1:13:33,4:42 min/km,3025,-,1966,7:08,4:42 min/km,3030,-,,4413.0
2025,6445,EY BIL FA + Ccass Lag 2,EY,12,Dumpa,,1:14:56,4:41 min/km,2974,-,1931,1:23,3:57 min/km,2049,-,,4496.0
2025,6445,EY BIL FA + Ccass Lag 2,EY,13,Trappa,,1:20:07,4:41 min/km,2975,-,1939,5:11,4:48 min/km,2993,-,,4807.0
2025,6445,EY BIL FA + Ccass Lag 2,EY,14,Sjarmøren,,1:23:44,4:42 min/km,3046,-,1978,3:38,5:07 min/km,3770,-,,5024.0
2025,6445,EY BIL FA + Ccass Lag 2,EY,15,Bislett Stadion,,1:25:39,4:40 min/km,2949,-,1928,1:56,3:30 min/km,1306,-,,5139.0
2025,6480,EY BIL FAAS/Ccass/TR 5,EY,1,St. Hanshaugen,,4:39,4:14 min/km,2120,-,1393,4:39,4:14 min/km,2120,-,,279.0
2025,6480,EY BIL FAAS/Ccass/TR 5,EY,2,Norabakken,,9:23,4:20 min/km,1825,-,1232,4:45,4:26 min/km,1813,-,,563.0
2025,6480,EY BIL FAAS/Ccass/TR 5,EY,3,Blåsen,,11:22,4:07 min/km,1306,-,905,1:59,3:20 min/km,526,-,,682.0
2025,6480,EY BIL FAAS/Ccass/TR 5,EY,4,Berg og dal,,20:35,4:24 min/km,1841,-,1225,9:13,4:48 min/km,2910,-,,1235.0
2025,6480,EY BIL FAAS/Ccass/TR 5,EY,5,Forskningsparken,,26:19,4:28 min/km,2025,-,1347,5:45,4:45 min/km,3068,-,,1579.0
2025,6480,EY BIL FAAS/Ccass/TR 5,EY,6,Lille Besserud,,34:07,4:47 min/km,2624,-,1706,7:48,6:14 min/km,3974,-,,2047.0
2025,6480,EY BIL FAAS/Ccass/TR 5,EY,7,Besserud,,46:26,5:13 min/km,3596,-,2291,12:20,6:58 min/km,4481,-,,2786.0
2025,6480,EY BIL FAAS/Ccass/TR 5,EY,8,Utforetappen,,53:05,4:58 min/km,3420,-,2192,6:40,3:45 min/km,2161,-,,3185.0
2025,6480,EY BIL FAAS/Ccass/TR 5,EY,9,Gressbanen,,55:17,4:54 min/km,3268,-,2104,2:13,3:32 min/km,1020,-,,3317.0
2025,6480,EY BIL FAAS/Ccass/TR 5,EY,10,Den lange,,1:06:53,4:43 min/km,3119,-,2025,11:36,4:04 min/km,2515,-,,4013.0
2025,6480,EY BIL FAAS/Ccass/TR 5,EY,11,Frognerparken,,1:13:35,4:42 min/km,3035,-,1972,6:43,4:25 min/km,2384,-,,4415.0
2025,6480,EY BIL FAAS/Ccass/TR 5,EY,12,Dumpa,,1:14:43,4:40 min/km,2931,-,1903,1:08,3:14 min/km,646,-,,4483.0
2025,6480,EY BIL FAAS/Ccass/TR 5,EY,13,Trappa,,1:21:12,4:45 min/km,3187,-,2058,6:30,6:01 min/km,4367,-,,4872.0
2025,6480,EY BIL FAAS/Ccass/TR 5,EY,14,Sjarmøren,,1:24:08,4:43 min/km,3121,-,2018,2:56,4:07 min/km,1885,-,,5048.0
2025,6480,EY BIL FAAS/Ccass/TR 5,EY,15,Bislett Stadion,,1:26:29,4:43 min/km,3101,-,2007,2:22,4:18 min/km,2982,-,,5189.0
2025,6470,EY BIL Talent,EY,1,St. Hanshaugen,,5:11,4:43 min/km,3275,-,724,5:11,4:43 min/km,3275,-,,311.0
2025,6470,EY BIL Talent,EY,2,Norabakken,,10:53,5:01 min/km,3566,-,798,5:42,5:20 min/km,3643,-,,653.0
2025,6470,EY BIL Talent,EY,3,Blåsen,,13:37,4:56 min/km,3536,-,777,2:45,4:36 min/km,3165,-,,817.0
2025,6470,EY BIL Talent,EY,4,Berg og dal,,22:05,4:43 min/km,2851,-,556,8:29,4:25 min/km,1987,-,,1325.0
2025,6470,EY BIL Talent,EY,5,Forskningsparken,,27:34,4:41 min/km,2738,-,503,5:29,4:32 min/km,2550,-,,1654.0
2025,6470,EY BIL Talent,EY,6,Lille Besserud,,34:55,4:54 min/km,2992,-,592,7:22,5:54 min/km,3611,-,,2095.0
2025,6470,EY BIL Talent,EY,7,Besserud,,44:24,4:59 min/km,2988,-,603,9:29,5:22 min/km,2972,-,,2664.0
2025,6470,EY BIL Talent,EY,8,Utforetappen,,52:33,4:55 min/km,3278,-,678,8:10,4:35 min/km,4119,-,,3153.0
2025,6470,EY BIL Talent,EY,9,Gressbanen,,55:00,4:52 min/km,3186,-,646,2:27,3:55 min/km,1946,-,,3300.0
2025,6470,EY BIL Talent,EY,10,Den lange,,1:06:15,4:41 min/km,2953,-,569,11:16,3:57 min/km,2189,-,,3975.0
2025,6470,EY BIL Talent,EY,11,Frognerparken,,1:13:37,4:42 min/km,3042,-,597,7:23,4:52 min/km,3379,-,,4417.0
2025,6470,EY BIL Talent,EY,12,Dumpa,,1:15:19,4:42 min/km,3068,-,605,1:42,4:50 min/km,3581,-,,4519.0
2025,6470,EY BIL Talent,EY,13,Trappa,,1:22:03,4:48 min/km,3337,-,695,6:45,6:15 min/km,4452,-,,4923.0
2025,6470,EY BIL Talent,EY,14,Sjarmøren,,1:25:34,4:48 min/km,3368,-,699,3:31,4:57 min/km,3521,-,,5134.0
2025,6470,EY BIL Talent,EY,15,Bislett Stadion,,1:28:04,4:48 min/km,3394,-,704,2:31,4:34 min/km,3435,-,,5284.0
2025,6463,EY BIL Cyber 2,EY,1,St. Hanshaugen,,3:36,3:16 min/km,211,-,143,3:36,3:16 min/km,211,-,,216.0
2025,6463,EY BIL Cyber 2,EY,2,Norabakken,,7:44,3:34 min/km,269,-,194,4:09,3:53 min/km,635,-,,464.0
2025,6463,EY BIL Cyber 2,EY,3,Blåsen,,10:51,3:56 min/km,835,-,598,3:07,5:15 min/km,4023,-,,651.0
2025,6463,EY BIL Cyber 2,EY,4,Berg og dal,,21:17,4:33 min/km,2298,-,1514,10:26,5:26 min/km,3954,-,,1277.0
2025,6463,EY BIL Cyber 2,EY,5,Forskningsparken,,27:44,4:43 min/km,2836,-,1844,6:28,5:21 min/km,4038,-,,1664.0
2025,6463,EY BIL Cyber 2,EY,6,Lille Besserud,,35:58,5:03 min/km,3425,-,2196,8:15,6:36 min/km,4237,-,,2158.0
2025,6463,EY BIL Cyber 2,EY,7,Besserud,,48:22,5:26 min/km,4037,-,2538,12:24,7:00 min/km,4495,-,,2902.0
2025,6463,EY BIL Cyber 2,EY,8,Utforetappen,,55:03,5:09 min/km,3881,-,2450,6:42,3:46 min/km,2221,-,,3303.0
2025,6463,EY BIL Cyber 2,EY,9,Gressbanen,,57:44,5:06 min/km,3844,-,2429,2:42,4:18 min/km,2934,-,,3464.0
2025,6463,EY BIL Cyber 2,EY,10,Den lange,,1:11:00,5:01 min/km,3944,-,2493,13:17,4:39 min/km,3816,-,,4260.0
2025,6463,EY BIL Cyber 2,EY,11,Frognerparken,,1:17:16,4:56 min/km,3751,-,2387,6:16,4:08 min/km,1566,-,,4636.0
2025,6463,EY BIL Cyber 2,EY,12,Dumpa,,1:18:38,4:54 min/km,3706,-,2365,1:23,3:55 min/km,1976,-,,4718.0
2025,6463,EY BIL Cyber 2,EY,13,Trappa,,1:23:20,4:52 min/km,3572,-,2283,4:42,4:21 min/km,1994,-,,5000.0
2025,6463,EY BIL Cyber 2,EY,14,Sjarmøren,,1:27:38,4:55 min/km,3712,-,2367,4:19,6:05 min/km,4473,-,,5258.0
2025,6463,EY BIL Cyber 2,EY,15,Bislett Stadion,,1:29:47,4:53 min/km,3656,-,2340,2:09,3:54 min/km,2197,-,,5387.0
2025,6453,EY BIL Forensics,EY,1,St. Hanshaugen,,6:11,5:37 min/km,4405,-,2719,6:11,5:37 min/km,4405,-,,371.0
2025,6453,EY BIL Forensics,EY,2,Norabakken,,12:42,5:51 min/km,4493,-,2774,6:31,6:05 min/km,4381,-,,762.0
2025,6453,EY BIL Forensics,EY,3,Blåsen,,17:25,6:18 min/km,4678,-,2880,4:44,7:56 min/km,4726,-,,1045.0
2025,6453,EY BIL Forensics,EY,4,Berg og dal,,28:24,6:04 min/km,4656,-,2868,11:00,5:44 min/km,4239,-,,1704.0
2025,6453,EY BIL Forensics,EY,5,Forskningsparken,,33:25,5:41 min/km,4527,-,2809,5:02,4:09 min/km,1543,-,,2005.0
2025,6453,EY BIL Forensics,EY,6,Lille Besserud,,39:15,5:30 min/km,4282,-,2670,5:50,4:40 min/km,1301,-,,2355.0
2025,6453,EY BIL Forensics,EY,7,Besserud,,47:43,5:22 min/km,3919,-,2468,8:29,4:48 min/km,1803,-,,2863.0
2025,6453,EY BIL Forensics,EY,8,Utforetappen,,54:45,5:08 min/km,3825,-,2411,7:03,3:58 min/km,2836,-,,3285.0
2025,6453,EY BIL Forensics,EY,9,Gressbanen,,57:19,5:04 min/km,3759,-,2374,2:34,4:06 min/km,2430,-,,3439.0
2025,6453,EY BIL Forensics,EY,10,Den lange,,1:10:43,5:00 min/km,3888,-,2461,13:25,4:42 min/km,3894,-,,4243.0
2025,6453,EY BIL Forensics,EY,11,Frognerparken,,1:19:01,5:02 min/km,3988,-,2515,8:18,5:28 min/km,4207,-,,4741.0
2025,6453,EY BIL Forensics,EY,12,Dumpa,,1:20:02,5:00 min/km,3914,-,2479,1:02,2:57 min/km,271,-,,4802.0
2025,6453,EY BIL Forensics,EY,13,Trappa,,1:25:50,5:01 min/km,3942,-,2496,5:49,5:23 min/km,3876,-,,5150.0
2025,6453,EY BIL Forensics,EY,14,Sjarmøren,,1:29:20,5:01 min/km,3943,-,2494,3:30,4:55 min/km,3485,-,,5360.0
2025,6453,EY BIL Forensics,EY,15,Bislett Stadion,,1:31:54,5:00 min/km,3948,-,2500,2:35,4:41 min/km,3593,-,,5514.0
2026,3201,EY Herrer,EY,1,St. Hanshaugen,Olav Seim,3:04,2:47 min/km,5,5,3,3:04,2:47 min/km,5,5,,184.0
2026,3201,EY Herrer,EY,2,Norabakken,Kristoffer Karsrud,6:15,2:53 min/km,1,1,1,3:12,2:59 min/km,3,3,,375.0
2026,3201,EY Herrer,EY,3,Blåsen,Per Kyllingstad,7:47,2:49 min/km,1,1,1,1:32,2:35 min/km,3,3,,467.0
2026,3201,EY Herrer,EY,4,Berg og dal,Arve Listaul,13:22,2:52 min/km,1,1,1,5:35,2:55 min/km,2,2,,802.0
2026,3201,EY Herrer,EY,5,Forskningsparken,Eirik Offenberg,16:48,2:51 min/km,1,1,1,3:26,2:50 min/km,2,2,,1008.0
2026,3201,EY Herrer,EY,6,Lille Besserud,Espen Hegstad Krüger,20:56,2:56 min/km,1,1,1,4:09,3:19 min/km,3,3,,1256.0
2026,3201,EY Herrer,EY,7,Besserud,Mathias Hove Zimmer,27:13,3:04 min/km,1,1,1,6:18,3:34 min/km,28,28,,1633.0
2026,3201,EY Herrer,EY,8,Utforetappen,Magnus Johansen Pierce,31:32,2:57 min/km,1,1,1,4:19,2:26 min/km,1,1,,1892.0
2026,3201,EY Herrer,EY,9,Gressbanen,Eirik Anderssen,32:55,2:55 min/km,1,1,1,1:24,2:13 min/km,1,1,,1975.0
2026,3201,EY Herrer,EY,10,Den lange,Oskar Spets Storhov,40:42,2:53 min/km,1,1,1,7:48,2:44 min/km,6,6,,2442.0
2026,3201,EY Herrer,EY,11,Frognerparken,Fredrik Vangdal,45:07,2:53 min/km,1,1,1,4:25,2:54 min/km,13,13,,2707.0
2026,3201,EY Herrer,EY,12,Dumpa,Niklas Hovland,45:55,2:52 min/km,1,1,1,49,2:19 min/km,2,2,,2755.0
2026,3201,EY Herrer,EY,13,Trappa,Sondre Rishøi,48:51,2:52 min/km,1,1,1,2:56,2:43 min/km,2,2,,2931.0
2026,3201,EY Herrer,EY,14,Sjarmøren,Anders Huse,50:37,2:51 min/km,1,1,1,1:47,2:31 min/km,1,1,,3037.0
2026,3201,EY Herrer,EY,15,Bislett Stadion,Arild Sandal,51:58,2:50 min/km,1,1,1,1:21,2:32 min/km,10,10,,3118.0
2026,6001,EY BIL FSO 1,EY,1,St. Hanshaugen,Aleksander Skugstad,3:21,3:03 min/km,89,89,45,3:21,3:03 min/km,89,89,,201.0
2026,6001,EY BIL FSO 1,EY,2,Norabakken,Kristoffer Karsrud,6:36,3:03 min/km,25,25,9,3:16,3:03 min/km,10,10,,396.0
2026,6001,EY BIL FSO 1,EY,3,Blåsen,Hanne Foss,8:28,3:04 min/km,35,35,14,1:52,3:08 min/km,186,186,,508.0
2026,6001,EY BIL FSO 1,EY,4,Berg og dal,Espen Hegstad Krüger,14:30,3:06 min/km,23,23,10,6:03,3:09 min/km,28,28,,870.0
2026,6001,EY BIL FSO 1,EY,5,Forskningsparken,Henrik Tjomsland,18:18,3:07 min/km,26,26,11,3:48,3:09 min/km,67,67,,1098.0
2026,6001,EY BIL FSO 1,EY,6,Lille Besserud,Magne Ledsaak,22:36,3:10 min/km,22,22,10,4:18,3:27 min/km,16,16,,1356.0
2026,6001,EY BIL FSO 1,EY,7,Besserud,Oskar Spets Storhov,29:03,3:16 min/km,26,26,12,6:28,3:40 min/km,62,62,,1743.0
2026,6001,EY BIL FSO 1,EY,8,Utforetappen,Halvor Eidissen,34:05,3:12 min/km,29,29,13,5:02,2:50 min/km,104,104,,2045.0
2026,6001,EY BIL FSO 1,EY,9,Gressbanen,Sara S Kurås,36:02,3:11 min/km,32,32,13,1:57,3:08 min/km,320,321,,2162.0
2026,6001,EY BIL FSO 1,EY,10,Den lange,Fredrik Vangdal,44:48,3:10 min/km,37,37,13,8:47,3:04 min/km,151,151,,2688.0
2026,6001,EY BIL FSO 1,EY,11,Frognerparken,Victoria Hæstad Bjørnstad,49:42,3:10 min/km,39,39,15,4:54,3:14 min/km,99,99,,2982.0
2026,6001,EY BIL FSO 1,EY,12,Dumpa,Christoffer Netskar,50:34,3:09 min/km,37,37,14,53,2:29 min/km,16,16,,3034.0
2026,6001,EY BIL FSO 1,EY,13,Trappa,Øystein Himle,54:04,3:10 min/km,38,38,15,3:31,3:15 min/km,103,103,,3244.0
2026,6001,EY BIL FSO 1,EY,14,Sjarmøren,Stian Haugen,56:11,3:09 min/km,39,39,16,2:08,3:00 min/km,101,101,,3371.0
2026,6001,EY BIL FSO 1,EY,15,Bislett Stadion,Jonas Skjærpe,57:50,3:09 min/km,41,41,17,1:39,3:05 min/km,323,323,,3470.0
2026,3650,EY BIL EY-Parthenon 1,Ernst & Young AS,1,St. Hanshaugen,Aksel Skaar,3:19,3:01 min/km,73,73,34,3:19,3:01 min/km,73,73,,199.0
2026,3650,EY BIL EY-Parthenon 1,Ernst & Young AS,2,Norabakken,Ivar Fjelde Heimstad,6:52,3:10 min/km,50,50,24,3:33,3:19 min/km,86,86,,412.0
2026,3650,EY BIL EY-Parthenon 1,Ernst & Young AS,3,Blåsen,Åsne Bakke,8:57,3:14 min/km,85,85,38,2:05,3:30 min/km,523,523,,537.0
2026,3650,EY BIL EY-Parthenon 1,Ernst & Young AS,4,Berg og dal,Per Christian Enge,15:47,3:23 min/km,99,99,51,6:51,3:34 min/km,246,246,,947.0
2026,3650,EY BIL EY-Parthenon 1,Ernst & Young AS,5,Forskningsparken,Erlend Skinnemoen,19:34,3:20 min/km,80,80,37,3:47,3:08 min/km,52,52,,1174.0
2026,3650,EY BIL EY-Parthenon 1,Ernst & Young AS,6,Lille Besserud,Bjørnar K Mælum,24:28,3:26 min/km,82,82,39,4:55,3:56 min/km,205,205,,1468.0
2026,3650,EY BIL EY-Parthenon 1,Ernst & Young AS,7,Besserud,Magnus Brath Skurdal,31:03,3:29 min/km,71,71,32,6:35,3:44 min/km,93,93,,1863.0
2026,3650,EY BIL EY-Parthenon 1,Ernst & Young AS,8,Utforetappen,Stian Dokken Skarsbø,36:23,3:25 min/km,81,81,39,5:20,3:00 min/km,237,237,,2183.0
2026,3650,EY BIL EY-Parthenon 1,Ernst & Young AS,9,Gressbanen,Kristoffer R Kleiven,38:08,3:23 min/km,76,76,35,1:46,2:49 min/km,88,88,,2288.0
2026,3650,EY BIL EY-Parthenon 1,Ernst & Young AS,10,Den lange,Joachim E Muri,47:26,3:21 min/km,88,88,44,9:19,3:16 min/km,351,351,,2846.0
2026,3650,EY BIL EY-Parthenon 1,Ernst & Young AS,11,Frognerparken,Axel Bang,52:26,3:21 min/km,86,86,43,5:00,3:18 min/km,140,141,,3146.0
2026,3650,EY BIL EY-Parthenon 1,Ernst & Young AS,12,Dumpa,Amalie M Mathisen,53:28,3:20 min/km,83,83,40,1:02,2:56 min/km,233,233,,3208.0
2026,3650,EY BIL EY-Parthenon 1,Ernst & Young AS,13,Trappa,Lars-Martin Fossgard,57:04,3:20 min/km,79,79,36,3:37,3:21 min/km,157,157,,3424.0
2026,3650,EY BIL EY-Parthenon 1,Ernst & Young AS,14,Sjarmøren,Tobias Rødseth,59:05,3:19 min/km,78,78,35,2:01,2:51 min/km,46,46,,3545.0
2026,3650,EY BIL EY-Parthenon 1,Ernst & Young AS,15,Bislett Stadion,Vegard Engseth Baardson,1:00:26,3:18 min/km,76,76,35,1:21,2:31 min/km,7,7,,3626.0
2026,6004,EY BIL AI & Data 1,EY,1,St. Hanshaugen,Max Hartvig-Larsen,3:51,3:30 min/km,622,622,427,3:51,3:30 min/km,622,622,,231.0
2026,6004,EY BIL AI & Data 1,EY,2,Norabakken,Sondre Liestøl,7:56,3:40 min/km,445,445,314,4:06,3:50 min/km,563,563,,476.0
2026,6004,EY BIL AI & Data 1,EY,3,Blåsen,Ida K Honnemyr,9:51,3:34 min/km,317,317,223,1:56,3:14 min/km,265,265,,591.0
2026,6004,EY BIL AI & Data 1,EY,4,Berg og dal,Erik M Harto,16:13,3:28 min/km,150,150,92,6:23,3:19 min/km,73,73,,973.0
2026,6004,EY BIL AI & Data 1,EY,5,Forskningsparken,Eivind Fålun,20:32,3:29 min/km,153,153,92,4:19,3:34 min/km,373,373,,1232.0
2026,6004,EY BIL AI & Data 1,EY,6,Lille Besserud,Snorre Gylterud,25:59,3:39 min/km,190,190,118,5:27,4:22 min/km,700,700,,1559.0
2026,6004,EY BIL AI & Data 1,EY,7,Besserud,Sondre L Vigerust,33:11,3:44 min/km,186,186,114,7:13,4:05 min/km,343,343,,1991.0
2026,6004,EY BIL AI & Data 1,EY,8,Utforetappen,Erik Sundstrøm,38:32,3:37 min/km,178,178,107,5:21,3:01 min/km,242,242,,2312.0
2026,6004,EY BIL AI & Data 1,EY,9,Gressbanen,Brage Ringheim,40:28,3:35 min/km,172,172,102,1:56,3:06 min/km,291,292,,2428.0
2026,6004,EY BIL AI & Data 1,EY,10,Den lange,Olav Seim,49:39,3:31 min/km,167,167,101,9:12,3:13 min/km,291,291,,2979.0
2026,6004,EY BIL AI & Data 1,EY,11,Frognerparken,Anders Huse,54:25,3:28 min/km,141,141,83,4:46,3:08 min/km,64,64,,3265.0
2026,6004,EY BIL AI & Data 1,EY,12,Dumpa,Nicolai Lyså,55:22,3:27 min/km,134,134,77,58,2:45 min/km,110,110,,3322.0
2026,6004,EY BIL AI & Data 1,EY,13,Trappa,Magnus Myklegard,58:59,3:27 min/km,128,128,73,3:38,3:22 min/km,160,160,,3539.0
2026,6004,EY BIL AI & Data 1,EY,14,Sjarmøren,Håkon Ringdal,1:01:15,3:26 min/km,129,129,74,2:16,3:12 min/km,233,233,,3675.0
2026,6004,EY BIL AI & Data 1,EY,15,Bislett Stadion,Sverre Rynning-Tønnesen,1:02:41,3:25 min/km,124,124,70,1:26,2:41 min/km,42,42,,3761.0
2026,6006,EY BIL Assurance Advisory 1,EY,1,St. Hanshaugen,,3:34,3:14 min/km,260,260,176,3:34,3:14 min/km,260,260,,214.0
2026,6006,EY BIL Assurance Advisory 1,EY,2,Norabakken,,7:33,3:29 min/km,240,240,166,3:59,3:44 min/km,429,429,,453.0
2026,6006,EY BIL Assurance Advisory 1,EY,3,Blåsen,,9:33,3:28 min/km,217,217,151,2:01,3:23 min/km,395,395,,573.0
2026,6006,EY BIL Assurance Advisory 1,EY,4,Berg og dal,,16:11,3:28 min/km,146,146,89,6:39,3:28 min/km,166,166,,971.0
2026,6006,EY BIL Assurance Advisory 1,EY,5,Forskningsparken,,20:05,3:25 min/km,123,123,68,3:55,3:14 min/km,107,107,,1205.0
2026,6006,EY BIL Assurance Advisory 1,EY,6,Lille Besserud,,25:06,3:31 min/km,116,116,65,5:02,4:02 min/km,286,286,,1506.0
2026,6006,EY BIL Assurance Advisory 1,EY,7,Besserud,,32:24,3:38 min/km,130,130,75,7:18,4:08 min/km,407,407,,1944.0
2026,6006,EY BIL Assurance Advisory 1,EY,8,Utforetappen,,38:08,3:34 min/km,149,149,86,5:45,3:14 min/km,549,550,,2288.0
2026,6006,EY BIL Assurance Advisory 1,EY,9,Gressbanen,,40:26,3:35 min/km,171,171,101,2:19,3:42 min/km,1071,1073,,2426.0
2026,6006,EY BIL Assurance Advisory 1,EY,10,Den lange,,49:44,3:31 min/km,173,173,105,9:18,3:15 min/km,341,341,,2984.0
2026,6006,EY BIL Assurance Advisory 1,EY,11,Frognerparken,,54:52,3:30 min/km,164,164,99,5:09,3:24 min/km,220,221,,3292.0
2026,6006,EY BIL Assurance Advisory 1,EY,12,Dumpa,,55:50,3:29 min/km,159,159,93,58,2:46 min/km,118,118,,3350.0
2026,6006,EY BIL Assurance Advisory 1,EY,13,Trappa,,58:54,3:27 min/km,126,126,71,3:05,2:51 min/km,5,5,,3534.0
2026,6006,EY BIL Assurance Advisory 1,EY,14,Sjarmøren,,1:01:18,3:27 min/km,133,133,77,2:24,3:22 min/km,346,346,,3678.0
2026,6006,EY BIL Assurance Advisory 1,EY,15,Bislett Stadion,,1:02:55,3:26 min/km,130,130,74,1:38,3:02 min/km,278,278,,3775.0
2026,3401,EY Damer,Ernst & Young AS,1,St. Hanshaugen,Sara Møller,3:41,3:21 min/km,383,383,2,3:41,3:21 min/km,383,383,,221.0
2026,3401,EY Damer,Ernst & Young AS,2,Norabakken,Amalie M Mathisen,7:39,3:32 min/km,288,288,1,3:58,3:43 min/km,414,414,,459.0
2026,3401,EY Damer,Ernst & Young AS,3,Blåsen,Hanne Foss,9:30,3:27 min/km,201,201,1,1:52,3:08 min/km,179,179,,570.0
2026,3401,EY Damer,Ernst & Young AS,4,Berg og dal,Camilla Lie,16:52,3:36 min/km,252,252,1,7:22,3:51 min/km,590,590,,1012.0
2026,3401,EY Damer,Ernst & Young AS,5,Forskningsparken,Thea Fossum,20:54,3:33 min/km,199,199,1,4:03,3:21 min/km,175,175,,1254.0
2026,3401,EY Damer,Ernst & Young AS,6,Lille Besserud,Guro Bakke Johnsen,25:56,3:38 min/km,182,182,2,5:02,4:02 min/km,288,288,,1556.0
2026,3401,EY Damer,Ernst & Young AS,7,Besserud,Delphine C Poirot,33:29,3:46 min/km,210,210,2,7:34,4:17 min/km,607,608,,2009.0
2026,3401,EY Damer,Ernst & Young AS,8,Utforetappen,Janne Ingebrigtsen,39:02,3:39 min/km,201,201,2,5:34,3:08 min/km,385,386,,2342.0
2026,3401,EY Damer,Ernst & Young AS,9,Gressbanen,Sara S Kurås,40:53,3:37 min/km,194,194,2,1:51,2:57 min/km,174,175,,2453.0
2026,3401,EY Damer,Ernst & Young AS,10,Den lange,Victoria Hæstad Bjørnstad,49:36,3:30 min/km,163,163,2,8:44,3:04 min/km,140,140,,2976.0
2026,3401,EY Damer,Ernst & Young AS,11,Frognerparken,Ragnhild Bergan Grimstad,54:48,3:30 min/km,161,161,2,5:13,3:26 min/km,251,252,,3288.0
2026,3401,EY Damer,Ernst & Young AS,12,Dumpa,Lise Nes,55:50,3:29 min/km,156,156,2,1:02,2:56 min/km,233,233,,3350.0
2026,3401,EY Damer,Ernst & Young AS,13,Trappa,Anna Huse,59:27,3:29 min/km,155,155,2,3:38,3:22 min/km,161,161,,3567.0
2026,3401,EY Damer,Ernst & Young AS,14,Sjarmøren,Helene G Aas,1:01:33,3:27 min/km,145,145,1,2:06,2:58 min/km,83,83,,3693.0
2026,3401,EY Damer,Ernst & Young AS,15,Bislett Stadion,Mathea Nygård Lutdal,1:03:09,3:27 min/km,143,143,1,1:36,3:00 min/km,236,236,,3789.0
2026,5802,EY Partnerlag Gul,Ernst & Young AS,1,St. Hanshaugen,,3:54,3:33 min/km,711,711,489,3:54,3:33 min/km,711,711,,234.0
2026,5802,EY Partnerlag Gul,Ernst & Young AS,2,Norabakken,,7:39,3:32 min/km,292,292,209,3:46,3:31 min/km,212,212,,459.0
2026,5802,EY Partnerlag Gul,Ernst & Young AS,3,Blåsen,,9:33,3:28 min/km,218,218,152,1:54,3:11 min/km,225,225,,573.0
2026,5802,EY Partnerlag Gul,Ernst & Young AS,4,Berg og dal,,16:16,3:29 min/km,155,155,97,6:43,3:30 min/km,189,189,,976.0
2026,5802,EY Partnerlag Gul,Ernst & Young AS,5,Forskningsparken,,20:16,3:27 min/km,135,135,79,4:01,3:19 min/km,157,157,,1216.0
2026,5802,EY Partnerlag Gul,Ernst & Young AS,6,Lille Besserud,,25:21,3:33 min/km,133,133,78,5:06,4:05 min/km,332,332,,1521.0
2026,5802,EY Partnerlag Gul,Ernst & Young AS,7,Besserud,,32:33,3:40 min/km,139,139,80,7:13,4:05 min/km,342,342,,1953.0
2026,5802,EY Partnerlag Gul,Ernst & Young AS,8,Utforetappen,,37:49,3:33 min/km,130,130,71,5:17,2:58 min/km,205,205,,2269.0
2026,5802,EY Partnerlag Gul,Ernst & Young AS,9,Gressbanen,,39:53,3:32 min/km,134,134,76,2:05,3:19 min/km,514,515,,2393.0
2026,5802,EY Partnerlag Gul,Ernst & Young AS,10,Den lange,,48:49,3:27 min/km,124,124,71,8:56,3:08 min/km,196,196,,2929.0
2026,5802,EY Partnerlag Gul,Ernst & Young AS,11,Frognerparken,,54:43,3:30 min/km,156,156,93,5:55,3:54 min/km,740,741,,3283.0
2026,5802,EY Partnerlag Gul,Ernst & Young AS,12,Dumpa,,55:59,3:30 min/km,166,166,99,1:17,3:38 min/km,857,861,,3359.0
2026,5802,EY Partnerlag Gul,Ernst & Young AS,13,Trappa,,1:00:04,3:31 min/km,174,174,104,4:06,3:47 min/km,534,535,,3604.0
2026,5802,EY Partnerlag Gul,Ernst & Young AS,14,Sjarmøren,,1:02:49,3:32 min/km,183,183,112,2:46,3:53 min/km,856,857,,3769.0
2026,5802,EY Partnerlag Gul,Ernst & Young AS,15,Bislett Stadion,,1:04:42,3:32 min/km,189,189,117,1:53,3:31 min/km,748,749,,3882.0
2026,6023,EY BIL SKYE,EY,1,St. Hanshaugen,Jørgen Tetlie,3:42,3:22 min/km,403,403,272,3:42,3:22 min/km,403,403,,222.0
2026,6023,EY BIL SKYE,EY,2,Norabakken,Erlend Vangdal,7:18,3:22 min/km,153,153,97,3:37,3:23 min/km,121,121,,438.0
2026,6023,EY BIL SKYE,EY,3,Blåsen,Amina Redzic,9:28,3:26 min/km,192,192,129,2:10,3:38 min/km,702,702,,568.0
2026,6023,EY BIL SKYE,EY,4,Berg og dal,Alexander Næsheim,16:41,3:34 min/km,218,218,146,7:14,3:46 min/km,460,460,,1001.0
2026,6023,EY BIL SKYE,EY,5,Forskningsparken,Martinus Høydal,20:48,3:32 min/km,184,184,116,4:08,3:25 min/km,233,233,,1248.0
2026,6023,EY BIL SKYE,EY,6,Lille Besserud,Thomas Hafstad,26:07,3:40 min/km,205,205,130,5:19,4:15 min/km,533,533,,1567.0
2026,6023,EY BIL SKYE,EY,7,Besserud,Nicolai Henriksen,33:12,3:44 min/km,188,188,116,7:06,4:01 min/km,282,282,,1992.0
2026,6023,EY BIL SKYE,EY,8,Utforetappen,Håvard Persson,38:23,3:36 min/km,167,167,99,5:11,2:55 min/km,169,169,,2303.0
2026,6023,EY BIL SKYE,EY,9,Gressbanen,Even Wæraas,40:14,3:34 min/km,157,157,92,1:51,2:58 min/km,189,190,,2414.0
2026,6023,EY BIL SKYE,EY,10,Den lange,Anders Banke Petersen,49:54,3:32 min/km,181,181,112,9:41,3:23 min/km,533,533,,2994.0
2026,6023,EY BIL SKYE,EY,11,Frognerparken,Espen Lauritzen,56:05,3:35 min/km,208,208,132,6:11,4:04 min/km,977,978,,3365.0
2026,6023,EY BIL SKYE,EY,12,Dumpa,Sondre Arnesen,57:07,3:34 min/km,201,201,126,1:03,3:00 min/km,276,276,,3427.0
2026,6023,EY BIL SKYE,EY,13,Trappa,Øystein Rødsjø,1:01:25,3:36 min/km,214,214,134,4:18,3:59 min/km,762,763,,3685.0
2026,6023,EY BIL SKYE,EY,14,Sjarmøren,Sturle Stavrum-Tång,1:03:31,3:34 min/km,203,203,124,2:06,2:58 min/km,85,85,,3811.0
2026,6023,EY BIL SKYE,EY,15,Bislett Stadion,Mats Dybdahl,1:05:17,3:34 min/km,202,202,125,1:46,3:17 min/km,507,507,,3917.0
2026,6003,EY BIL Risk,EY,1,St. Hanshaugen,Emil Jørgentvedt,3:41,3:21 min/km,397,397,267,3:41,3:21 min/km,397,397,,221.0
2026,6003,EY BIL Risk,EY,2,Norabakken,Fabian Hagemo,7:26,3:26 min/km,192,192,125,3:45,3:30 min/km,195,195,,446.0
2026,6003,EY BIL Risk,EY,3,Blåsen,Elida Grønningsæther,10:11,3:41 min/km,451,451,313,2:46,4:38 min/km,2274,2277,,611.0
2026,6003,EY BIL Risk,EY,4,Berg og dal,Per Kyllingstad,16:48,3:36 min/km,234,234,160,6:37,3:27 min/km,158,158,,1008.0
2026,6003,EY BIL Risk,EY,5,Forskningsparken,Andreas Arntsen,21:03,3:35 min/km,215,215,142,4:16,3:31 min/km,325,325,,1263.0
2026,6003,EY BIL Risk,EY,6,Lille Besserud,Lars Djuve,26:09,3:40 min/km,209,209,134,5:07,4:05 min/km,351,351,,1569.0
2026,6003,EY BIL Risk,EY,7,Besserud,Ole Henrik Kabbe,33:42,3:47 min/km,227,227,146,7:34,4:17 min/km,600,601,,2022.0
2026,6003,EY BIL Risk,EY,8,Utforetappen,Magnus Sagbakken,39:29,3:42 min/km,230,230,147,5:47,3:15 min/km,589,590,,2369.0
2026,6003,EY BIL Risk,EY,9,Gressbanen,Frida Kapstad,41:26,3:40 min/km,223,223,141,1:57,3:07 min/km,313,314,,2486.0
2026,6003,EY BIL Risk,EY,10,Den lange,Ove Paulshus,50:46,3:35 min/km,215,215,136,9:21,3:16 min/km,370,370,,3046.0
2026,6003,EY BIL Risk,EY,11,Frognerparken,Bastian Rasmussen,56:12,3:35 min/km,211,211,134,5:26,3:35 min/km,387,388,,3372.0
2026,6003,EY BIL Risk,EY,12,Dumpa,Helene Lindal,57:24,3:35 min/km,215,215,136,1:13,3:28 min/km,687,691,,3444.0
2026,6003,EY BIL Risk,EY,13,Trappa,Raimon Ghebremariam,1:01:41,3:37 min/km,226,226,143,4:17,3:58 min/km,735,736,,3701.0
2026,6003,EY BIL Risk,EY,14,Sjarmøren,Kari Tvedt,1:04:23,3:37 min/km,239,239,154,2:42,3:49 min/km,779,780,,3863.0
2026,6003,EY BIL Risk,EY,15,Bislett Stadion,Kjersti Lømo-Hansen,1:06:31,3:38 min/km,253,253,166,2:09,4:00 min/km,1186,1188,,3991.0
2026,6005,EY BIL Finance Consulting,EY,1,St. Hanshaugen,August Aarbakke,3:53,3:32 min/km,671,671,465,3:53,3:32 min/km,671,671,,233.0
2026,6005,EY BIL Finance Consulting,EY,2,Norabakken,Philip Gjelstad-Ditlevsen,7:38,3:31 min/km,282,282,200,3:46,3:31 min/km,209,209,,458.0
2026,6005,EY BIL Finance Consulting,EY,3,Blåsen,Maria Ellingsen,9:52,3:34 min/km,319,319,224,2:14,3:45 min/km,862,862,,592.0
2026,6005,EY BIL Finance Consulting,EY,4,Berg og dal,Sondre Nagell,17:16,3:41 min/km,331,331,224,7:25,3:52 min/km,621,621,,1036.0
2026,6005,EY BIL Finance Consulting,EY,5,Forskningsparken,Helene Aas,23:19,3:58 min/km,683,683,468,6:04,5:01 min/km,2545,2546,,1399.0
2026,6005,EY BIL Finance Consulting,EY,6,Lille Besserud,Luan Vo,29:06,4:05 min/km,674,674,464,5:47,4:38 min/km,1053,1053,,1746.0
2026,6005,EY BIL Finance Consulting,EY,7,Besserud,Anders Muri,36:04,4:03 min/km,489,489,339,6:58,3:57 min/km,221,221,,2164.0
2026,6005,EY BIL Finance Consulting,EY,8,Utforetappen,Bjørnar Ingvaldsen,41:42,3:54 min/km,433,433,295,5:39,3:11 min/km,455,456,,2502.0
2026,6005,EY BIL Finance Consulting,EY,9,Gressbanen,Fredrik Ellingsen,43:47,3:53 min/km,410,410,282,2:06,3:21 min/km,551,552,,2627.0
2026,6005,EY BIL Finance Consulting,EY,10,Den lange,Arild Sandal,53:00,3:45 min/km,346,346,240,9:13,3:14 min/km,299,299,,3180.0
2026,6005,EY BIL Finance Consulting,EY,11,Frognerparken,Camilo Hunnestad,58:43,3:45 min/km,345,345,235,5:44,3:46 min/km,582,583,,3523.0
2026,6005,EY BIL Finance Consulting,EY,12,Dumpa,Theodor Thun,59:59,3:45 min/km,347,347,235,1:17,3:38 min/km,861,865,,3599.0
2026,6005,EY BIL Finance Consulting,EY,13,Trappa,Silje Løset,1:04:37,3:47 min/km,368,368,248,4:39,4:18 min/km,1082,1083,,3877.0
2026,6005,EY BIL Finance Consulting,EY,14,Sjarmøren,Andrea Nakken,1:07:20,3:47 min/km,373,373,251,2:43,3:50 min/km,801,802,,4040.0
2026,6005,EY BIL Finance Consulting,EY,15,Bislett Stadion,Anine Ryder,1:09:20,3:47 min/km,389,389,264,2:00,3:44 min/km,981,982,,4160.0
2026,6078,EY Tromsø,EY,1,St. Hanshaugen,Lars Nikolai Jenssen,3:33,3:14 min/km,249,249,165,3:33,3:14 min/km,249,249,,213.0
2026,6078,EY Tromsø,EY,2,Norabakken,Synne Berger,7:21,3:23 min/km,163,163,104,3:48,3:33 min/km,243,243,,441.0
2026,6078,EY Tromsø,EY,3,Blåsen,Andreas Pettersen,9:18,3:22 min/km,148,148,90,1:58,3:17 min/km,310,310,,558.0
2026,6078,EY Tromsø,EY,4,Berg og dal,Jonas Muri Nerli,16:52,3:36 min/km,248,248,173,7:34,3:57 min/km,768,768,,1012.0
2026,6078,EY Tromsø,EY,5,Forskningsparken,Morten Sannes,21:26,3:39 min/km,272,272,184,4:35,3:47 min/km,692,692,,1286.0
2026,6078,EY Tromsø,EY,6,Lille Besserud,Daniel Bømark,27:21,3:50 min/km,341,341,235,5:56,4:45 min/km,1241,1242,,1641.0
2026,6078,EY Tromsø,EY,7,Besserud,Fredrik Johansen,36:02,4:03 min/km,487,487,337,8:41,4:55 min/km,1483,1486,,2162.0
2026,6078,EY Tromsø,EY,8,Utforetappen,Kasper Løvseth,42:24,3:58 min/km,515,515,352,6:22,3:35 min/km,1187,1189,,2544.0
2026,6078,EY Tromsø,EY,9,Gressbanen,Kristoffer Møglebust,44:53,3:58 min/km,548,548,374,2:30,3:59 min/km,1472,1474,,2693.0
2026,6078,EY Tromsø,EY,10,Den lange,Vegard Sivertsen,54:33,3:51 min/km,481,481,330,9:41,3:23 min/km,532,532,,3273.0
2026,6078,EY Tromsø,EY,11,Frognerparken,Bjørge Vevik,59:39,3:48 min/km,406,406,278,5:07,3:22 min/km,202,203,,3579.0
2026,6078,EY Tromsø,EY,12,Dumpa,Ivar Ingebrigtsen,1:00:36,3:47 min/km,385,385,259,57,2:41 min/km,77,77,,3636.0
2026,6078,EY Tromsø,EY,13,Trappa,Helene Løkkebø,1:05:00,3:48 min/km,401,401,272,4:25,4:05 min/km,868,869,,3900.0
2026,6078,EY Tromsø,EY,14,Sjarmøren,Marte Johansen,1:08:14,3:50 min/km,445,445,303,3:14,4:33 min/km,1442,1443,,4094.0
2026,6078,EY Tromsø,EY,15,Bislett Stadion,Niklas Buarø,1:10:02,3:49 min/km,444,444,302,1:49,3:24 min/km,608,608,,4202.0
2026,6017,EY BIL Business Transformation,EY,1,St. Hanshaugen,Pernille H Rømma,4:14,3:51 min/km,1294,1294,149,4:14,3:51 min/km,1294,1294,,254.0
2026,6017,EY BIL Business Transformation,EY,2,Norabakken,Jakob Blindheim,8:13,3:47 min/km,656,656,46,3:59,3:44 min/km,427,427,,493.0
2026,6017,EY BIL Business Transformation,EY,3,Blåsen,Tiril Helle,10:39,3:52 min/km,737,738,51,2:27,4:06 min/km,1457,1459,,639.0
2026,6017,EY BIL Business Transformation,EY,4,Berg og dal,Sigve N Schjølset,18:47,4:01 min/km,828,828,72,8:08,4:15 min/km,1288,1291,,1127.0
2026,6017,EY BIL Business Transformation,EY,5,Forskningsparken,Emre M Sønmez,23:37,4:01 min/km,775,775,59,4:50,4:00 min/km,1099,1100,,1417.0
2026,6017,EY BIL Business Transformation,EY,6,Lille Besserud,Mathias Hove Zimmer,28:16,3:58 min/km,499,499,30,4:39,3:44 min/km,92,92,,1696.0
2026,6017,EY BIL Business Transformation,EY,7,Besserud,Mathias Hove Zimmer,35:24,3:59 min/km,393,393,20,7:09,4:03 min/km,312,312,,2124.0
2026,6017,EY BIL Business Transformation,EY,8,Utforetappen,Phillip Kolkmeier,41:19,3:52 min/km,384,384,19,5:55,3:20 min/km,707,708,,2479.0
2026,6017,EY BIL Business Transformation,EY,9,Gressbanen,Anette Melheim Jensen,43:17,3:50 min/km,360,360,16,1:59,3:10 min/km,348,349,,2597.0
2026,6017,EY BIL Business Transformation,EY,10,Den lange,Kristoffer Erdal,54:06,3:49 min/km,435,435,22,10:49,3:47 min/km,1144,1146,,3246.0
2026,6017,EY BIL Business Transformation,EY,11,Frognerparken,Runa Fløtre Øfsti,1:00:04,3:50 min/km,448,448,22,5:58,3:56 min/km,790,791,,3604.0
2026,6017,EY BIL Business Transformation,EY,12,Dumpa,Silje Bring Pedersen,1:01:26,3:50 min/km,465,465,25,1:22,3:55 min/km,1150,1154,,3686.0
2026,6017,EY BIL Business Transformation,EY,13,Trappa,Thea Marie Ottosen,1:05:52,3:51 min/km,480,480,25,4:27,4:07 min/km,899,900,,3952.0
2026,6017,EY BIL Business Transformation,EY,14,Sjarmøren,Guro S Larsgaard,1:08:43,3:52 min/km,485,485,25,2:52,4:01 min/km,988,989,,4123.0
2026,6017,EY BIL Business Transformation,EY,15,Bislett Stadion,Ragnhild Rognlien,1:10:49,3:52 min/km,500,501,26,2:06,3:54 min/km,1112,1113,,4249.0
2026,6016,EY BIL EY-Parthenon 3,Ernst & Young AS,1,St. Hanshaugen,Nikolaj V Müntzberg,4:02,3:40 min/km,898,898,616,4:02,3:40 min/km,898,898,,242.0
2026,6016,EY BIL EY-Parthenon 3,Ernst & Young AS,2,Norabakken,Pernille Sæther-Larsen,7:48,3:36 min/km,372,372,269,3:47,3:32 min/km,230,230,,468.0
2026,6016,EY BIL EY-Parthenon 3,Ernst & Young AS,3,Blåsen,Jonathan Schippert,9:44,3:32 min/km,274,274,193,1:56,3:15 min/km,284,284,,584.0
2026,6016,EY BIL EY-Parthenon 3,Ernst & Young AS,4,Berg og dal,Torstein Gange,17:27,3:44 min/km,378,378,258,7:44,4:02 min/km,905,907,,1047.0
2026,6016,EY BIL EY-Parthenon 3,Ernst & Young AS,5,Forskningsparken,William Woie,22:32,3:50 min/km,482,482,339,5:05,4:12 min/km,1462,1463,,1352.0
2026,6016,EY BIL EY-Parthenon 3,Ernst & Young AS,6,Lille Besserud,Fredrik L Madsen,29:12,4:06 min/km,689,689,472,6:40,5:20 min/km,2005,2006,,1752.0
2026,6016,EY BIL EY-Parthenon 3,Ernst & Young AS,7,Besserud,Sondre P Bunde,37:31,4:13 min/km,739,739,514,8:20,4:43 min/km,1189,1191,,2251.0
2026,6016,EY BIL EY-Parthenon 3,Ernst & Young AS,8,Utforetappen,Eirik Lie Nordbø,42:53,4:01 min/km,583,583,398,5:23,3:02 min/km,260,261,,2573.0
2026,6016,EY BIL EY-Parthenon 3,Ernst & Young AS,9,Gressbanen,Minja Rankov,45:17,4:00 min/km,610,610,415,2:24,3:50 min/km,1271,1273,,2717.0
2026,6016,EY BIL EY-Parthenon 3,Ernst & Young AS,10,Den lange,Lars Erik Knardahl,57:03,4:02 min/km,748,750,498,11:46,4:07 min/km,1610,1614,,3423.0
2026,6016,EY BIL EY-Parthenon 3,Ernst & Young AS,11,Frognerparken,Peder Ditlev-Simonsen,1:02:21,3:59 min/km,648,649,435,5:19,3:30 min/km,310,311,,3741.0
2026,6016,EY BIL EY-Parthenon 3,Ernst & Young AS,12,Dumpa,Kristian Andreassen,1:03:21,3:57 min/km,617,617,415,1:01,2:52 min/km,183,183,,3801.0
2026,6016,EY BIL EY-Parthenon 3,Ernst & Young AS,13,Trappa,Daniel Woldbæk Eriksen,1:07:11,3:56 min/km,572,572,381,3:51,3:34 min/km,297,297,,4031.0
2026,6016,EY BIL EY-Parthenon 3,Ernst & Young AS,14,Sjarmøren,Sindre Johannessen Knudsen,1:09:29,3:54 min/km,535,535,356,2:19,3:15 min/km,275,275,,4169.0
2026,6016,EY BIL EY-Parthenon 3,Ernst & Young AS,15,Bislett Stadion,Isabelle C Uddeholt,1:11:34,3:54 min/km,554,555,367,2:05,3:53 min/km,1101,1102,,4294.0
2026,6021,EY BIL Shipping 2,EY AS,1,St. Hanshaugen,,4:54,4:27 min/km,2406,2406,1608,4:54,4:27 min/km,2406,2406,,294.0
2026,6021,EY BIL Shipping 2,EY AS,2,Norabakken,,10:26,4:49 min/km,2674,2676,1776,5:33,5:11 min/km,2782,2783,,626.0
2026,6021,EY BIL Shipping 2,EY AS,3,Blåsen,,12:58,4:42 min/km,2433,2434,1611,2:32,4:15 min/km,1684,1687,,778.0
2026,6021,EY BIL Shipping 2,EY AS,4,Berg og dal,,22:03,4:43 min/km,2319,2324,1537,9:06,4:45 min/km,2184,2189,,1323.0
2026,6021,EY BIL Shipping 2,EY AS,5,Forskningsparken,,26:48,4:33 min/km,1966,1968,1312,4:46,3:56 min/km,970,971,,1608.0
2026,6021,EY BIL Shipping 2,EY AS,6,Lille Besserud,,32:23,4:32 min/km,1642,1643,1108,5:35,4:28 min/km,831,831,,1943.0
2026,6021,EY BIL Shipping 2,EY AS,7,Besserud,,39:11,4:24 min/km,1101,1101,748,6:48,3:51 min/km,156,156,,2351.0
2026,6021,EY BIL Shipping 2,EY AS,8,Utforetappen,,44:37,4:11 min/km,838,838,566,5:27,3:04 min/km,308,309,,2677.0
2026,6021,EY BIL Shipping 2,EY AS,9,Gressbanen,,46:59,4:09 min/km,848,849,577,2:22,3:47 min/km,1197,1199,,2819.0
2026,6021,EY BIL Shipping 2,EY AS,10,Den lange,,57:21,4:03 min/km,784,786,522,10:23,3:38 min/km,909,911,,3441.0
2026,6021,EY BIL Shipping 2,EY AS,11,Frognerparken,,1:02:28,3:59 min/km,657,658,439,5:07,3:22 min/km,203,204,,3748.0
2026,6021,EY BIL Shipping 2,EY AS,12,Dumpa,,1:03:34,3:58 min/km,640,640,427,1:07,3:11 min/km,390,391,,3814.0
2026,6021,EY BIL Shipping 2,EY AS,13,Trappa,,1:07:37,3:57 min/km,594,594,394,4:03,3:45 min/km,494,495,,4057.0
2026,6021,EY BIL Shipping 2,EY AS,14,Sjarmøren,,1:10:31,3:58 min/km,602,602,397,2:55,4:06 min/km,1060,1061,,4231.0
2026,6021,EY BIL Shipping 2,EY AS,15,Bislett Stadion,,1:12:20,3:57 min/km,593,594,391,1:50,3:25 min/km,636,636,,4340.0
2026,6028,EY BIL Cyber,EY,1,St. Hanshaugen,,4:03,3:41 min/km,928,928,633,4:03,3:41 min/km,928,928,,243.0
2026,6028,EY BIL Cyber,EY,2,Norabakken,,8:07,3:45 min/km,573,573,407,4:05,3:49 min/km,544,544,,487.0
2026,6028,EY BIL Cyber,EY,3,Blåsen,,10:27,3:47 min/km,594,594,409,2:20,3:56 min/km,1145,1147,,627.0
2026,6028,EY BIL Cyber,EY,4,Berg og dal,,17:54,3:50 min/km,488,488,341,7:27,3:53 min/km,666,666,,1074.0
2026,6028,EY BIL Cyber,EY,5,Forskningsparken,,22:02,3:45 min/km,372,372,261,4:09,3:26 min/km,242,242,,1322.0
2026,6028,EY BIL Cyber,EY,6,Lille Besserud,,29:28,4:08 min/km,741,741,506,7:26,5:57 min/km,2465,2466,,1768.0
2026,6028,EY BIL Cyber,EY,7,Besserud,,37:28,4:13 min/km,728,728,506,8:01,4:32 min/km,937,938,,2248.0
2026,6028,EY BIL Cyber,EY,8,Utforetappen,,44:05,4:08 min/km,760,760,516,6:37,3:43 min/km,1454,1456,,2645.0
2026,6028,EY BIL Cyber,EY,9,Gressbanen,,46:24,4:06 min/km,758,759,517,2:20,3:44 min/km,1120,1122,,2784.0
2026,6028,EY BIL Cyber,EY,10,Den lange,,56:30,4:00 min/km,695,697,462,10:06,3:32 min/km,742,744,,3390.0
2026,6028,EY BIL Cyber,EY,11,Frognerparken,,1:02:43,4:00 min/km,681,682,453,6:14,4:06 min/km,1016,1017,,3763.0
2026,6028,EY BIL Cyber,EY,12,Dumpa,,1:04:02,4:00 min/km,680,680,451,1:19,3:45 min/km,990,994,,3842.0
2026,6028,EY BIL Cyber,EY,13,Trappa,,1:08:39,4:01 min/km,683,683,450,4:38,4:17 min/km,1065,1066,,4119.0
2026,6028,EY BIL Cyber,EY,14,Sjarmøren,,1:10:54,3:59 min/km,635,635,421,2:16,3:12 min/km,227,227,,4254.0
2026,6028,EY BIL Cyber,EY,15,Bislett Stadion,,1:12:33,3:57 min/km,611,612,401,1:39,3:04 min/km,316,316,,4353.0
2026,5239,EY BIL EY-Parthenon 2,Ernst & Young AS,1,St. Hanshaugen,Frederic Bratlie,4:04,3:42 min/km,965,965,660,4:04,3:42 min/km,965,965,,244.0
2026,5239,EY BIL EY-Parthenon 2,Ernst & Young AS,2,Norabakken,Bjørn Tore Foss,8:30,3:55 min/km,901,901,629,4:26,4:09 min/km,1132,1132,,510.0
2026,5239,EY BIL EY-Parthenon 2,Ernst & Young AS,3,Blåsen,Mina Holm,11:06,4:01 min/km,1066,1067,733,2:37,4:24 min/km,1927,1930,,666.0
2026,5239,EY BIL EY-Parthenon 2,Ernst & Young AS,4,Berg og dal,Christoffer Hvass Bendiksby,19:15,4:07 min/km,1015,1015,696,8:09,4:15 min/km,1295,1298,,1155.0
2026,5239,EY BIL EY-Parthenon 2,Ernst & Young AS,5,Forskningsparken,Gaute Steen,23:51,4:03 min/km,843,843,576,4:37,3:49 min/km,739,739,,1431.0
2026,5239,EY BIL EY-Parthenon 2,Ernst & Young AS,6,Lille Besserud,Joakim Støre,30:01,4:13 min/km,894,894,609,6:11,4:57 min/km,1509,1510,,1801.0
2026,5239,EY BIL EY-Parthenon 2,Ernst & Young AS,7,Besserud,Tobias M Jensen,39:10,4:24 min/km,1098,1098,746,9:09,5:11 min/km,1789,1793,,2350.0
2026,5239,EY BIL EY-Parthenon 2,Ernst & Young AS,8,Utforetappen,Eirik Slinde,44:43,4:11 min/km,867,867,583,5:34,3:08 min/km,384,385,,2683.0
2026,5239,EY BIL EY-Parthenon 2,Ernst & Young AS,9,Gressbanen,Tonje Tjetland,47:06,4:10 min/km,864,865,585,2:24,3:50 min/km,1259,1261,,2826.0
2026,5239,EY BIL EY-Parthenon 2,Ernst & Young AS,10,Den lange,Erik S Wahlstrøm,57:25,4:03 min/km,788,790,526,10:19,3:37 min/km,864,866,,3445.0
2026,5239,EY BIL EY-Parthenon 2,Ernst & Young AS,11,Frognerparken,Sondre Olimb,1:04:01,4:05 min/km,814,815,543,6:37,4:21 min/km,1307,1308,,3841.0
2026,5239,EY BIL EY-Parthenon 2,Ernst & Young AS,12,Dumpa,Pernille Hyggen,1:05:14,4:04 min/km,796,796,535,1:13,3:28 min/km,683,687,,3914.0
2026,5239,EY BIL EY-Parthenon 2,Ernst & Young AS,13,Trappa,Andreas Odden,1:09:43,4:05 min/km,771,771,508,4:30,4:10 min/km,940,941,,4183.0
2026,5239,EY BIL EY-Parthenon 2,Ernst & Young AS,14,Sjarmøren,Embrik Aasland,1:12:11,4:03 min/km,724,724,479,2:28,3:28 min/km,457,457,,4331.0
2026,5239,EY BIL EY-Parthenon 2,Ernst & Young AS,15,Bislett Stadion,Tarun Singh,1:13:53,4:02 min/km,702,703,464,1:42,3:11 min/km,409,409,,4433.0
2026,6022,EY BIL Retail 1,EY,1,St. Hanshaugen,,4:58,4:31 min/km,2518,2518,1676,4:58,4:31 min/km,2518,2518,,298.0
2026,6022,EY BIL Retail 1,EY,2,Norabakken,,10:05,4:39 min/km,2395,2395,1614,5:07,4:47 min/km,2276,2277,,605.0
2026,6022,EY BIL Retail 1,EY,3,Blåsen,,12:27,4:31 min/km,2084,2085,1394,2:23,4:00 min/km,1278,1280,,747.0
2026,6022,EY BIL Retail 1,EY,4,Berg og dal,,21:26,4:35 min/km,2072,2077,1383,9:00,4:41 min/km,2107,2111,,1286.0
2026,6022,EY BIL Retail 1,EY,5,Forskningsparken,,26:13,4:27 min/km,1764,1766,1182,4:47,3:58 min/km,1018,1019,,1573.0
2026,6022,EY BIL Retail 1,EY,6,Lille Besserud,,31:10,4:22 min/km,1277,1278,863,4:57,3:58 min/km,225,225,,1870.0
2026,6022,EY BIL Retail 1,EY,7,Besserud,,38:54,4:22 min/km,1024,1024,698,7:45,4:23 min/km,751,752,,2334.0
2026,6022,EY BIL Retail 1,EY,8,Utforetappen,,45:13,4:14 min/km,969,969,653,6:19,3:33 min/km,1140,1142,,2713.0
2026,6022,EY BIL Retail 1,EY,9,Gressbanen,,47:26,4:12 min/km,926,927,630,2:13,3:33 min/km,831,832,,2846.0
2026,6022,EY BIL Retail 1,EY,10,Den lange,,57:52,4:05 min/km,836,838,560,10:27,3:39 min/km,940,942,,3472.0
2026,6022,EY BIL Retail 1,EY,11,Frognerparken,,1:03:22,4:03 min/km,748,749,499,5:31,3:38 min/km,429,430,,3802.0
2026,6022,EY BIL Retail 1,EY,12,Dumpa,,1:04:42,4:02 min/km,743,743,494,1:20,3:47 min/km,1034,1038,,3882.0
2026,6022,EY BIL Retail 1,EY,13,Trappa,,1:09:07,4:03 min/km,725,725,480,4:26,4:06 min/km,877,878,,4147.0
2026,6022,EY BIL Retail 1,EY,14,Sjarmøren,,1:12:06,4:03 min/km,719,719,476,3:00,4:13 min/km,1177,1178,,4326.0
2026,6022,EY BIL Retail 1,EY,15,Bislett Stadion,,1:13:54,4:02 min/km,705,706,466,1:49,3:23 min/km,599,599,,4434.0
2026,7030,EY BIL SCO,976389387,1,St. Hanshaugen,,4:44,4:18 min/km,2155,2155,288,4:44,4:18 min/km,2155,2155,,284.0
2026,7030,EY BIL SCO,976389387,2,Norabakken,,9:16,4:17 min/km,1690,1690,208,4:33,4:15 min/km,1334,1334,,556.0
2026,7030,EY BIL SCO,976389387,3,Blåsen,,11:59,4:20 min/km,1754,1755,208,2:44,4:35 min/km,2206,2209,,719.0
2026,7030,EY BIL SCO,976389387,4,Berg og dal,,19:07,4:05 min/km,973,973,94,7:08,3:43 min/km,413,413,,1147.0
2026,7030,EY BIL SCO,976389387,5,Forskningsparken,,23:58,4:04 min/km,887,887,73,4:52,4:01 min/km,1129,1130,,1438.0
2026,7030,EY BIL SCO,976389387,6,Lille Besserud,,30:04,4:13 min/km,906,906,79,6:06,4:53 min/km,1433,1434,,1804.0
2026,7030,EY BIL SCO,976389387,7,Besserud,,38:15,4:18 min/km,875,875,67,8:12,4:38 min/km,1085,1087,,2295.0
2026,7030,EY BIL SCO,976389387,8,Utforetappen,,44:49,4:12 min/km,893,893,75,6:34,3:42 min/km,1416,1418,,2689.0
2026,7030,EY BIL SCO,976389387,9,Gressbanen,,46:44,4:08 min/km,808,809,58,1:56,3:05 min/km,287,288,,2804.0
2026,7030,EY BIL SCO,976389387,10,Den lange,,58:06,4:06 min/km,871,873,67,11:22,3:59 min/km,1427,1430,,3486.0
2026,7030,EY BIL SCO,976389387,11,Frognerparken,,1:03:43,4:04 min/km,781,782,51,5:38,3:42 min/km,506,507,,3823.0
2026,7030,EY BIL SCO,976389387,12,Dumpa,,1:04:38,4:02 min/km,737,737,49,56,2:39 min/km,62,62,,3878.0
2026,7030,EY BIL SCO,976389387,13,Trappa,,1:09:21,4:03 min/km,743,743,47,4:43,4:22 min/km,1150,1151,,4161.0
2026,7030,EY BIL SCO,976389387,14,Sjarmøren,,1:12:18,4:04 min/km,731,731,44,2:57,4:09 min/km,1115,1116,,4338.0
2026,7030,EY BIL SCO,976389387,15,Bislett Stadion,,1:14:04,4:02 min/km,717,718,43,1:46,3:18 min/km,520,520,,4444.0
2026,6009,EY BIL Technology Audit Oslo 1,EY,1,St. Hanshaugen,Trine Elise Langaard,5:02,4:35 min/km,2606,2606,1730,5:02,4:35 min/km,2606,2606,,302.0
2026,6009,EY BIL Technology Audit Oslo 1,EY,2,Norabakken,Sondre Kjendalen,9:33,4:24 min/km,1946,1946,1321,4:31,4:13 min/km,1280,1280,,573.0
2026,6009,EY BIL Technology Audit Oslo 1,EY,3,Blåsen,Håkon R Kundsen,11:29,4:09 min/km,1373,1374,932,1:56,3:15 min/km,285,285,,689.0
2026,6009,EY BIL Technology Audit Oslo 1,EY,4,Berg og dal,Daniel F Sagmo,18:26,3:56 min/km,669,669,457,6:58,3:38 min/km,303,303,,1106.0
2026,6009,EY BIL Technology Audit Oslo 1,EY,5,Forskningsparken,Daniela Thomson,24:03,4:05 min/km,915,915,626,5:38,4:39 min/km,2161,2162,,1443.0
2026,6009,EY BIL Technology Audit Oslo 1,EY,6,Lille Besserud,Maiken Lossius,31:14,4:23 min/km,1311,1312,888,7:12,5:45 min/km,2352,2353,,1874.0
2026,6009,EY BIL Technology Audit Oslo 1,EY,7,Besserud,Ola Løtveit,39:48,4:28 min/km,1253,1253,851,8:35,4:51 min/km,1401,1404,,2388.0
2026,6009,EY BIL Technology Audit Oslo 1,EY,8,Utforetappen,Kristina Ågedal,46:03,4:19 min/km,1151,1155,776,6:15,3:31 min/km,1088,1089,,2763.0
2026,6009,EY BIL Technology Audit Oslo 1,EY,9,Gressbanen,Jens Ebeltoft,48:05,4:15 min/km,1051,1052,710,2:03,3:16 min/km,459,460,,2885.0
2026,6009,EY BIL Technology Audit Oslo 1,EY,10,Den lange,Jonas Thorsen Huseby,57:58,4:06 min/km,847,849,567,9:53,3:28 min/km,636,636,,3478.0
2026,6009,EY BIL Technology Audit Oslo 1,EY,11,Frognerparken,Even Tarberg,1:05:03,4:09 min/km,923,924,608,7:06,4:40 min/km,1620,1622,,3903.0
2026,6009,EY BIL Technology Audit Oslo 1,EY,12,Dumpa,Tonje Lee,1:06:11,4:08 min/km,888,891,586,1:09,3:16 min/km,476,477,,3971.0
2026,6009,EY BIL Technology Audit Oslo 1,EY,13,Trappa,Sondre Haugen,1:10:05,4:06 min/km,802,802,528,3:54,3:37 min/km,335,335,,4205.0
2026,6009,EY BIL Technology Audit Oslo 1,EY,14,Sjarmøren,Håkon B Brautaset,1:12:19,4:04 min/km,732,732,482,2:14,3:09 min/km,201,201,,4339.0
2026,6009,EY BIL Technology Audit Oslo 1,EY,15,Bislett Stadion,Anne Marthe Røhne,1:14:05,4:02 min/km,718,719,473,1:47,3:19 min/km,541,541,,4445.0
2026,6029,EY BIL Energy 1,EY ( orgnr. 976389387),1,St. Hanshaugen,,4:57,4:30 min/km,2486,2486,1655,4:57,4:30 min/km,2486,2486,,297.0
2026,6029,EY BIL Energy 1,EY ( orgnr. 976389387),2,Norabakken,,10:23,4:47 min/km,2632,2633,1751,5:27,5:05 min/km,2673,2674,,623.0
2026,6029,EY BIL Energy 1,EY ( orgnr. 976389387),3,Blåsen,,12:47,4:38 min/km,2312,2313,1539,2:24,4:02 min/km,1350,1352,,767.0
2026,6029,EY BIL Energy 1,EY ( orgnr. 976389387),4,Berg og dal,,20:31,4:23 min/km,1662,1664,1125,7:44,4:02 min/km,910,912,,1231.0
2026,6029,EY BIL Energy 1,EY ( orgnr. 976389387),5,Forskningsparken,,25:15,4:17 min/km,1432,1432,963,4:45,3:56 min/km,946,947,,1515.0
2026,6029,EY BIL Energy 1,EY ( orgnr. 976389387),6,Lille Besserud,,31:05,4:21 min/km,1245,1246,842,5:50,4:40 min/km,1125,1126,,1865.0
2026,6029,EY BIL Energy 1,EY ( orgnr. 976389387),7,Besserud,,39:55,4:29 min/km,1278,1278,868,8:51,5:00 min/km,1593,1596,,2395.0
2026,6029,EY BIL Energy 1,EY ( orgnr. 976389387),8,Utforetappen,,47:12,4:25 min/km,1359,1363,910,7:17,4:06 min/km,1998,2002,,2832.0
2026,6029,EY BIL Energy 1,EY ( orgnr. 976389387),9,Gressbanen,,48:54,4:20 min/km,1210,1211,819,1:43,2:44 min/km,64,64,,2934.0
2026,6029,EY BIL Energy 1,EY ( orgnr. 976389387),10,Den lange,,58:15,4:07 min/km,885,887,592,9:21,3:16 min/km,371,371,,3495.0
2026,6029,EY BIL Energy 1,EY ( orgnr. 976389387),11,Frognerparken,,1:03:37,4:04 min/km,766,767,514,5:23,3:33 min/km,354,355,,3817.0
2026,6029,EY BIL Energy 1,EY ( orgnr. 976389387),12,Dumpa,,1:04:52,4:03 min/km,765,765,513,1:15,3:33 min/km,766,770,,3892.0
2026,6029,EY BIL Energy 1,EY ( orgnr. 976389387),13,Trappa,,1:09:16,4:03 min/km,737,737,488,4:25,4:05 min/km,867,868,,4156.0
2026,6029,EY BIL Energy 1,EY ( orgnr. 976389387),14,Sjarmøren,,1:12:20,4:04 min/km,736,736,484,3:04,4:19 min/km,1264,1265,,4340.0
2026,6029,EY BIL Energy 1,EY ( orgnr. 976389387),15,Bislett Stadion,,1:14:06,4:02 min/km,719,720,474,1:46,3:19 min/km,525,525,,4446.0
2026,6020,EY BIL Shipping,EY BIL Shipping 3,1,St. Hanshaugen,,4:12,3:49 min/km,1201,1201,825,4:12,3:49 min/km,1201,1201,,252.0
2026,6020,EY BIL Shipping,EY BIL Shipping 3,2,Norabakken,,8:46,4:03 min/km,1173,1173,802,4:35,4:17 min/km,1409,1409,,526.0
2026,6020,EY BIL Shipping,EY BIL Shipping 3,3,Blåsen,,11:29,4:10 min/km,1379,1380,936,2:43,4:34 min/km,2184,2187,,689.0
2026,6020,EY BIL Shipping,EY BIL Shipping 3,4,Berg og dal,,20:57,4:29 min/km,1857,1862,1249,9:28,4:56 min/km,2414,2419,,1257.0
2026,6020,EY BIL Shipping,EY BIL Shipping 3,5,Forskningsparken,,25:25,4:19 min/km,1498,1498,1019,4:29,3:42 min/km,547,547,,1525.0
2026,6020,EY BIL Shipping,EY BIL Shipping 3,6,Lille Besserud,,30:47,4:19 min/km,1138,1139,775,5:23,4:18 min/km,612,612,,1847.0
2026,6020,EY BIL Shipping,EY BIL Shipping 3,7,Besserud,,39:51,4:29 min/km,1265,1265,860,9:05,5:08 min/km,1743,1747,,2391.0
2026,6020,EY BIL Shipping,EY BIL Shipping 3,8,Utforetappen,,45:34,4:16 min/km,1047,1049,707,5:43,3:13 min/km,516,517,,2734.0
2026,6020,EY BIL Shipping,EY BIL Shipping 3,9,Gressbanen,,48:01,4:15 min/km,1035,1036,697,2:27,3:55 min/km,1365,1367,,2881.0
2026,6020,EY BIL Shipping,EY BIL Shipping 3,10,Den lange,,58:02,4:06 min/km,860,862,578,10:02,3:31 min/km,703,704,,3482.0
2026,6020,EY BIL Shipping,EY BIL Shipping 3,11,Frognerparken,,1:03:41,4:04 min/km,777,778,521,5:40,3:44 min/km,531,532,,3821.0
2026,6020,EY BIL Shipping,EY BIL Shipping 3,12,Dumpa,,1:04:43,4:02 min/km,748,748,499,1:03,2:58 min/km,255,255,,3883.0
2026,6020,EY BIL Shipping,EY BIL Shipping 3,13,Trappa,,1:09:25,4:04 min/km,747,747,493,4:42,4:22 min/km,1139,1140,,4165.0
2026,6020,EY BIL Shipping,EY BIL Shipping 3,14,Sjarmøren,,1:12:22,4:04 min/km,738,738,486,2:57,4:09 min/km,1116,1117,,4342.0
2026,6020,EY BIL Shipping,EY BIL Shipping 3,15,Bislett Stadion,,1:14:16,4:03 min/km,727,728,477,1:55,3:34 min/km,804,805,,4456.0
2026,6014,EY Kristiansand,EY Kristiansand,1,St. Hanshaugen,,4:19,3:55 min/km,1422,1422,968,4:19,3:55 min/km,1422,1422,,259.0
2026,6014,EY Kristiansand,EY Kristiansand,2,Norabakken,,8:55,4:07 min/km,1305,1305,889,4:37,4:19 min/km,1474,1474,,535.0
2026,6014,EY Kristiansand,EY Kristiansand,3,Blåsen,,11:47,4:16 min/km,1593,1594,1085,2:52,4:49 min/km,2482,2485,,707.0
2026,6014,EY Kristiansand,EY Kristiansand,4,Berg og dal,,19:25,4:09 min/km,1101,1101,749,7:39,3:59 min/km,828,829,,1165.0
2026,6014,EY Kristiansand,EY Kristiansand,5,Forskningsparken,,23:54,4:04 min/km,863,863,588,4:30,3:43 min/km,570,570,,1434.0
2026,6014,EY Kristiansand,EY Kristiansand,6,Lille Besserud,,29:40,4:09 min/km,798,798,545,5:46,4:37 min/km,1035,1035,,1780.0
2026,6014,EY Kristiansand,EY Kristiansand,7,Besserud,,38:01,4:16 min/km,835,835,571,8:22,4:44 min/km,1226,1228,,2281.0
2026,6014,EY Kristiansand,EY Kristiansand,8,Utforetappen,,45:04,4:13 min/km,940,940,634,7:03,3:58 min/km,1846,1849,,2704.0
2026,6014,EY Kristiansand,EY Kristiansand,9,Gressbanen,,47:16,4:11 min/km,895,896,608,2:13,3:32 min/km,811,812,,2836.0
2026,6014,EY Kristiansand,EY Kristiansand,10,Den lange,,57:51,4:05 min/km,835,837,559,10:36,3:43 min/km,1030,1032,,3471.0
2026,6014,EY Kristiansand,EY Kristiansand,11,Frognerparken,,1:04:15,4:06 min/km,837,838,557,6:24,4:13 min/km,1153,1154,,3855.0
2026,6014,EY Kristiansand,EY Kristiansand,12,Dumpa,,1:05:43,4:06 min/km,843,846,560,1:29,4:12 min/km,1393,1397,,3943.0
2026,6014,EY Kristiansand,EY Kristiansand,13,Trappa,,1:10:27,4:07 min/km,833,833,545,4:44,4:23 min/km,1169,1170,,4227.0
2026,6014,EY Kristiansand,EY Kristiansand,14,Sjarmøren,,1:13:12,4:07 min/km,799,799,520,2:46,3:53 min/km,864,865,,4392.0
2026,6014,EY Kristiansand,EY Kristiansand,15,Bislett Stadion,,1:14:48,4:05 min/km,764,765,498,1:36,2:59 min/km,234,234,,4488.0
2026,6040,EY BIL Tech Strategy & Transformation 1,EY,1,St. Hanshaugen,,4:06,3:43 min/km,1020,1020,696,4:06,3:43 min/km,1020,1020,,246.0
2026,6040,EY BIL Tech Strategy & Transformation 1,EY,2,Norabakken,,7:40,3:32 min/km,294,294,211,3:34,3:20 min/km,92,92,,460.0
2026,6040,EY BIL Tech Strategy & Transformation 1,EY,3,Blåsen,,10:10,3:41 min/km,436,436,303,2:31,4:13 min/km,1643,1646,,610.0
2026,6040,EY BIL Tech Strategy & Transformation 1,EY,4,Berg og dal,,19:23,4:09 min/km,1075,1075,734,9:13,4:49 min/km,2275,2280,,1163.0
2026,6040,EY BIL Tech Strategy & Transformation 1,EY,5,Forskningsparken,,24:43,4:12 min/km,1192,1192,811,5:21,4:25 min/km,1824,1825,,1483.0
2026,6040,EY BIL Tech Strategy & Transformation 1,EY,6,Lille Besserud,,30:22,4:15 min/km,1012,1012,689,5:39,4:31 min/km,908,908,,1822.0
2026,6040,EY BIL Tech Strategy & Transformation 1,EY,7,Besserud,,39:57,4:29 min/km,1286,1286,875,9:36,5:26 min/km,2018,2022,,2397.0
2026,6040,EY BIL Tech Strategy & Transformation 1,EY,8,Utforetappen,,46:00,4:19 min/km,1141,1145,769,6:03,3:24 min/km,855,856,,2760.0
2026,6040,EY BIL Tech Strategy & Transformation 1,EY,9,Gressbanen,,48:05,4:15 min/km,1052,1053,711,2:06,3:21 min/km,559,560,,2885.0
2026,6040,EY BIL Tech Strategy & Transformation 1,EY,10,Den lange,,59:50,4:14 min/km,1103,1105,729,11:45,4:07 min/km,1603,1607,,3590.0
2026,6040,EY BIL Tech Strategy & Transformation 1,EY,11,Frognerparken,,1:05:50,4:12 min/km,1010,1012,661,6:00,3:57 min/km,826,827,,3950.0
2026,6040,EY BIL Tech Strategy & Transformation 1,EY,12,Dumpa,,1:07:15,4:12 min/km,991,994,646,1:26,4:04 min/km,1279,1283,,4035.0
2026,6040,EY BIL Tech Strategy & Transformation 1,EY,13,Trappa,,1:11:23,4:10 min/km,898,898,586,4:08,3:50 min/km,575,576,,4283.0
2026,6040,EY BIL Tech Strategy & Transformation 1,EY,14,Sjarmøren,,1:14:39,4:12 min/km,913,913,586,3:16,4:36 min/km,1477,1478,,4479.0
2026,6040,EY BIL Tech Strategy & Transformation 1,EY,15,Bislett Stadion,,1:16:10,4:09 min/km,856,858,551,1:31,2:50 min/km,122,122,,4570.0
2026,6012,EY BIL Energy 2,EY ( orgnr. 976389387),1,St. Hanshaugen,,5:03,4:36 min/km,2631,2631,1747,5:03,4:36 min/km,2631,2631,,303.0
2026,6012,EY BIL Energy 2,EY ( orgnr. 976389387),2,Norabakken,,10:20,4:46 min/km,2589,2589,1723,5:17,4:57 min/km,2520,2521,,620.0
2026,6012,EY BIL Energy 2,EY ( orgnr. 976389387),3,Blåsen,,12:51,4:39 min/km,2355,2356,1563,2:32,4:15 min/km,1685,1688,,771.0
2026,6012,EY BIL Energy 2,EY ( orgnr. 976389387),4,Berg og dal,,20:20,4:21 min/km,1573,1573,1067,7:29,3:54 min/km,697,697,,1220.0
2026,6012,EY BIL Energy 2,EY ( orgnr. 976389387),5,Forskningsparken,,24:12,4:07 min/km,974,974,665,3:52,3:12 min/km,91,91,,1452.0
2026,6012,EY BIL Energy 2,EY ( orgnr. 976389387),6,Lille Besserud,,29:41,4:10 min/km,806,806,552,5:30,4:24 min/km,732,732,,1781.0
2026,6012,EY BIL Energy 2,EY ( orgnr. 976389387),7,Besserud,,36:32,4:06 min/km,554,554,384,6:52,3:53 min/km,178,178,,2192.0
2026,6012,EY BIL Energy 2,EY ( orgnr. 976389387),8,Utforetappen,,43:11,4:03 min/km,629,629,429,6:39,3:44 min/km,1496,1498,,2591.0
2026,6012,EY BIL Energy 2,EY ( orgnr. 976389387),9,Gressbanen,,45:09,4:00 min/km,585,585,398,1:58,3:09 min/km,335,336,,2709.0
2026,6012,EY BIL Energy 2,EY ( orgnr. 976389387),10,Den lange,,59:01,4:10 min/km,994,996,666,13:52,4:51 min/km,2101,2105,,3541.0
2026,6012,EY BIL Energy 2,EY ( orgnr. 976389387),11,Frognerparken,,1:05:02,4:09 min/km,922,923,607,6:02,3:58 min/km,844,845,,3902.0
2026,6012,EY BIL Energy 2,EY ( orgnr. 976389387),12,Dumpa,,1:06:21,4:09 min/km,904,907,594,1:19,3:46 min/km,1009,1013,,3981.0
2026,6012,EY BIL Energy 2,EY ( orgnr. 976389387),13,Trappa,,1:11:32,4:11 min/km,910,910,593,5:11,4:48 min/km,1495,1497,,4292.0
2026,6012,EY BIL Energy 2,EY ( orgnr. 976389387),14,Sjarmøren,,1:14:09,4:10 min/km,858,858,559,2:38,3:42 min/km,674,675,,4449.0
2026,6012,EY BIL Energy 2,EY ( orgnr. 976389387),15,Bislett Stadion,,1:16:27,4:10 min/km,884,886,572,2:18,4:18 min/km,1405,1408,,4587.0
2026,6050,EY BIL Tech Strategy & Transformation 2,EY,1,St. Hanshaugen,,4:53,4:27 min/km,2393,2393,351,4:53,4:27 min/km,2393,2393,,293.0
2026,6050,EY BIL Tech Strategy & Transformation 2,EY,2,Norabakken,,10:08,4:41 min/km,2445,2445,343,5:15,4:55 min/km,2463,2464,,608.0
2026,6050,EY BIL Tech Strategy & Transformation 2,EY,3,Blåsen,,12:23,4:29 min/km,2029,2030,265,2:15,3:47 min/km,903,903,,743.0
2026,6050,EY BIL Tech Strategy & Transformation 2,EY,4,Berg og dal,,20:35,4:24 min/km,1697,1702,200,8:13,4:17 min/km,1369,1372,,1235.0
2026,6050,EY BIL Tech Strategy & Transformation 2,EY,5,Forskningsparken,,25:15,4:17 min/km,1436,1436,153,4:41,3:52 min/km,827,828,,1515.0
2026,6050,EY BIL Tech Strategy & Transformation 2,EY,6,Lille Besserud,,32:00,4:29 min/km,1534,1535,168,6:45,5:24 min/km,2075,2076,,1920.0
2026,6050,EY BIL Tech Strategy & Transformation 2,EY,7,Besserud,,40:12,4:31 min/km,1345,1345,131,8:13,4:39 min/km,1104,1106,,2412.0
2026,6050,EY BIL Tech Strategy & Transformation 2,EY,8,Utforetappen,,46:13,4:20 min/km,1188,1192,110,6:02,3:23 min/km,825,826,,2773.0
2026,6050,EY BIL Tech Strategy & Transformation 2,EY,9,Gressbanen,,48:21,4:17 min/km,1104,1105,96,2:08,3:25 min/km,640,641,,2901.0
2026,6050,EY BIL Tech Strategy & Transformation 2,EY,10,Den lange,,59:33,4:12 min/km,1058,1060,88,11:13,3:55 min/km,1355,1358,,3573.0
2026,6050,EY BIL Tech Strategy & Transformation 2,EY,11,Frognerparken,,1:05:41,4:11 min/km,990,992,79,6:09,4:03 min/km,940,941,,3941.0
2026,6050,EY BIL Tech Strategy & Transformation 2,EY,12,Dumpa,,1:07:19,4:12 min/km,998,1001,78,1:38,4:39 min/km,1711,1716,,4039.0
2026,6050,EY BIL Tech Strategy & Transformation 2,EY,13,Trappa,,1:11:22,4:10 min/km,897,897,67,4:04,3:46 min/km,518,519,,4282.0
2026,6050,EY BIL Tech Strategy & Transformation 2,EY,14,Sjarmøren,,1:14:25,4:11 min/km,886,886,62,3:03,4:18 min/km,1245,1246,,4465.0
2026,6050,EY BIL Tech Strategy & Transformation 2,EY,15,Bislett Stadion,,1:16:33,4:10 min/km,890,892,58,2:08,3:59 min/km,1168,1169,,4593.0
2026,6044,EY BIL FSO 4,EY,1,St. Hanshaugen,,4:10,3:48 min/km,1162,1162,798,4:10,3:48 min/km,1162,1162,,250.0
2026,6044,EY BIL FSO 4,EY,2,Norabakken,,8:30,3:55 min/km,916,916,639,4:20,4:03 min/km,967,967,,510.0
2026,6044,EY BIL FSO 4,EY,3,Blåsen,,10:54,3:57 min/km,896,897,619,2:24,4:01 min/km,1316,1318,,654.0
2026,6044,EY BIL FSO 4,EY,4,Berg og dal,,19:06,4:05 min/km,966,966,659,8:13,4:17 min/km,1370,1373,,1146.0
2026,6044,EY BIL FSO 4,EY,5,Forskningsparken,,23:11,3:56 min/km,641,641,444,4:06,3:23 min/km,210,210,,1391.0
2026,6044,EY BIL FSO 4,EY,6,Lille Besserud,,28:40,4:01 min/km,570,570,390,5:29,4:23 min/km,716,716,,1720.0
2026,6044,EY BIL FSO 4,EY,7,Besserud,,37:47,4:15 min/km,790,790,542,9:08,5:10 min/km,1774,1778,,2267.0
2026,6044,EY BIL FSO 4,EY,8,Utforetappen,,46:27,4:21 min/km,1224,1228,824,8:40,4:53 min/km,2446,2450,,2787.0
2026,6044,EY BIL FSO 4,EY,9,Gressbanen,,49:06,4:21 min/km,1243,1244,837,2:40,4:16 min/km,1800,1803,,2946.0
2026,6044,EY BIL FSO 4,EY,10,Den lange,,1:00:20,4:16 min/km,1163,1165,770,11:15,3:56 min/km,1367,1370,,3620.0
2026,6044,EY BIL FSO 4,EY,11,Frognerparken,,1:07:14,4:17 min/km,1136,1138,736,6:54,4:33 min/km,1512,1514,,4034.0
2026,6044,EY BIL FSO 4,EY,12,Dumpa,,1:08:30,4:17 min/km,1096,1099,710,1:16,3:37 min/km,823,827,,4110.0
2026,6044,EY BIL FSO 4,EY,13,Trappa,,1:13:06,4:17 min/km,1043,1043,671,4:37,4:17 min/km,1058,1059,,4386.0
2026,6044,EY BIL FSO 4,EY,14,Sjarmøren,,1:15:22,4:14 min/km,970,970,622,2:16,3:11 min/km,218,218,,4522.0
2026,6044,EY BIL FSO 4,EY,15,Bislett Stadion,,1:17:19,4:13 min/km,945,947,604,1:58,3:40 min/km,916,917,,4639.0
2026,6042,EY Drammen,Ernst & Young AS,1,St. Hanshaugen,,5:00,4:33 min/km,2558,2558,1705,5:00,4:33 min/km,2558,2558,,300.0
2026,6042,EY Drammen,Ernst & Young AS,2,Norabakken,,9:43,4:29 min/km,2094,2094,1413,4:44,4:25 min/km,1682,1682,,583.0
2026,6042,EY Drammen,Ernst & Young AS,3,Blåsen,,12:18,4:27 min/km,1971,1972,1319,2:35,4:20 min/km,1834,1837,,738.0
2026,6042,EY Drammen,Ernst & Young AS,4,Berg og dal,,20:46,4:26 min/km,1775,1780,1199,8:29,4:25 min/km,1647,1650,,1246.0
2026,6042,EY Drammen,Ernst & Young AS,5,Forskningsparken,,25:52,4:24 min/km,1641,1643,1115,5:07,4:14 min/km,1504,1505,,1552.0
2026,6042,EY Drammen,Ernst & Young AS,6,Lille Besserud,,31:36,4:26 min/km,1423,1424,961,5:44,4:35 min/km,1003,1003,,1896.0
2026,6042,EY Drammen,Ernst & Young AS,7,Besserud,,39:41,4:28 min/km,1234,1234,838,8:06,4:35 min/km,1013,1015,,2381.0
2026,6042,EY Drammen,Ernst & Young AS,8,Utforetappen,,45:53,4:18 min/km,1119,1123,753,6:12,3:29 min/km,1008,1009,,2753.0
2026,6042,EY Drammen,Ernst & Young AS,9,Gressbanen,,47:52,4:14 min/km,1009,1010,677,2:00,3:11 min/km,368,369,,2872.0
2026,6042,EY Drammen,Ernst & Young AS,10,Den lange,,59:54,4:14 min/km,1113,1115,736,12:03,4:13 min/km,1704,1708,,3594.0
2026,6042,EY Drammen,Ernst & Young AS,11,Frognerparken,,1:07:37,4:19 min/km,1173,1175,761,7:44,5:05 min/km,1888,1891,,4057.0
2026,6042,EY Drammen,Ernst & Young AS,12,Dumpa,,1:08:55,4:18 min/km,1141,1144,736,1:18,3:41 min/km,919,923,,4135.0
2026,6042,EY Drammen,Ernst & Young AS,13,Trappa,,1:13:37,4:18 min/km,1088,1088,690,4:42,4:22 min/km,1138,1139,,4417.0
2026,6042,EY Drammen,Ernst & Young AS,14,Sjarmøren,,1:15:47,4:15 min/km,994,996,632,2:11,3:04 min/km,132,132,,4547.0
2026,6042,EY Drammen,Ernst & Young AS,15,Bislett Stadion,,1:17:27,4:13 min/km,955,957,608,1:41,3:08 min/km,368,368,,4647.0
2026,6046,EY BIL AI & Data 2,EY,1,St. Hanshaugen,,3:44,3:23 min/km,453,453,308,3:44,3:23 min/km,453,453,,224.0
2026,6046,EY BIL AI & Data 2,EY,2,Norabakken,,8:42,4:01 min/km,1101,1101,752,4:59,4:40 min/km,2092,2093,,522.0
2026,6046,EY BIL AI & Data 2,EY,3,Blåsen,,11:03,4:00 min/km,1024,1025,700,2:22,3:58 min/km,1208,1210,,663.0
2026,6046,EY BIL AI & Data 2,EY,4,Berg og dal,,18:32,3:58 min/km,713,713,485,7:29,3:54 min/km,696,696,,1112.0
2026,6046,EY BIL AI & Data 2,EY,5,Forskningsparken,,23:13,3:57 min/km,648,648,449,4:41,3:53 min/km,846,847,,1393.0
2026,6046,EY BIL AI & Data 2,EY,6,Lille Besserud,,28:20,3:58 min/km,511,511,356,5:07,4:06 min/km,359,359,,1700.0
2026,6046,EY BIL AI & Data 2,EY,7,Besserud,,39:24,4:26 min/km,1158,1158,785,11:05,6:16 min/km,2470,2475,,2364.0
2026,6046,EY BIL AI & Data 2,EY,8,Utforetappen,,47:43,4:28 min/km,1429,1433,959,8:19,4:41 min/km,2389,2393,,2863.0
2026,6046,EY BIL AI & Data 2,EY,9,Gressbanen,,50:03,4:26 min/km,1391,1392,934,2:21,3:45 min/km,1156,1158,,3003.0
2026,6046,EY BIL AI & Data 2,EY,10,Den lange,,1:01:12,4:19 min/km,1277,1280,842,11:10,3:55 min/km,1332,1335,,3672.0
2026,6046,EY BIL AI & Data 2,EY,11,Frognerparken,,1:08:26,4:22 min/km,1251,1253,805,7:14,4:46 min/km,1695,1698,,4106.0
2026,6046,EY BIL AI & Data 2,EY,12,Dumpa,,1:09:43,4:21 min/km,1211,1214,779,1:17,3:39 min/km,877,881,,4183.0
2026,6046,EY BIL AI & Data 2,EY,13,Trappa,,1:13:33,4:18 min/km,1085,1085,688,3:51,3:34 min/km,298,298,,4413.0
2026,6046,EY BIL AI & Data 2,EY,14,Sjarmøren,,1:16:32,4:18 min/km,1050,1052,657,3:00,4:13 min/km,1174,1175,,4592.0
2026,6046,EY BIL AI & Data 2,EY,15,Bislett Stadion,,1:18:21,4:16 min/km,1013,1015,632,1:49,3:24 min/km,611,611,,4701.0
2026,6041,EY BIL FSO 3,EY,1,St. Hanshaugen,,4:09,3:46 min/km,1120,1120,769,4:09,3:46 min/km,1120,1120,,249.0
2026,6041,EY BIL FSO 3,EY,2,Norabakken,,8:36,3:58 min/km,996,996,689,4:27,4:10 min/km,1168,1168,,516.0
2026,6041,EY BIL FSO 3,EY,3,Blåsen,,11:03,4:00 min/km,1014,1015,692,2:27,4:07 min/km,1484,1486,,663.0
2026,6041,EY BIL FSO 3,EY,4,Berg og dal,,20:13,4:19 min/km,1515,1515,1026,9:11,4:47 min/km,2243,2248,,1213.0
2026,6041,EY BIL FSO 3,EY,5,Forskningsparken,,25:06,4:16 min/km,1354,1354,911,4:53,4:02 min/km,1157,1158,,1506.0
2026,6041,EY BIL FSO 3,EY,6,Lille Besserud,,31:36,4:26 min/km,1428,1429,965,6:31,5:13 min/km,1863,1864,,1896.0
2026,6041,EY BIL FSO 3,EY,7,Besserud,,42:06,4:44 min/km,1722,1726,1163,10:30,5:56 min/km,2341,2346,,2526.0
2026,6041,EY BIL FSO 3,EY,8,Utforetappen,,48:03,4:30 min/km,1493,1497,1004,5:57,3:21 min/km,742,743,,2883.0
2026,6041,EY BIL FSO 3,EY,9,Gressbanen,,50:45,4:29 min/km,1518,1520,1012,2:43,4:20 min/km,1861,1864,,3045.0
2026,6041,EY BIL FSO 3,EY,10,Den lange,,1:00:53,4:18 min/km,1235,1238,812,10:08,3:33 min/km,763,765,,3653.0
2026,6041,EY BIL FSO 3,EY,11,Frognerparken,,1:08:30,4:22 min/km,1259,1261,809,7:38,5:01 min/km,1857,1860,,4110.0
2026,6041,EY BIL FSO 3,EY,12,Dumpa,,1:10:01,4:22 min/km,1247,1250,799,1:31,4:20 min/km,1500,1505,,4201.0
2026,6041,EY BIL FSO 3,EY,13,Trappa,,1:14:32,4:22 min/km,1162,1162,733,4:31,4:11 min/km,966,967,,4472.0
2026,6041,EY BIL FSO 3,EY,14,Sjarmøren,,1:16:59,4:19 min/km,1090,1092,683,2:28,3:28 min/km,456,456,,4619.0
2026,6041,EY BIL FSO 3,EY,15,Bislett Stadion,,1:18:56,4:18 min/km,1057,1059,657,1:57,3:38 min/km,886,887,,4736.0
2026,6030,EY BIL Tax & Law 1,Ernst & Young Advokatfirma AS,1,St. Hanshaugen,,4:37,4:12 min/km,1948,1948,1314,4:37,4:12 min/km,1948,1948,,277.0
2026,6030,EY BIL Tax & Law 1,Ernst & Young Advokatfirma AS,2,Norabakken,,8:31,3:56 min/km,930,930,649,3:55,3:39 min/km,359,359,,511.0
2026,6030,EY BIL Tax & Law 1,Ernst & Young Advokatfirma AS,3,Blåsen,,11:19,4:06 min/km,1228,1229,836,2:49,4:43 min/km,2375,2378,,679.0
2026,6030,EY BIL Tax & Law 1,Ernst & Young Advokatfirma AS,4,Berg og dal,,18:43,4:00 min/km,800,800,541,7:24,3:52 min/km,616,616,,1123.0
2026,6030,EY BIL Tax & Law 1,Ernst & Young Advokatfirma AS,5,Forskningsparken,,24:34,4:10 min/km,1120,1120,766,5:52,4:51 min/km,2385,2386,,1474.0
2026,6030,EY BIL Tax & Law 1,Ernst & Young Advokatfirma AS,6,Lille Besserud,,29:59,4:12 min/km,883,883,604,5:25,4:20 min/km,644,644,,1799.0
2026,6030,EY BIL Tax & Law 1,Ernst & Young Advokatfirma AS,7,Besserud,,41:06,4:37 min/km,1508,1512,1023,11:08,6:18 min/km,2477,2482,,2466.0
2026,6030,EY BIL Tax & Law 1,Ernst & Young Advokatfirma AS,8,Utforetappen,,48:24,4:32 min/km,1556,1560,1045,7:18,4:06 min/km,2011,2015,,2904.0
2026,6030,EY BIL Tax & Law 1,Ernst & Young Advokatfirma AS,9,Gressbanen,,50:42,4:29 min/km,1508,1510,1005,2:18,3:41 min/km,1052,1053,,3042.0
2026,6030,EY BIL Tax & Law 1,Ernst & Young Advokatfirma AS,10,Den lange,,1:01:43,4:22 min/km,1329,1332,878,11:02,3:52 min/km,1279,1281,,3703.0
2026,6030,EY BIL Tax & Law 1,Ernst & Young Advokatfirma AS,11,Frognerparken,,1:07:37,4:19 min/km,1171,1173,760,5:55,3:53 min/km,735,736,,4057.0
2026,6030,EY BIL Tax & Law 1,Ernst & Young Advokatfirma AS,12,Dumpa,,1:08:40,4:17 min/km,1113,1116,717,1:03,3:00 min/km,271,271,,4120.0
2026,6030,EY BIL Tax & Law 1,Ernst & Young Advokatfirma AS,13,Trappa,,1:13:02,4:16 min/km,1037,1037,666,4:23,4:04 min/km,836,837,,4382.0
2026,6030,EY BIL Tax & Law 1,Ernst & Young Advokatfirma AS,14,Sjarmøren,,1:16:16,4:17 min/km,1028,1030,647,3:14,4:33 min/km,1450,1451,,4576.0
2026,6030,EY BIL Tax & Law 1,Ernst & Young Advokatfirma AS,15,Bislett Stadion,,1:18:58,4:18 min/km,1060,1062,660,2:42,5:03 min/km,1684,1689,,4738.0
2026,6079,EY BIL Retail 2,EY,1,St. Hanshaugen,,6:33,5:58 min/km,3468,3474,2266,6:33,5:58 min/km,3470,3476,,393.0
2026,6079,EY BIL Retail 2,EY,2,Norabakken,,12:14,5:38 min/km,3290,3294,2142,5:41,5:19 min/km,2890,2891,,734.0
2026,6079,EY BIL Retail 2,EY,3,Blåsen,,16:01,5:48 min/km,3264,3267,2122,3:48,6:23 min/km,3231,3235,,961.0
2026,6079,EY BIL Retail 2,EY,4,Berg og dal,,25:40,5:29 min/km,3026,3031,1975,9:39,5:02 min/km,2519,2524,,1540.0
2026,6079,EY BIL Retail 2,EY,5,Forskningsparken,,29:41,5:03 min/km,2688,2690,1757,4:02,3:20 min/km,165,165,,1781.0
2026,6079,EY BIL Retail 2,EY,6,Lille Besserud,,35:08,4:56 min/km,2328,2329,1522,5:28,4:22 min/km,704,704,,2108.0
2026,6079,EY BIL Retail 2,EY,7,Besserud,,42:13,4:45 min/km,1747,1751,1181,7:06,4:01 min/km,280,280,,2533.0
2026,6079,EY BIL Retail 2,EY,8,Utforetappen,,49:46,4:40 min/km,1796,1800,1194,7:33,4:15 min/km,2150,2154,,2986.0
2026,6079,EY BIL Retail 2,EY,9,Gressbanen,,52:03,4:36 min/km,1717,1719,1138,2:18,3:41 min/km,1040,1041,,3123.0
2026,6079,EY BIL Retail 2,EY,10,Den lange,,1:01:46,4:22 min/km,1335,1338,883,9:43,3:24 min/km,559,559,,3706.0
2026,6079,EY BIL Retail 2,EY,11,Frognerparken,,1:07:40,4:19 min/km,1177,1179,762,5:54,3:53 min/km,726,727,,4060.0
2026,6079,EY BIL Retail 2,EY,12,Dumpa,,1:09:16,4:19 min/km,1174,1177,756,1:37,4:37 min/km,1688,1693,,4156.0
2026,6079,EY BIL Retail 2,EY,13,Trappa,,1:14:03,4:20 min/km,1125,1125,708,4:48,4:26 min/km,1199,1200,,4443.0
2026,6079,EY BIL Retail 2,EY,14,Sjarmøren,,1:17:08,4:20 min/km,1098,1100,685,3:05,4:20 min/km,1286,1287,,4628.0
2026,6079,EY BIL Retail 2,EY,15,Bislett Stadion,,1:19:02,4:19 min/km,1066,1068,663,1:54,3:33 min/km,790,791,,4742.0
2026,6077,EY BIL Assurance Advisory 5,EY,1,St. Hanshaugen,,4:25,4:01 min/km,1614,1614,191,4:25,4:01 min/km,1614,1614,,265.0
2026,6077,EY BIL Assurance Advisory 5,EY,2,Norabakken,,8:20,3:50 min/km,755,755,57,3:56,3:40 min/km,378,378,,500.0
2026,6077,EY BIL Assurance Advisory 5,EY,3,Blåsen,,10:43,3:53 min/km,790,791,59,2:24,4:02 min/km,1348,1350,,643.0
2026,6077,EY BIL Assurance Advisory 5,EY,4,Berg og dal,,17:51,3:49 min/km,473,473,24,7:08,3:43 min/km,412,412,,1071.0
2026,6077,EY BIL Assurance Advisory 5,EY,5,Forskningsparken,,23:40,4:01 min/km,786,786,61,5:49,4:49 min/km,2348,2349,,1420.0
2026,6077,EY BIL Assurance Advisory 5,EY,6,Lille Besserud,,29:07,4:05 min/km,680,680,46,5:27,4:22 min/km,698,698,,1747.0
2026,6077,EY BIL Assurance Advisory 5,EY,7,Besserud,,38:37,4:20 min/km,946,946,77,9:30,5:22 min/km,1980,1984,,2317.0
2026,6077,EY BIL Assurance Advisory 5,EY,8,Utforetappen,,45:38,4:16 min/km,1066,1070,98,7:02,3:57 min/km,1831,1834,,2738.0
2026,6077,EY BIL Assurance Advisory 5,EY,9,Gressbanen,,48:15,4:16 min/km,1078,1079,93,2:37,4:11 min/km,1718,1721,,2895.0
2026,6077,EY BIL Assurance Advisory 5,EY,10,Den lange,,1:00:24,4:16 min/km,1173,1175,101,12:10,4:15 min/km,1740,1744,,3624.0
2026,6077,EY BIL Assurance Advisory 5,EY,11,Frognerparken,,1:08:21,4:22 min/km,1242,1244,102,7:58,5:15 min/km,1937,1940,,4101.0
2026,6077,EY BIL Assurance Advisory 5,EY,12,Dumpa,,1:09:21,4:20 min/km,1182,1185,94,1:00,2:51 min/km,176,176,,4161.0
2026,6077,EY BIL Assurance Advisory 5,EY,13,Trappa,,1:14:11,4:20 min/km,1136,1136,88,4:50,4:29 min/km,1240,1242,,4451.0
2026,6077,EY BIL Assurance Advisory 5,EY,14,Sjarmøren,,1:16:32,4:18 min/km,1048,1050,77,2:21,3:19 min/km,314,314,,4592.0
2026,6077,EY BIL Assurance Advisory 5,EY,15,Bislett Stadion,,1:19:26,4:20 min/km,1095,1097,81,2:55,5:27 min/km,1771,1776,,4766.0
2026,6007,EY BIL Shipping 1,EY AS,1,St. Hanshaugen,,4:42,4:17 min/km,2126,2126,1432,4:42,4:17 min/km,2126,2126,,282.0
2026,6007,EY BIL Shipping 1,EY AS,2,Norabakken,,10:34,4:52 min/km,2755,2759,1824,5:52,5:29 min/km,2998,3002,,634.0
2026,6007,EY BIL Shipping 1,EY AS,3,Blåsen,,13:15,4:48 min/km,2604,2605,1721,2:41,4:31 min/km,2123,2126,,795.0
2026,6007,EY BIL Shipping 1,EY AS,4,Berg og dal,,20:58,4:29 min/km,1866,1871,1256,7:43,4:02 min/km,903,905,,1258.0
2026,6007,EY BIL Shipping 1,EY AS,5,Forskningsparken,,25:55,4:24 min/km,1652,1654,1122,4:57,4:06 min/km,1267,1268,,1555.0
2026,6007,EY BIL Shipping 1,EY AS,6,Lille Besserud,,32:22,4:32 min/km,1640,1641,1106,6:28,5:11 min/km,1808,1809,,1942.0
2026,6007,EY BIL Shipping 1,EY AS,7,Besserud,,38:56,4:22 min/km,1029,1029,703,6:34,3:43 min/km,82,82,,2336.0
2026,6007,EY BIL Shipping 1,EY AS,8,Utforetappen,,45:07,4:14 min/km,945,945,636,6:12,3:29 min/km,1011,1012,,2707.0
2026,6007,EY BIL Shipping 1,EY AS,9,Gressbanen,,47:21,4:11 min/km,911,912,618,2:14,3:35 min/km,867,868,,2841.0
2026,6007,EY BIL Shipping 1,EY AS,10,Den lange,,58:54,4:10 min/km,982,984,657,11:34,4:03 min/km,1522,1526,,3534.0
2026,6007,EY BIL Shipping 1,EY AS,11,Frognerparken,,1:04:59,4:09 min/km,912,913,602,6:05,4:00 min/km,881,882,,3899.0
2026,6007,EY BIL Shipping 1,EY AS,12,Dumpa,,1:06:17,4:08 min/km,898,901,592,1:19,3:45 min/km,981,985,,3977.0
2026,6007,EY BIL Shipping 1,EY AS,13,Trappa,,1:13:42,4:19 min/km,1094,1094,693,7:25,6:52 min/km,1989,1993,,4422.0
2026,6007,EY BIL Shipping 1,EY AS,14,Sjarmøren,,1:17:47,4:22 min/km,1141,1143,711,4:06,5:46 min/km,1838,1843,,4667.0
2026,6007,EY BIL Shipping 1,EY AS,15,Bislett Stadion,,1:19:38,4:20 min/km,1106,1108,687,1:51,3:27 min/km,673,674,,4778.0
2026,6080,EY BIL Assurance Advisory 3,EY,1,St. Hanshaugen,,4:25,4:01 min/km,1618,1618,1103,4:25,4:01 min/km,1618,1618,,265.0
2026,6080,EY BIL Assurance Advisory 3,EY,2,Norabakken,,9:24,4:20 min/km,1813,1813,1226,4:59,4:40 min/km,2095,2096,,564.0
2026,6080,EY BIL Assurance Advisory 3,EY,3,Blåsen,,12:17,4:27 min/km,1965,1966,1314,2:54,4:52 min/km,2532,2535,,737.0
2026,6080,EY BIL Assurance Advisory 3,EY,4,Berg og dal,,20:57,4:29 min/km,1856,1861,1248,8:40,4:31 min/km,1834,1837,,1257.0
2026,6080,EY BIL Assurance Advisory 3,EY,5,Forskningsparken,,25:51,4:23 min/km,1636,1638,1111,4:55,4:04 min/km,1205,1206,,1551.0
2026,6080,EY BIL Assurance Advisory 3,EY,6,Lille Besserud,,31:15,4:23 min/km,1316,1317,890,5:25,4:20 min/km,639,639,,1875.0
2026,6080,EY BIL Assurance Advisory 3,EY,7,Besserud,,40:07,4:30 min/km,1323,1323,898,8:52,5:01 min/km,1602,1606,,2407.0
2026,6080,EY BIL Assurance Advisory 3,EY,8,Utforetappen,,47:03,4:24 min/km,1335,1339,895,6:57,3:55 min/km,1772,1775,,2823.0
2026,6080,EY BIL Assurance Advisory 3,EY,9,Gressbanen,,49:19,4:22 min/km,1286,1287,865,2:16,3:38 min/km,963,964,,2959.0
2026,6080,EY BIL Assurance Advisory 3,EY,10,Den lange,,1:01:24,4:20 min/km,1299,1302,857,12:05,4:14 min/km,1717,1721,,3684.0
2026,6080,EY BIL Assurance Advisory 3,EY,11,Frognerparken,,1:08:26,4:22 min/km,1249,1251,803,7:02,4:38 min/km,1588,1590,,4106.0
2026,6080,EY BIL Assurance Advisory 3,EY,12,Dumpa,,1:10:12,4:23 min/km,1264,1267,808,1:46,5:02 min/km,1854,1861,,4212.0
2026,6080,EY BIL Assurance Advisory 3,EY,13,Trappa,,1:14:35,4:22 min/km,1167,1167,736,4:24,4:04 min/km,854,855,,4475.0
2026,6080,EY BIL Assurance Advisory 3,EY,14,Sjarmøren,,1:17:46,4:22 min/km,1136,1138,709,3:12,4:30 min/km,1406,1407,,4666.0
2026,6080,EY BIL Assurance Advisory 3,EY,15,Bislett Stadion,,1:19:46,4:21 min/km,1117,1119,691,2:00,3:44 min/km,980,981,,4786.0
2026,6024,EY BIL FSO 2,EY,1,St. Hanshaugen,,4:12,3:49 min/km,1220,1220,838,4:12,3:49 min/km,1220,1220,,252.0
2026,6024,EY BIL FSO 2,EY,2,Norabakken,,9:19,4:18 min/km,1752,1752,1183,5:08,4:48 min/km,2292,2293,,559.0
2026,6024,EY BIL FSO 2,EY,3,Blåsen,,11:24,4:08 min/km,1307,1308,891,2:05,3:30 min/km,535,535,,684.0
2026,6024,EY BIL FSO 2,EY,4,Berg og dal,,19:22,4:09 min/km,1068,1068,729,7:59,4:09 min/km,1159,1162,,1162.0
2026,6024,EY BIL FSO 2,EY,5,Forskningsparken,,24:46,4:13 min/km,1217,1217,826,5:25,4:28 min/km,1899,1900,,1486.0
2026,6024,EY BIL FSO 2,EY,6,Lille Besserud,,31:10,4:22 min/km,1279,1280,865,6:24,5:07 min/km,1743,1744,,1870.0
2026,6024,EY BIL FSO 2,EY,7,Besserud,,40:30,4:33 min/km,1407,1408,947,9:21,5:17 min/km,1907,1911,,2430.0
2026,6024,EY BIL FSO 2,EY,8,Utforetappen,,49:00,4:35 min/km,1664,1668,1117,8:30,4:47 min/km,2419,2423,,2940.0
2026,6024,EY BIL FSO 2,EY,9,Gressbanen,,51:22,4:33 min/km,1611,1613,1068,2:23,3:48 min/km,1229,1231,,3082.0
2026,6024,EY BIL FSO 2,EY,10,Den lange,,1:02:59,4:27 min/km,1469,1472,947,11:37,4:04 min/km,1555,1559,,3779.0
2026,6024,EY BIL FSO 2,EY,11,Frognerparken,,1:10:20,4:29 min/km,1450,1452,911,7:21,4:51 min/km,1742,1745,,4220.0
2026,6024,EY BIL FSO 2,EY,12,Dumpa,,1:11:31,4:28 min/km,1389,1394,873,1:11,3:22 min/km,584,588,,4291.0
2026,6024,EY BIL FSO 2,EY,13,Trappa,,1:15:38,4:25 min/km,1255,1257,782,4:08,3:49 min/km,563,564,,4538.0
2026,6024,EY BIL FSO 2,EY,14,Sjarmøren,,1:18:20,4:24 min/km,1187,1189,734,2:43,3:49 min/km,791,792,,4700.0
2026,6024,EY BIL FSO 2,EY,15,Bislett Stadion,,1:20:19,4:23 min/km,1160,1162,716,2:00,3:43 min/km,964,965,,4819.0
2026,6076,EY Partnerlag svart,EY,1,St. Hanshaugen,,4:44,4:19 min/km,2177,2177,1465,4:44,4:19 min/km,2177,2177,,284.0
2026,6076,EY Partnerlag svart,EY,2,Norabakken,,10:30,4:51 min/km,2718,2722,1801,5:46,5:24 min/km,2947,2949,,630.0
2026,6076,EY Partnerlag svart,EY,3,Blåsen,,12:34,4:33 min/km,2165,2166,1445,2:04,3:28 min/km,499,499,,754.0
2026,6076,EY Partnerlag svart,EY,4,Berg og dal,,20:52,4:28 min/km,1825,1830,1227,8:19,4:20 min/km,1477,1480,,1252.0
2026,6076,EY Partnerlag svart,EY,5,Forskningsparken,,25:52,4:24 min/km,1640,1642,1114,5:00,4:08 min/km,1346,1347,,1552.0
2026,6076,EY Partnerlag svart,EY,6,Lille Besserud,,32:04,4:30 min/km,1551,1552,1046,6:12,4:58 min/km,1541,1542,,1924.0
2026,6076,EY Partnerlag svart,EY,7,Besserud,,41:49,4:42 min/km,1660,1664,1120,9:45,5:31 min/km,2092,2097,,2509.0
2026,6076,EY Partnerlag svart,EY,8,Utforetappen,,48:51,4:34 min/km,1638,1642,1097,7:03,3:58 min/km,1843,1846,,2931.0
2026,6076,EY Partnerlag svart,EY,9,Gressbanen,,51:18,4:32 min/km,1600,1602,1062,2:28,3:56 min/km,1382,1384,,3078.0
2026,6076,EY Partnerlag svart,EY,10,Den lange,,1:01:22,4:20 min/km,1295,1298,854,10:05,3:32 min/km,732,734,,3682.0
2026,6076,EY Partnerlag svart,EY,11,Frognerparken,,1:08:54,4:24 min/km,1301,1303,833,7:32,4:58 min/km,1824,1827,,4134.0
2026,6076,EY Partnerlag svart,EY,12,Dumpa,,1:10:08,4:23 min/km,1259,1262,806,1:14,3:31 min/km,725,729,,4208.0
2026,6076,EY Partnerlag svart,EY,13,Trappa,,1:16:59,4:30 min/km,1371,1373,839,6:52,6:21 min/km,1961,1965,,4619.0
2026,6076,EY Partnerlag svart,EY,14,Sjarmøren,,1:19:32,4:28 min/km,1282,1284,781,2:33,3:36 min/km,567,568,,4772.0
2026,6076,EY Partnerlag svart,EY,15,Bislett Stadion,,1:21:09,4:25 min/km,1230,1236,748,1:38,3:02 min/km,269,269,,4869.0
2026,6035,EY BIL - People Consulting,EY,1,St. Hanshaugen,,4:17,3:53 min/km,1374,1374,937,4:17,3:53 min/km,1374,1374,,257.0
2026,6035,EY BIL - People Consulting,EY,2,Norabakken,,9:05,4:11 min/km,1490,1490,1011,4:49,4:30 min/km,1844,1844,,545.0
2026,6035,EY BIL - People Consulting,EY,3,Blåsen,,11:33,4:11 min/km,1434,1435,971,2:29,4:10 min/km,1542,1545,,693.0
2026,6035,EY BIL - People Consulting,EY,4,Berg og dal,,22:15,4:45 min/km,2393,2398,1586,10:42,5:34 min/km,2880,2885,,1335.0
2026,6035,EY BIL - People Consulting,EY,5,Forskningsparken,,27:24,4:39 min/km,2154,2156,1430,5:09,4:16 min/km,1546,1547,,1644.0
2026,6035,EY BIL - People Consulting,EY,6,Lille Besserud,,34:06,4:47 min/km,2092,2093,1385,6:43,5:23 min/km,2048,2049,,2046.0
2026,6035,EY BIL - People Consulting,EY,7,Besserud,,43:28,4:53 min/km,1991,1995,1318,9:22,5:18 min/km,1920,1924,,2608.0
2026,6035,EY BIL - People Consulting,EY,8,Utforetappen,,50:35,4:44 min/km,1928,1932,1267,7:08,4:00 min/km,1905,1908,,3035.0
2026,6035,EY BIL - People Consulting,EY,9,Gressbanen,,53:19,4:43 min/km,1888,1890,1229,2:44,4:23 min/km,1885,1888,,3199.0
2026,6035,EY BIL - People Consulting,EY,10,Den lange,,1:03:14,4:28 min/km,1496,1499,967,9:56,3:29 min/km,657,657,,3794.0
2026,6035,EY BIL - People Consulting,EY,11,Frognerparken,,1:10:23,4:29 min/km,1457,1459,915,7:10,4:43 min/km,1650,1653,,4223.0
2026,6035,EY BIL - People Consulting,EY,12,Dumpa,,1:11:43,4:29 min/km,1411,1416,885,1:20,3:49 min/km,1059,1063,,4303.0
2026,6035,EY BIL - People Consulting,EY,13,Trappa,,1:16:13,4:27 min/km,1303,1305,806,4:31,4:11 min/km,952,953,,4573.0
2026,6035,EY BIL - People Consulting,EY,14,Sjarmøren,,1:19:30,4:28 min/km,1278,1280,778,3:17,4:37 min/km,1480,1481,,4770.0
2026,6035,EY BIL - People Consulting,EY,15,Bislett Stadion,,1:21:16,4:26 min/km,1235,1241,750,1:47,3:19 min/km,528,528,,4876.0
2026,6082,EY BIL Tax & Law 2,Ernst & Young Advokatfirma AS,1,St. Hanshaugen,,4:03,3:41 min/km,943,943,95,4:03,3:41 min/km,943,943,,243.0
2026,6082,EY BIL Tax & Law 2,Ernst & Young Advokatfirma AS,2,Norabakken,,8:15,3:48 min/km,681,681,48,4:12,3:56 min/km,727,727,,495.0
2026,6082,EY BIL Tax & Law 2,Ernst & Young Advokatfirma AS,3,Blåsen,,10:44,3:53 min/km,793,794,60,2:29,4:10 min/km,1556,1559,,644.0
2026,6082,EY BIL Tax & Law 2,Ernst & Young Advokatfirma AS,4,Berg og dal,,20:34,4:24 min/km,1688,1693,197,9:51,5:08 min/km,2603,2608,,1234.0
2026,6082,EY BIL Tax & Law 2,Ernst & Young Advokatfirma AS,5,Forskningsparken,,25:57,4:25 min/km,1665,1667,183,5:23,4:27 min/km,1876,1877,,1557.0
2026,6082,EY BIL Tax & Law 2,Ernst & Young Advokatfirma AS,6,Lille Besserud,,36:06,5:04 min/km,2499,2501,324,10:10,8:08 min/km,2886,2887,,2166.0
2026,6082,EY BIL Tax & Law 2,Ernst & Young Advokatfirma AS,7,Besserud,,44:46,5:02 min/km,2199,2203,263,8:40,4:54 min/km,1472,1475,,2686.0
2026,6082,EY BIL Tax & Law 2,Ernst & Young Advokatfirma AS,8,Utforetappen,,51:04,4:47 min/km,1988,1992,222,6:18,3:33 min/km,1124,1126,,3064.0
2026,6082,EY BIL Tax & Law 2,Ernst & Young Advokatfirma AS,9,Gressbanen,,54:13,4:48 min/km,1998,2000,217,3:10,5:04 min/km,2249,2252,,3253.0
2026,6082,EY BIL Tax & Law 2,Ernst & Young Advokatfirma AS,10,Den lange,,1:04:10,4:32 min/km,1601,1604,159,9:57,3:29 min/km,663,663,,3850.0
2026,6082,EY BIL Tax & Law 2,Ernst & Young Advokatfirma AS,11,Frognerparken,,1:10:46,4:31 min/km,1490,1494,134,6:37,4:21 min/km,1313,1314,,4246.0
2026,6082,EY BIL Tax & Law 2,Ernst & Young Advokatfirma AS,12,Dumpa,,1:12:08,4:30 min/km,1449,1454,130,1:22,3:53 min/km,1130,1134,,4328.0
2026,6082,EY BIL Tax & Law 2,Ernst & Young Advokatfirma AS,13,Trappa,,1:17:07,4:31 min/km,1379,1381,121,5:00,4:38 min/km,1372,1374,,4627.0
2026,6082,EY BIL Tax & Law 2,Ernst & Young Advokatfirma AS,14,Sjarmøren,,1:20:06,4:30 min/km,1320,1322,111,3:00,4:13 min/km,1183,1184,,4806.0
2026,6082,EY BIL Tax & Law 2,Ernst & Young Advokatfirma AS,15,Bislett Stadion,,1:22:07,4:29 min/km,1290,1296,104,2:01,3:45 min/km,1007,1008,,4927.0
2026,6075,EY BIL Assurance Advisory 2,EY,1,St. Hanshaugen,,4:57,4:30 min/km,2492,2492,1659,4:57,4:30 min/km,2492,2492,,297.0
2026,6075,EY BIL Assurance Advisory 2,EY,2,Norabakken,,10:54,5:01 min/km,2923,2927,1912,5:57,5:33 min/km,3040,3044,,654.0
2026,6075,EY BIL Assurance Advisory 2,EY,3,Blåsen,,13:00,4:42 min/km,2451,2452,1625,2:07,3:32 min/km,572,572,,780.0
2026,6075,EY BIL Assurance Advisory 2,EY,4,Berg og dal,,23:55,5:07 min/km,2807,2812,1844,10:56,5:42 min/km,2922,2927,,1435.0
2026,6075,EY BIL Assurance Advisory 2,EY,5,Forskningsparken,,29:26,5:00 min/km,2644,2646,1729,5:32,4:34 min/km,2053,2054,,1766.0
2026,6075,EY BIL Assurance Advisory 2,EY,6,Lille Besserud,,35:00,4:54 min/km,2295,2296,1503,5:34,4:27 min/km,812,812,,2100.0
2026,6075,EY BIL Assurance Advisory 2,EY,7,Besserud,,43:11,4:51 min/km,1941,1945,1292,8:11,4:38 min/km,1078,1080,,2591.0
2026,6075,EY BIL Assurance Advisory 2,EY,8,Utforetappen,,50:49,4:46 min/km,1960,1964,1285,7:39,4:18 min/km,2202,2206,,3049.0
2026,6075,EY BIL Assurance Advisory 2,EY,9,Gressbanen,,53:56,4:46 min/km,1962,1964,1270,3:08,5:01 min/km,2222,2225,,3236.0
2026,6075,EY BIL Assurance Advisory 2,EY,10,Den lange,,1:04:46,4:35 min/km,1673,1676,1055,10:50,3:48 min/km,1156,1158,,3886.0
2026,6075,EY BIL Assurance Advisory 2,EY,11,Frognerparken,,1:11:42,4:34 min/km,1560,1564,969,6:57,4:34 min/km,1542,1544,,4302.0
2026,6075,EY BIL Assurance Advisory 2,EY,12,Dumpa,,1:12:46,4:33 min/km,1497,1502,928,1:05,3:04 min/km,303,304,,4366.0
2026,6075,EY BIL Assurance Advisory 2,EY,13,Trappa,,1:19:05,4:37 min/km,1517,1519,909,6:19,5:51 min/km,1885,1888,,4745.0
2026,6075,EY BIL Assurance Advisory 2,EY,14,Sjarmøren,,1:22:00,4:36 min/km,1448,1450,865,2:56,4:08 min/km,1099,1100,,4920.0
2026,6075,EY BIL Assurance Advisory 2,EY,15,Bislett Stadion,,1:24:03,4:35 min/km,1406,1412,833,2:03,3:49 min/km,1051,1052,,5043.0
2026,6039,EY Tønsberg,EY,1,St. Hanshaugen,,3:44,3:24 min/km,462,462,314,3:44,3:24 min/km,462,462,,224.0
2026,6039,EY Tønsberg,EY,2,Norabakken,,7:44,3:34 min/km,335,335,240,4:01,3:45 min/km,451,451,,464.0
2026,6039,EY Tønsberg,EY,3,Blåsen,,10:23,3:46 min/km,557,557,385,2:39,4:28 min/km,2023,2026,,623.0
2026,6039,EY Tønsberg,EY,4,Berg og dal,,23:06,4:56 min/km,2658,2663,1741,12:43,6:38 min/km,3104,3109,,1386.0
2026,6039,EY Tønsberg,EY,5,Forskningsparken,,28:37,4:52 min/km,2489,2491,1626,5:31,4:33 min/km,2036,2037,,1717.0
2026,6039,EY Tønsberg,EY,6,Lille Besserud,,35:08,4:55 min/km,2326,2327,1520,6:32,5:14 min/km,1874,1875,,2108.0
2026,6039,EY Tønsberg,EY,7,Besserud,,45:25,5:06 min/km,2268,2272,1477,10:17,5:49 min/km,2273,2278,,2725.0
2026,6039,EY Tønsberg,EY,8,Utforetappen,,52:05,4:53 min/km,2096,2100,1355,6:41,3:46 min/km,1521,1523,,3125.0
2026,6039,EY Tønsberg,EY,9,Gressbanen,,54:37,4:50 min/km,2039,2041,1312,2:33,4:04 min/km,1565,1568,,3277.0
2026,6039,EY Tønsberg,EY,10,Den lange,,1:05:12,4:36 min/km,1710,1713,1077,10:35,3:42 min/km,1023,1025,,3912.0
2026,6039,EY Tønsberg,EY,11,Frognerparken,,1:11:56,4:35 min/km,1578,1582,978,6:44,4:26 min/km,1403,1404,,4316.0
2026,6039,EY Tønsberg,EY,12,Dumpa,,1:13:27,4:35 min/km,1555,1560,952,1:31,4:20 min/km,1501,1506,,4407.0
2026,6039,EY Tønsberg,EY,13,Trappa,,1:19:03,4:37 min/km,1515,1517,908,5:36,5:12 min/km,1697,1699,,4743.0
2026,6039,EY Tønsberg,EY,14,Sjarmøren,,1:22:17,4:37 min/km,1465,1467,871,3:15,4:34 min/km,1456,1457,,4937.0
2026,6039,EY Tønsberg,EY,15,Bislett Stadion,,1:24:33,4:37 min/km,1444,1450,851,2:17,4:15 min/km,1381,1384,,5073.0
2026,6034,EY BIL Technology Audit Oslo 2,EY,1,St. Hanshaugen,Snorre Helno,4:18,3:55 min/km,1413,1413,960,4:18,3:55 min/km,1413,1413,,258.0
2026,6034,EY BIL Technology Audit Oslo 2,EY,2,Norabakken,Alexander K. Flatøy,9:44,4:29 min/km,2096,2096,1414,5:26,5:05 min/km,2657,2658,,584.0
2026,6034,EY BIL Technology Audit Oslo 2,EY,3,Blåsen,Sandra Tien,12:17,4:27 min/km,1959,1960,1310,2:34,4:18 min/km,1782,1785,,737.0
2026,6034,EY BIL Technology Audit Oslo 2,EY,4,Berg og dal,Kristian Emil Fossholm,21:15,4:32 min/km,1985,1990,1338,8:58,4:41 min/km,2095,2099,,1275.0
2026,6034,EY BIL Technology Audit Oslo 2,EY,5,Forskningsparken,Oda Aven Suhr,26:54,4:34 min/km,2001,2003,1328,5:40,4:41 min/km,2194,2195,,1614.0
2026,6034,EY BIL Technology Audit Oslo 2,EY,6,Lille Besserud,Anne Gullikstad,32:45,4:35 min/km,1758,1759,1183,5:52,4:42 min/km,1157,1158,,1965.0
2026,6034,EY BIL Technology Audit Oslo 2,EY,7,Besserud,Johan Fredrik Bang,44:37,5:01 min/km,2171,2175,1414,11:52,6:42 min/km,2578,2583,,2677.0
2026,6034,EY BIL Technology Audit Oslo 2,EY,8,Utforetappen,Fanny Slåtto,51:11,4:48 min/km,2007,2011,1307,6:35,3:42 min/km,1427,1429,,3071.0
2026,6034,EY BIL Technology Audit Oslo 2,EY,9,Gressbanen,Sandra Tien,53:35,4:44 min/km,1918,1920,1250,2:24,3:50 min/km,1274,1276,,3215.0
2026,6034,EY BIL Technology Audit Oslo 2,EY,10,Den lange,Sander Tinderholt,1:05:29,4:38 min/km,1739,1742,1095,11:55,4:10 min/km,1662,1666,,3929.0
2026,6034,EY BIL Technology Audit Oslo 2,EY,11,Frognerparken,Mathias Gimming,1:13:01,4:39 min/km,1664,1668,1025,7:32,4:58 min/km,1820,1823,,4381.0
2026,6034,EY BIL Technology Audit Oslo 2,EY,12,Dumpa,Elise Baldishol,1:14:21,4:38 min/km,1623,1628,993,1:20,3:48 min/km,1048,1052,,4461.0
2026,6034,EY BIL Technology Audit Oslo 2,EY,13,Trappa,Benedicte Skjoldhammer,1:20:37,4:43 min/km,1606,1609,964,6:17,5:49 min/km,1880,1883,,4837.0
2026,6034,EY BIL Technology Audit Oslo 2,EY,14,Sjarmøren,Ragnhild Versto Roheim,1:24:14,4:44 min/km,1578,1580,935,3:37,5:05 min/km,1702,1705,,5054.0
2026,6034,EY BIL Technology Audit Oslo 2,EY,15,Bislett Stadion,Pénélope Gauthier,1:26:04,4:42 min/km,1523,1530,895,1:51,3:28 min/km,687,688,,5164.0
2026,6047,EY BIL SKYE,EY,1,St. Hanshaugen,Stein Kåre Fosstveit,4:07,3:44 min/km,1043,1043,110,4:07,3:44 min/km,1043,1043,,247.0
2026,6047,EY BIL SKYE,EY,2,Norabakken,Thyra Stavrum-Tång,8:28,3:55 min/km,877,877,74,4:22,4:05 min/km,1017,1017,,508.0
2026,6047,EY BIL SKYE,EY,3,Blåsen,Kristin Nakken,11:35,4:12 min/km,1446,1447,158,3:07,5:13 min/km,2838,2841,,695.0
2026,6047,EY BIL SKYE,EY,4,Berg og dal,Mathias Lundgren,21:33,4:36 min/km,2113,2118,262,9:59,5:12 min/km,2679,2684,,1293.0
2026,6047,EY BIL SKYE,EY,5,Forskningsparken,Mats Christensen,26:33,4:31 min/km,1876,1878,216,5:00,4:08 min/km,1347,1348,,1593.0
2026,6047,EY BIL SKYE,EY,6,Lille Besserud,Marte Moe,35:06,4:55 min/km,2319,2320,296,8:34,6:51 min/km,2779,2780,,2106.0
2026,6047,EY BIL SKYE,EY,7,Besserud,Alexander Lu,46:56,5:16 min/km,2397,2401,291,11:50,6:42 min/km,2575,2580,,2816.0
2026,6047,EY BIL SKYE,EY,8,Utforetappen,Amira M Alkaoui,54:13,5:05 min/km,2282,2286,260,7:18,4:06 min/km,2003,2007,,3253.0
2026,6047,EY BIL SKYE,EY,9,Gressbanen,Karoline K Wråli,56:34,5:00 min/km,2210,2213,246,2:21,3:45 min/km,1159,1161,,3394.0
2026,6047,EY BIL SKYE,EY,10,Den lange,Ludvig Oftedal Vinje,1:08:57,4:52 min/km,1977,1982,204,12:24,4:20 min/km,1808,1812,,4137.0
2026,6047,EY BIL SKYE,EY,11,Frognerparken,Endre Buland,1:15:06,4:47 min/km,1780,1784,164,6:09,4:03 min/km,949,950,,4506.0
2026,6047,EY BIL SKYE,EY,12,Dumpa,Lena Døsvik,1:16:33,4:47 min/km,1746,1751,162,1:28,4:09 min/km,1350,1354,,4593.0
2026,6047,EY BIL SKYE,EY,13,Trappa,Nina Bjærum,1:22:04,4:48 min/km,1684,1687,152,5:31,5:07 min/km,1664,1666,,4924.0
2026,6047,EY BIL SKYE,EY,14,Sjarmøren,Kristine Støten,1:25:14,4:47 min/km,1621,1623,140,3:11,4:28 min/km,1388,1389,,5114.0
2026,6047,EY BIL SKYE,EY,15,Bislett Stadion,Maria Bakken,1:27:19,4:46 min/km,1585,1592,134,2:05,3:54 min/km,1109,1110,,5239.0
2026,6081,EY BIL Assurance Advisory 4,EY,1,St. Hanshaugen,,4:58,4:31 min/km,2528,2528,387,4:58,4:31 min/km,2528,2528,,298.0
2026,6081,EY BIL Assurance Advisory 4,EY,2,Norabakken,,10:21,4:46 min/km,2603,2603,376,5:23,5:01 min/km,2605,2606,,621.0
2026,6081,EY BIL Assurance Advisory 4,EY,3,Blåsen,,12:40,4:35 min/km,2224,2225,298,2:20,3:54 min/km,1102,1104,,760.0
2026,6081,EY BIL Assurance Advisory 4,EY,4,Berg og dal,,22:14,4:45 min/km,2390,2395,315,9:35,5:00 min/km,2480,2485,,1334.0
2026,6081,EY BIL Assurance Advisory 4,EY,5,Forskningsparken,,27:57,4:45 min/km,2316,2318,292,5:43,4:43 min/km,2267,2268,,1677.0
2026,6081,EY BIL Assurance Advisory 4,EY,6,Lille Besserud,,33:19,4:40 min/km,1896,1897,223,5:22,4:18 min/km,596,596,,1999.0
2026,6081,EY BIL Assurance Advisory 4,EY,7,Besserud,,42:04,4:44 min/km,1715,1719,185,8:46,4:57 min/km,1533,1536,,2524.0
2026,6081,EY BIL Assurance Advisory 4,EY,8,Utforetappen,,50:10,4:42 min/km,1867,1871,202,8:06,4:33 min/km,2347,2351,,3010.0
2026,6081,EY BIL Assurance Advisory 4,EY,9,Gressbanen,,52:50,4:40 min/km,1834,1836,192,2:41,4:17 min/km,1817,1820,,3170.0
2026,6081,EY BIL Assurance Advisory 4,EY,10,Den lange,,1:07:47,4:47 min/km,1899,1904,192,14:57,5:14 min/km,2212,2216,,4067.0
2026,6081,EY BIL Assurance Advisory 4,EY,11,Frognerparken,,1:15:57,4:51 min/km,1831,1835,168,8:10,5:23 min/km,1978,1982,,4557.0
2026,6081,EY BIL Assurance Advisory 4,EY,12,Dumpa,,1:17:17,4:49 min/km,1791,1796,165,1:21,3:49 min/km,1070,1074,,4637.0
2026,6081,EY BIL Assurance Advisory 4,EY,13,Trappa,,1:23:06,4:52 min/km,1728,1731,158,5:50,5:24 min/km,1774,1777,,4986.0
2026,6081,EY BIL Assurance Advisory 4,EY,14,Sjarmøren,,1:25:30,4:48 min/km,1629,1631,143,2:25,3:24 min/km,383,383,,5130.0
2026,6081,EY BIL Assurance Advisory 4,EY,15,Bislett Stadion,,1:27:44,4:47 min/km,1602,1609,137,2:14,4:10 min/km,1317,1320,,5264.0
2026,6056,EY BIL Talent,EY,1,St. Hanshaugen,,5:33,5:03 min/km,3144,3150,517,5:33,5:03 min/km,3146,3152,,333.0
2026,6056,EY BIL Talent,EY,2,Norabakken,,11:22,5:14 min/km,3103,3107,490,5:49,5:26 min/km,2970,2972,,682.0
2026,6056,EY BIL Talent,EY,3,Blåsen,,14:16,5:10 min/km,3032,3033,467,2:54,4:53 min/km,2539,2542,,856.0
2026,6056,EY BIL Talent,EY,4,Berg og dal,,26:35,5:41 min/km,3084,3089,454,12:20,6:26 min/km,3086,3091,,1595.0
2026,6056,EY BIL Talent,EY,5,Forskningsparken,,33:01,5:36 min/km,2952,2955,409,6:26,5:19 min/km,2747,2749,,1981.0
2026,6056,EY BIL Talent,EY,6,Lille Besserud,,38:28,5:23 min/km,2719,2721,366,5:28,4:22 min/km,701,701,,2308.0
2026,6056,EY BIL Talent,EY,7,Besserud,,47:09,5:18 min/km,2413,2417,293,8:41,4:55 min/km,1482,1485,,2829.0
2026,6056,EY BIL Talent,EY,8,Utforetappen,,54:52,5:08 min/km,2326,2330,266,7:43,4:20 min/km,2231,2235,,3292.0
2026,6056,EY BIL Talent,EY,9,Gressbanen,,58:02,5:08 min/km,2297,2300,264,3:10,5:04 min/km,2253,2256,,3482.0
2026,6056,EY BIL Talent,EY,10,Den lange,,1:10:12,4:58 min/km,2048,2053,217,12:11,4:16 min/km,1755,1759,,4212.0
2026,6056,EY BIL Talent,EY,11,Frognerparken,,1:19:13,5:03 min/km,1970,1974,188,9:02,5:57 min/km,2112,2117,,4753.0
2026,6056,EY BIL Talent,EY,12,Dumpa,,1:21:14,5:04 min/km,1947,1952,189,2:01,5:44 min/km,2015,2022,,4874.0
2026,6056,EY BIL Talent,EY,13,Trappa,,1:26:05,5:02 min/km,1843,1846,175,4:52,4:30 min/km,1267,1269,,5165.0
2026,6056,EY BIL Talent,EY,14,Sjarmøren,,1:29:29,5:01 min/km,1778,1781,162,3:24,4:47 min/km,1577,1578,,5369.0
2026,6056,EY BIL Talent,EY,15,Bislett Stadion,,1:31:26,4:59 min/km,1726,1733,153,1:58,3:40 min/km,911,912,,5486.0
